timestamp,fraction,forecast,planned_forecast,actual,outgoing,incoming,simulated_actual,share_violation
2021-08-01 00:00:00,0.0,24.0,24.0,21.0,0.0,0.0,21.0,0.0
2021-08-01 01:00:00,0.0,25.0,25.0,23.0,0.0,0.0,23.0,0.0
2021-08-01 02:00:00,0.0,25.0,25.0,21.0,0.0,0.0,21.0,0.0
2021-08-01 03:00:00,0.0,24.0,24.0,21.0,0.0,0.0,21.0,0.0
2021-08-01 04:00:00,0.0,24.0,24.0,22.0,0.0,0.0,22.0,0.0
2021-08-01 05:00:00,0.0,26.0,26.0,22.0,0.0,0.0,22.0,0.0
2021-08-01 06:00:00,0.0,24.0,24.0,20.0,0.0,0.0,20.0,0.0
2021-08-01 07:00:00,0.0,24.0,24.0,20.0,0.0,0.0,20.0,0.0
2021-08-01 08:00:00,0.0,24.0,24.0,23.0,0.0,0.0,23.0,0.0
2021-08-01 09:00:00,0.0,26.0,26.0,22.0,0.0,0.0,22.0,0.0
2021-08-01 10:00:00,0.0,24.0,24.0,21.0,0.0,0.0,21.0,0.0
2021-08-01 11:00:00,0.0,24.0,24.0,21.0,0.0,0.0,21.0,0.0
2021-08-01 12:00:00,0.0,26.0,26.0,23.0,0.0,0.0,23.0,0.0
2021-08-01 13:00:00,0.0,24.0,24.0,21.0,0.0,0.0,21.0,0.0
2021-08-01 14:00:00,0.0,24.0,24.0,21.0,0.0,0.0,21.0,0.0
2021-08-01 15:00:00,0.0,25.0,25.0,22.0,0.0,0.0,22.0,0.0
2021-08-01 16:00:00,0.0,26.0,26.0,23.0,0.0,0.0,23.0,0.0
2021-08-01 17:00:00,0.0,24.0,24.0,21.0,0.0,0.0,21.0,0.0
2021-08-01 18:00:00,0.0,23.0,23.0,20.0,0.0,0.0,20.0,0.0
2021-08-01 19:00:00,0.0,25.0,25.0,21.0,0.0,0.0,21.0,0.0
2021-08-01 20:00:00,0.0,24.0,24.0,23.0,0.0,0.0,23.0,0.0
2021-08-01 21:00:00,0.0,24.0,24.0,22.0,0.0,0.0,22.0,0.0
2021-08-01 22:00:00,0.0,24.0,24.0,22.0,0.0,0.0,22.0,0.0
2021-08-01 23:00:00,0.0,26.0,26.0,22.0,0.0,0.0,22.0,0.0
2021-08-01 00:00:00,0.05,24.0,24.0,21.0,0.0,0.0,21.0,0.0
2021-08-01 01:00:00,0.05,25.0,25.0,23.0,0.0,0.0,23.0,0.0
2021-08-01 02:00:00,0.05,25.0,25.0,21.0,0.0,0.0,21.0,0.0
2021-08-01 03:00:00,0.05,24.0,24.0,21.0,0.0,0.0,21.0,0.0
2021-08-01 04:00:00,0.05,24.0,24.0,22.0,0.0,0.0,22.0,0.0
2021-08-01 05:00:00,0.05,26.0,26.0,22.0,0.0,0.0,22.0,0.0
2021-08-01 06:00:00,0.05,24.0,24.0,20.0,0.0,0.0,20.0,0.0
2021-08-01 07:00:00,0.05,24.0,24.0,20.0,0.0,0.0,20.0,0.0
2021-08-01 08:00:00,0.05,24.0,24.0,23.0,0.0,0.0,23.0,0.0
2021-08-01 09:00:00,0.05,26.0,26.0,22.0,0.0,0.0,22.0,0.0
2021-08-01 10:00:00,0.05,24.0,24.0,21.0,0.0,0.0,21.0,0.0
2021-08-01 11:00:00,0.05,24.0,24.0,21.0,0.0,0.0,21.0,0.0
2021-08-01 12:00:00,0.05,26.0,26.0,23.0,0.0,0.0,23.0,0.0
2021-08-01 13:00:00,0.05,24.0,24.0,21.0,0.0,0.0,21.0,0.0
2021-08-01 14:00:00,0.05,24.0,24.0,21.0,0.0,0.0,21.0,0.0
2021-08-01 15:00:00,0.05,25.0,25.0,22.0,0.0,0.0,22.0,0.0
2021-08-01 16:00:00,0.05,26.0,26.0,23.0,0.0,0.0,23.0,0.0
2021-08-01 17:00:00,0.05,24.0,24.0,21.0,0.0,0.0,21.0,0.0
2021-08-01 18:00:00,0.05,23.0,23.0,20.0,0.0,0.0,20.0,0.0
2021-08-01 19:00:00,0.05,25.0,25.0,21.0,0.0,0.0,21.0,0.0
2021-08-01 20:00:00,0.05,24.0,24.0,23.0,0.0,0.0,23.0,0.0
2021-08-01 21:00:00,0.05,24.0,24.0,22.0,0.0,0.0,22.0,0.0
2021-08-01 22:00:00,0.05,24.0,24.0,22.0,0.0,0.0,22.0,0.0
2021-08-01 23:00:00,0.05,26.0,26.0,22.0,0.0,0.0,22.0,0.0
2021-08-01 00:00:00,0.1,24.0,24.0,21.0,0.0,0.0,21.0,0.0
2021-08-01 01:00:00,0.1,25.0,25.0,23.0,0.0,0.0,23.0,0.0
2021-08-01 02:00:00,0.1,25.0,25.0,21.0,0.0,0.0,21.0,0.0
2021-08-01 03:00:00,0.1,24.0,24.0,21.0,0.0,0.0,21.0,0.0
2021-08-01 04:00:00,0.1,24.0,24.0,22.0,0.0,0.0,22.0,0.0
2021-08-01 05:00:00,0.1,26.0,26.0,22.0,0.0,0.0,22.0,0.0
2021-08-01 06:00:00,0.1,24.0,24.0,20.0,0.0,0.0,20.0,0.0
2021-08-01 07:00:00,0.1,24.0,24.0,20.0,0.0,0.0,20.0,0.0
2021-08-01 08:00:00,0.1,24.0,24.0,23.0,0.0,0.0,23.0,0.0
2021-08-01 09:00:00,0.1,26.0,26.0,22.0,0.0,0.0,22.0,0.0
2021-08-01 10:00:00,0.1,24.0,24.0,21.0,0.0,0.0,21.0,0.0
2021-08-01 11:00:00,0.1,24.0,24.0,21.0,0.0,0.0,21.0,0.0
2021-08-01 12:00:00,0.1,26.0,26.0,23.0,0.0,0.0,23.0,0.0
2021-08-01 13:00:00,0.1,24.0,24.0,21.0,0.0,0.0,21.0,0.0
2021-08-01 14:00:00,0.1,24.0,24.0,21.0,0.0,0.0,21.0,0.0
2021-08-01 15:00:00,0.1,25.0,25.0,22.0,0.0,0.0,22.0,0.0
2021-08-01 16:00:00,0.1,26.0,26.0,23.0,0.0,0.0,23.0,0.0
2021-08-01 17:00:00,0.1,24.0,24.0,21.0,0.0,0.0,21.0,0.0
2021-08-01 18:00:00,0.1,23.0,23.0,20.0,0.0,0.0,20.0,0.0
2021-08-01 19:00:00,0.1,25.0,25.0,21.0,0.0,0.0,21.0,0.0
2021-08-01 20:00:00,0.1,24.0,24.0,23.0,0.0,0.0,23.0,0.0
2021-08-01 21:00:00,0.1,24.0,24.0,22.0,0.0,0.0,22.0,0.0
2021-08-01 22:00:00,0.1,24.0,24.0,22.0,0.0,0.0,22.0,0.0
2021-08-01 23:00:00,0.1,26.0,26.0,22.0,0.0,0.0,22.0,0.0
2021-08-01 00:00:00,0.2,24.0,24.0,21.0,0.0,0.0,21.0,0.0
2021-08-01 01:00:00,0.2,25.0,25.0,23.0,0.0,0.0,23.0,0.0
2021-08-01 02:00:00,0.2,25.0,25.0,21.0,0.0,0.0,21.0,0.0
2021-08-01 03:00:00,0.2,24.0,24.0,21.0,0.0,0.0,21.0,0.0
2021-08-01 04:00:00,0.2,24.0,24.0,22.0,0.0,0.0,22.0,0.0
2021-08-01 05:00:00,0.2,26.0,26.0,22.0,0.0,0.0,22.0,0.0
2021-08-01 06:00:00,0.2,24.0,24.0,20.0,0.0,0.0,20.0,0.0
2021-08-01 07:00:00,0.2,24.0,24.0,20.0,0.0,0.0,20.0,0.0
2021-08-01 08:00:00,0.2,24.0,24.0,23.0,0.0,0.0,23.0,0.0
2021-08-01 09:00:00,0.2,26.0,26.0,22.0,0.0,0.0,22.0,0.0
2021-08-01 10:00:00,0.2,24.0,24.0,21.0,0.0,0.0,21.0,0.0
2021-08-01 11:00:00,0.2,24.0,24.0,21.0,0.0,0.0,21.0,0.0
2021-08-01 12:00:00,0.2,26.0,26.0,23.0,0.0,0.0,23.0,0.0
2021-08-01 13:00:00,0.2,24.0,24.0,21.0,0.0,0.0,21.0,0.0
2021-08-01 14:00:00,0.2,24.0,24.0,21.0,0.0,0.0,21.0,0.0
2021-08-01 15:00:00,0.2,25.0,25.0,22.0,0.0,0.0,22.0,0.0
2021-08-01 16:00:00,0.2,26.0,26.0,23.0,0.0,0.0,23.0,0.0
2021-08-01 17:00:00,0.2,24.0,24.0,21.0,0.0,0.0,21.0,0.0
2021-08-01 18:00:00,0.2,23.0,23.0,20.0,0.0,0.0,20.0,0.0
2021-08-01 19:00:00,0.2,25.0,25.0,21.0,0.0,0.0,21.0,0.0
2021-08-01 20:00:00,0.2,24.0,24.0,23.0,0.0,0.0,23.0,0.0
2021-08-01 21:00:00,0.2,24.0,24.0,22.0,0.0,0.0,22.0,0.0
2021-08-01 22:00:00,0.2,24.0,24.0,22.0,0.0,0.0,22.0,0.0
2021-08-01 23:00:00,0.2,26.0,26.0,22.0,0.0,0.0,22.0,0.0
2021-08-02 00:00:00,0.0,24.0,24.0,21.0,0.0,0.0,21.0,0.0
2021-08-02 01:00:00,0.0,24.0,24.0,21.0,0.0,0.0,21.0,0.0
2021-08-02 02:00:00,0.0,25.0,25.0,21.0,0.0,0.0,21.0,0.0
2021-08-02 03:00:00,0.0,25.0,25.0,23.0,0.0,0.0,23.0,0.0
2021-08-02 04:00:00,0.0,24.0,24.0,21.0,0.0,0.0,21.0,0.0
2021-08-02 05:00:00,0.0,24.0,24.0,21.0,0.0,0.0,21.0,0.0
2021-08-02 06:00:00,0.0,26.0,26.0,22.0,0.0,0.0,22.0,0.0
2021-08-02 07:00:00,0.0,71.0,71.0,21.0,0.0,0.0,21.0,0.0
2021-08-02 08:00:00,0.0,198.0,198.0,20.0,0.0,0.0,20.0,0.0
2021-08-02 09:00:00,0.0,184.0,184.0,21.0,0.0,0.0,21.0,0.0
2021-08-02 10:00:00,0.0,185.0,185.0,22.0,0.0,0.0,22.0,0.0
2021-08-02 11:00:00,0.0,190.0,190.0,21.0,0.0,0.0,21.0,0.0
2021-08-02 12:00:00,0.0,113.0,113.0,21.0,0.0,0.0,21.0,0.0
2021-08-02 13:00:00,0.0,169.0,169.0,22.0,0.0,0.0,22.0,0.0
2021-08-02 14:00:00,0.0,186.0,186.0,23.0,0.0,0.0,23.0,0.0
2021-08-02 15:00:00,0.0,158.0,158.0,21.0,0.0,0.0,21.0,0.0
2021-08-02 16:00:00,0.0,169.0,169.0,21.0,0.0,0.0,21.0,0.0
2021-08-02 17:00:00,0.0,136.0,136.0,22.0,0.0,0.0,22.0,0.0
2021-08-02 18:00:00,0.0,175.0,175.0,22.0,0.0,0.0,22.0,0.0
2021-08-02 19:00:00,0.0,157.0,157.0,21.0,0.0,0.0,21.0,0.0
2021-08-02 20:00:00,0.0,102.0,102.0,22.0,0.0,0.0,22.0,0.0
2021-08-02 21:00:00,0.0,110.0,110.0,22.0,0.0,0.0,22.0,0.0
2021-08-02 22:00:00,0.0,110.0,110.0,22.0,0.0,0.0,22.0,0.0
2021-08-02 23:00:00,0.0,95.0,95.0,21.0,0.0,0.0,21.0,0.0
2021-08-02 00:00:00,0.05,24.0,24.0,21.0,0.0,0.0,21.0,0.0
2021-08-02 01:00:00,0.05,24.0,24.0,21.0,0.0,0.0,21.0,0.0
2021-08-02 02:00:00,0.05,25.0,25.0,21.0,0.0,0.0,21.0,0.0
2021-08-02 03:00:00,0.05,25.0,25.0,23.0,0.0,0.0,23.0,0.0
2021-08-02 04:00:00,0.05,24.0,24.0,21.0,0.0,0.0,21.0,0.0
2021-08-02 05:00:00,0.05,24.0,24.0,21.0,0.0,0.0,21.0,0.0
2021-08-02 06:00:00,0.05,26.0,26.0,22.0,0.0,0.0,22.0,0.0
2021-08-02 07:00:00,0.05,71.0,73.69999970000003,21.0,0.0,2.699999700000035,23.699999700000035,0.0
2021-08-02 08:00:00,0.05,198.0,188.1000001,20.0,9.899999900000012,0.0,10.100000099999988,8.899999900000012
2021-08-02 09:00:00,0.05,184.0,188.1000001,21.0,0.0,4.100000099999988,25.10000009999999,0.0
2021-08-02 10:00:00,0.05,185.0,188.1000001,22.0,0.0,3.1000000999999884,25.10000009999999,0.0
2021-08-02 11:00:00,0.05,190.0,188.1000001,21.0,1.8999999000000116,0.0,19.10000009999999,0.8499999000000116
2021-08-02 12:00:00,0.05,113.0,114.89999990000001,21.0,0.0,1.8999999000000116,22.89999990000001,0.0
2021-08-02 13:00:00,0.05,169.0,169.0,22.0,0.0,0.0,22.0,0.0
2021-08-02 14:00:00,0.05,186.0,186.0,23.0,0.0,0.0,23.0,0.0
2021-08-02 15:00:00,0.05,158.0,158.0,21.0,0.0,0.0,21.0,0.0
2021-08-02 16:00:00,0.05,169.0,169.0,21.0,0.0,0.0,21.0,0.0
2021-08-02 17:00:00,0.05,136.0,136.0,22.0,0.0,0.0,22.0,0.0
2021-08-02 18:00:00,0.05,175.0,175.0,22.0,0.0,0.0,22.0,0.0
2021-08-02 19:00:00,0.05,157.0,157.0,21.0,0.0,0.0,21.0,0.0
2021-08-02 20:00:00,0.05,102.0,102.0,22.0,0.0,0.0,22.0,0.0
2021-08-02 21:00:00,0.05,110.0,110.0,22.0,0.0,0.0,22.0,0.0
2021-08-02 22:00:00,0.05,110.0,110.0,22.0,0.0,0.0,22.0,0.0
2021-08-02 23:00:00,0.05,95.0,95.0,21.0,0.0,0.0,21.0,0.0
2021-08-02 00:00:00,0.1,24.0,24.0,21.0,0.0,0.0,21.0,0.0
2021-08-02 01:00:00,0.1,24.0,24.0,21.0,0.0,0.0,21.0,0.0
2021-08-02 02:00:00,0.1,25.0,25.0,21.0,0.0,0.0,21.0,0.0
2021-08-02 03:00:00,0.1,25.0,25.0,23.0,0.0,0.0,23.0,0.0
2021-08-02 04:00:00,0.1,24.0,24.0,21.0,0.0,0.0,21.0,0.0
2021-08-02 05:00:00,0.1,24.0,24.0,21.0,0.0,0.0,21.0,0.0
2021-08-02 06:00:00,0.1,26.0,26.0,22.0,0.0,0.0,22.0,0.0
2021-08-02 07:00:00,0.1,71.0,90.8,21.0,0.0,19.8,40.8,0.0
2021-08-02 08:00:00,0.1,198.0,178.20000009999998,20.0,19.799999900000017,0.0,0.2000000999999827,17.799999900000017
2021-08-02 09:00:00,0.1,184.0,178.20000009999998,21.0,5.799999900000017,0.0,15.200000099999983,3.699999900000017
2021-08-02 10:00:00,0.1,185.0,178.20000009999998,22.0,12.599999700000051,5.799999800000034,15.200000099999983,10.399999700000052
2021-08-02 11:00:00,0.1,190.0,178.20000009999998,21.0,11.799999900000017,0.0,9.200000099999983,9.699999900000018
2021-08-02 12:00:00,0.1,113.0,128.19999950000008,21.0,0.0,15.199999500000086,36.19999950000009,0.0
2021-08-02 13:00:00,0.1,169.0,178.20000009999998,22.0,0.0,9.200000099999983,31.200000099999983,0.0
2021-08-02 14:00:00,0.1,186.0,178.20000009999998,23.0,7.799999900000017,0.0,15.200000099999983,5.499999900000017
2021-08-02 15:00:00,0.1,158.0,165.79999990000002,21.0,0.0,7.799999900000017,28.799999900000017,0.0
2021-08-02 16:00:00,0.1,169.0,169.0,21.0,0.0,0.0,21.0,0.0
2021-08-02 17:00:00,0.1,136.0,136.0,22.0,0.0,0.0,22.0,0.0
2021-08-02 18:00:00,0.1,175.0,175.0,22.0,0.0,0.0,22.0,0.0
2021-08-02 19:00:00,0.1,157.0,157.0,21.0,0.0,0.0,21.0,0.0
2021-08-02 20:00:00,0.1,102.0,102.0,22.0,0.0,0.0,22.0,0.0
2021-08-02 21:00:00,0.1,110.0,110.0,22.0,0.0,0.0,22.0,0.0
2021-08-02 22:00:00,0.1,110.0,110.0,22.0,0.0,0.0,22.0,0.0
2021-08-02 23:00:00,0.1,95.0,95.0,21.0,0.0,0.0,21.0,0.0
2021-08-02 00:00:00,0.2,24.0,24.0,21.0,0.0,0.0,21.0,0.0
2021-08-02 01:00:00,0.2,24.0,24.0,21.0,0.0,0.0,21.0,0.0
2021-08-02 02:00:00,0.2,25.0,25.0,21.0,0.0,0.0,21.0,0.0
2021-08-02 03:00:00,0.2,25.0,25.0,23.0,0.0,0.0,23.0,0.0
2021-08-02 04:00:00,0.2,24.0,24.0,21.0,0.0,0.0,21.0,0.0
2021-08-02 05:00:00,0.2,24.0,24.0,21.0,0.0,0.0,21.0,0.0
2021-08-02 06:00:00,0.2,26.0,26.0,22.0,0.0,0.0,22.0,0.0
2021-08-02 07:00:00,0.2,71.0,90.8,21.0,0.0,19.8,40.8,0.0
2021-08-02 08:00:00,0.2,198.0,174.40000009999997,20.0,23.59999990000003,0.0,-3.5999999000000287,19.59999990000003
2021-08-02 09:00:00,0.2,184.0,174.40000009999997,21.0,9.599999900000029,0.0,11.400000099999971,5.3999999000000285
2021-08-02 10:00:00,0.2,185.0,174.40000009999997,22.0,19.8,9.200000099999972,11.400000099999971,15.4
2021-08-02 11:00:00,0.2,190.0,174.40000009999997,21.0,19.799999600000113,4.199999700000085,5.400000099999971,15.599999600000114
2021-08-02 12:00:00,0.2,113.0,132.8,21.0,0.0,19.8,40.8,0.0
2021-08-02 13:00:00,0.2,169.0,174.40000009999997,22.0,14.399999500000142,19.799999600000113,27.40000009999997,9.999999500000142
2021-08-02 14:00:00,0.2,186.0,174.40000009999997,23.0,11.599999900000029,0.0,11.400000099999971,6.999999900000028
2021-08-02 15:00:00,0.2,158.0,174.40000009999997,21.0,3.3999999000000294,19.8,37.40000009999997,0.0
2021-08-02 16:00:00,0.2,169.0,174.40000009999997,21.0,0.7999993000001986,6.19999940000017,26.40000009999997,0.0
2021-08-02 17:00:00,0.2,136.0,140.79999910000026,22.0,0.0,4.799999100000257,26.799999100000257,0.0
2021-08-02 18:00:00,0.2,175.0,174.40000009999997,22.0,0.5999999000000287,0.0,21.40000009999997,0.0
2021-08-02 19:00:00,0.2,157.0,157.0,21.0,0.0,0.0,21.0,0.0
2021-08-02 20:00:00,0.2,102.0,102.0,22.0,0.0,0.0,22.0,0.0
2021-08-02 21:00:00,0.2,110.0,110.0,22.0,0.0,0.0,22.0,0.0
2021-08-02 22:00:00,0.2,110.0,110.0,22.0,0.0,0.0,22.0,0.0
2021-08-02 23:00:00,0.2,95.0,95.0,21.0,0.0,0.0,21.0,0.0
2021-08-03 00:00:00,0.0,68.0,68.0,21.0,0.0,0.0,21.0,0.0
2021-08-03 01:00:00,0.0,102.0,102.0,23.0,0.0,0.0,23.0,0.0
2021-08-03 02:00:00,0.0,115.0,115.0,21.0,0.0,0.0,21.0,0.0
2021-08-03 03:00:00,0.0,105.0,105.0,21.0,0.0,0.0,21.0,0.0
2021-08-03 04:00:00,0.0,108.0,108.0,21.0,0.0,0.0,21.0,0.0
2021-08-03 05:00:00,0.0,89.0,89.0,22.0,0.0,0.0,22.0,0.0
2021-08-03 06:00:00,0.0,105.0,105.0,21.0,0.0,0.0,21.0,0.0
2021-08-03 07:00:00,0.0,134.0,134.0,20.0,0.0,0.0,20.0,0.0
2021-08-03 08:00:00,0.0,194.0,194.0,22.0,0.0,0.0,22.0,0.0
2021-08-03 09:00:00,0.0,181.0,181.0,21.0,0.0,0.0,21.0,0.0
2021-08-03 10:00:00,0.0,188.0,188.0,21.0,0.0,0.0,21.0,0.0
2021-08-03 11:00:00,0.0,207.0,207.0,22.0,0.0,0.0,22.0,0.0
2021-08-03 12:00:00,0.0,110.0,110.0,23.0,0.0,0.0,23.0,0.0
2021-08-03 13:00:00,0.0,182.0,182.0,21.0,0.0,0.0,21.0,0.0
2021-08-03 14:00:00,0.0,195.0,195.0,21.0,0.0,0.0,21.0,0.0
2021-08-03 15:00:00,0.0,179.0,179.0,23.0,0.0,0.0,23.0,0.0
2021-08-03 16:00:00,0.0,186.0,186.0,22.0,0.0,0.0,22.0,0.0
2021-08-03 17:00:00,0.0,159.0,159.0,21.0,0.0,0.0,21.0,0.0
2021-08-03 18:00:00,0.0,169.0,169.0,22.0,0.0,0.0,22.0,0.0
2021-08-03 19:00:00,0.0,169.0,169.0,23.0,0.0,0.0,23.0,0.0
2021-08-03 20:00:00,0.0,144.0,144.0,21.0,0.0,0.0,21.0,0.0
2021-08-03 21:00:00,0.0,144.0,144.0,22.0,0.0,0.0,22.0,0.0
2021-08-03 22:00:00,0.0,129.0,129.0,21.0,0.0,0.0,21.0,0.0
2021-08-03 23:00:00,0.0,122.0,122.0,23.0,0.0,0.0,23.0,0.0
2021-08-03 00:00:00,0.05,68.0,68.0,21.0,0.0,0.0,21.0,0.0
2021-08-03 01:00:00,0.05,102.0,102.0,23.0,0.0,0.0,23.0,0.0
2021-08-03 02:00:00,0.05,115.0,115.0,21.0,0.0,0.0,21.0,0.0
2021-08-03 03:00:00,0.05,105.0,105.0,21.0,0.0,0.0,21.0,0.0
2021-08-03 04:00:00,0.05,108.0,108.0,21.0,0.0,0.0,21.0,0.0
2021-08-03 05:00:00,0.05,89.0,89.0,22.0,0.0,0.0,22.0,0.0
2021-08-03 06:00:00,0.05,105.0,105.0,21.0,0.0,0.0,21.0,0.0
2021-08-03 07:00:00,0.05,134.0,134.0,20.0,0.0,0.0,20.0,0.0
2021-08-03 08:00:00,0.05,194.0,194.0,22.0,0.0,0.0,22.0,0.0
2021-08-03 09:00:00,0.05,181.0,181.0,21.0,0.0,0.0,21.0,0.0
2021-08-03 10:00:00,0.05,188.0,188.0,21.0,0.0,0.0,21.0,0.0
2021-08-03 11:00:00,0.05,207.0,196.6500001,22.0,10.3499999,0.0,11.6500001,9.2499999
2021-08-03 12:00:00,0.05,110.0,120.3499999,23.0,0.0,10.3499999,33.3499999,0.0
2021-08-03 13:00:00,0.05,182.0,182.0,21.0,0.0,0.0,21.0,0.0
2021-08-03 14:00:00,0.05,195.0,195.0,21.0,0.0,0.0,21.0,0.0
2021-08-03 15:00:00,0.05,179.0,179.0,23.0,0.0,0.0,23.0,0.0
2021-08-03 16:00:00,0.05,186.0,186.0,22.0,0.0,0.0,22.0,0.0
2021-08-03 17:00:00,0.05,159.0,159.0,21.0,0.0,0.0,21.0,0.0
2021-08-03 18:00:00,0.05,169.0,169.0,22.0,0.0,0.0,22.0,0.0
2021-08-03 19:00:00,0.05,169.0,169.0,23.0,0.0,0.0,23.0,0.0
2021-08-03 20:00:00,0.05,144.0,144.0,21.0,0.0,0.0,21.0,0.0
2021-08-03 21:00:00,0.05,144.0,144.0,22.0,0.0,0.0,22.0,0.0
2021-08-03 22:00:00,0.05,129.0,129.0,21.0,0.0,0.0,21.0,0.0
2021-08-03 23:00:00,0.05,122.0,122.0,23.0,0.0,0.0,23.0,0.0
2021-08-03 00:00:00,0.1,68.0,68.0,21.0,0.0,0.0,21.0,0.0
2021-08-03 01:00:00,0.1,102.0,102.0,23.0,0.0,0.0,23.0,0.0
2021-08-03 02:00:00,0.1,115.0,115.0,21.0,0.0,0.0,21.0,0.0
2021-08-03 03:00:00,0.1,105.0,105.0,21.0,0.0,0.0,21.0,0.0
2021-08-03 04:00:00,0.1,108.0,108.0,21.0,0.0,0.0,21.0,0.0
2021-08-03 05:00:00,0.1,89.0,89.0,22.0,0.0,0.0,22.0,0.0
2021-08-03 06:00:00,0.1,105.0,105.0,21.0,0.0,0.0,21.0,0.0
2021-08-03 07:00:00,0.1,134.0,141.6999999,20.0,0.0,7.699999899999995,27.699999899999995,0.0
2021-08-03 08:00:00,0.1,194.0,186.3000001,22.0,7.699999899999995,0.0,14.300000100000005,5.499999899999994
2021-08-03 09:00:00,0.1,181.0,186.3000001,21.0,0.0,5.300000100000005,26.300000100000005,0.0
2021-08-03 10:00:00,0.1,188.0,186.3000001,21.0,1.6999998999999946,0.0,19.300000100000005,0.0
2021-08-03 11:00:00,0.1,207.0,186.3000001,22.0,20.699999899999995,0.0,1.3000001000000054,18.499999899999995
2021-08-03 12:00:00,0.1,110.0,123.89999929999996,23.0,0.0,13.899999299999962,36.89999929999996,0.0
2021-08-03 13:00:00,0.1,182.0,186.3000001,21.0,0.0,4.300000100000005,25.300000100000005,0.0
2021-08-03 14:00:00,0.1,195.0,186.3000001,21.0,8.699999899999995,0.0,12.300000100000005,6.599999899999995
2021-08-03 15:00:00,0.1,179.0,186.3000001,23.0,0.0,7.300000100000005,30.300000100000005,0.0
2021-08-03 16:00:00,0.1,186.0,186.3000001,22.0,0.0,0.30000010000000543,22.300000100000005,0.0
2021-08-03 17:00:00,0.1,159.0,159.0,21.0,0.0,0.0,21.0,0.0
2021-08-03 18:00:00,0.1,169.0,169.0,22.0,0.0,0.0,22.0,0.0
2021-08-03 19:00:00,0.1,169.0,169.0,23.0,0.0,0.0,23.0,0.0
2021-08-03 20:00:00,0.1,144.0,144.0,21.0,0.0,0.0,21.0,0.0
2021-08-03 21:00:00,0.1,144.0,144.0,22.0,0.0,0.0,22.0,0.0
2021-08-03 22:00:00,0.1,129.0,129.0,21.0,0.0,0.0,21.0,0.0
2021-08-03 23:00:00,0.1,122.0,122.0,23.0,0.0,0.0,23.0,0.0
2021-08-03 00:00:00,0.2,68.0,68.0,21.0,0.0,0.0,21.0,0.0
2021-08-03 01:00:00,0.2,102.0,102.0,23.0,0.0,0.0,23.0,0.0
2021-08-03 02:00:00,0.2,115.0,115.0,21.0,0.0,0.0,21.0,0.0
2021-08-03 03:00:00,0.2,105.0,105.0,21.0,0.0,0.0,21.0,0.0
2021-08-03 04:00:00,0.2,108.0,108.0,21.0,0.0,0.0,21.0,0.0
2021-08-03 05:00:00,0.2,89.0,89.0,22.0,0.0,0.0,22.0,0.0
2021-08-03 06:00:00,0.2,105.0,105.0,21.0,0.0,0.0,21.0,0.0
2021-08-03 07:00:00,0.2,134.0,154.7,20.0,0.0,20.700000000000003,40.7,0.0
2021-08-03 08:00:00,0.2,194.0,178.87272737272727,22.0,15.127272627272731,0.0,6.872727372727269,10.72727262727273
2021-08-03 09:00:00,0.2,181.0,178.87272737272727,21.0,5.572727372727272,3.4454547454545406,18.87272737272727,1.3727273727272715
2021-08-03 10:00:00,0.2,188.0,178.87272737272727,21.0,9.127272627272731,0.0,11.872727372727269,4.927272627272731
2021-08-03 11:00:00,0.2,207.0,178.87272737272727,22.0,28.12727262727273,0.0,-6.127272627272731,23.727272627272733
2021-08-03 12:00:00,0.2,110.0,130.7,23.0,0.0,20.700000000000003,43.7,0.0
2021-08-03 13:00:00,0.2,182.0,178.87272737272727,21.0,16.23636313636365,13.109090509090919,17.87272737272727,12.03636313636365
2021-08-03 14:00:00,0.2,195.0,178.87272737272727,21.0,16.12727262727273,0.0,4.872727372727269,11.927272627272732
2021-08-03 15:00:00,0.2,179.0,178.87272737272727,23.0,20.700000000000003,20.57272737272727,22.87272737272727,16.1
2021-08-03 16:00:00,0.2,186.0,178.87272737272727,22.0,18.91818101818184,11.79090839090911,14.872727372727269,14.51818101818184
2021-08-03 17:00:00,0.2,159.0,178.87272737272727,21.0,0.827272627272734,20.700000000000003,40.87272737272727,0.0
2021-08-03 18:00:00,0.2,169.0,178.87272737272727,22.0,9.045453645454572,18.91818101818184,31.87272737272727,4.645453645454571
2021-08-03 19:00:00,0.2,169.0,178.8727262727273,23.0,0.0,9.872726272727306,32.872726272727306,0.0
2021-08-03 20:00:00,0.2,144.0,144.0,21.0,0.0,0.0,21.0,0.0
2021-08-03 21:00:00,0.2,144.0,144.0,22.0,0.0,0.0,22.0,0.0
2021-08-03 22:00:00,0.2,129.0,129.0,21.0,0.0,0.0,21.0,0.0
2021-08-03 23:00:00,0.2,122.0,122.0,23.0,0.0,0.0,23.0,0.0
2021-08-04 00:00:00,0.0,88.0,88.0,21.0,0.0,0.0,21.0,0.0
2021-08-04 01:00:00,0.0,121.0,121.0,21.0,0.0,0.0,21.0,0.0
2021-08-04 02:00:00,0.0,119.0,119.0,20.0,0.0,0.0,20.0,0.0
2021-08-04 03:00:00,0.0,122.0,122.0,22.0,0.0,0.0,22.0,0.0
2021-08-04 04:00:00,0.0,119.0,119.0,21.0,0.0,0.0,21.0,0.0
2021-08-04 05:00:00,0.0,105.0,105.0,21.0,0.0,0.0,21.0,0.0
2021-08-04 06:00:00,0.0,124.0,124.0,23.0,0.0,0.0,23.0,0.0
2021-08-04 07:00:00,0.0,156.0,156.0,20.0,0.0,0.0,20.0,0.0
2021-08-04 08:00:00,0.0,198.0,198.0,21.0,0.0,0.0,21.0,0.0
2021-08-04 09:00:00,0.0,198.0,198.0,21.0,0.0,0.0,21.0,0.0
2021-08-04 10:00:00,0.0,188.0,188.0,22.0,0.0,0.0,22.0,0.0
2021-08-04 11:00:00,0.0,208.0,208.0,21.0,0.0,0.0,21.0,0.0
2021-08-04 12:00:00,0.0,121.0,121.0,21.0,0.0,0.0,21.0,0.0
2021-08-04 13:00:00,0.0,194.0,194.0,22.0,0.0,0.0,22.0,0.0
2021-08-04 14:00:00,0.0,196.0,196.0,22.0,0.0,0.0,22.0,0.0
2021-08-04 15:00:00,0.0,161.0,161.0,22.0,0.0,0.0,22.0,0.0
2021-08-04 16:00:00,0.0,174.0,174.0,21.0,0.0,0.0,21.0,0.0
2021-08-04 17:00:00,0.0,147.0,147.0,23.0,0.0,0.0,23.0,0.0
2021-08-04 18:00:00,0.0,183.0,183.0,21.0,0.0,0.0,21.0,0.0
2021-08-04 19:00:00,0.0,151.0,151.0,21.0,0.0,0.0,21.0,0.0
2021-08-04 20:00:00,0.0,107.0,107.0,21.0,0.0,0.0,21.0,0.0
2021-08-04 21:00:00,0.0,110.0,110.0,23.0,0.0,0.0,23.0,0.0
2021-08-04 22:00:00,0.0,103.0,103.0,21.0,0.0,0.0,21.0,0.0
2021-08-04 23:00:00,0.0,103.0,103.0,21.0,0.0,0.0,21.0,0.0
2021-08-04 00:00:00,0.05,88.0,88.0,21.0,0.0,0.0,21.0,0.0
2021-08-04 01:00:00,0.05,121.0,121.0,21.0,0.0,0.0,21.0,0.0
2021-08-04 02:00:00,0.05,119.0,119.0,20.0,0.0,0.0,20.0,0.0
2021-08-04 03:00:00,0.05,122.0,122.0,22.0,0.0,0.0,22.0,0.0
2021-08-04 04:00:00,0.05,119.0,119.0,21.0,0.0,0.0,21.0,0.0
2021-08-04 05:00:00,0.05,105.0,105.0,21.0,0.0,0.0,21.0,0.0
2021-08-04 06:00:00,0.05,124.0,124.0,23.0,0.0,0.0,23.0,0.0
2021-08-04 07:00:00,0.05,156.0,156.0,20.0,0.0,0.0,20.0,0.0
2021-08-04 08:00:00,0.05,198.0,197.6000001,21.0,0.3999999000000116,0.0,20.60000009999999,0.0
2021-08-04 09:00:00,0.05,198.0,197.6000001,21.0,0.3999999000000116,0.0,20.60000009999999,0.0
2021-08-04 10:00:00,0.05,188.0,188.79999980000002,22.0,0.0,0.7999998000000232,22.799999800000023,0.0
2021-08-04 11:00:00,0.05,208.0,197.6000001,21.0,10.399999900000012,0.0,10.600000099999988,9.349999900000011
2021-08-04 12:00:00,0.05,121.0,131.3999999,21.0,0.0,10.399999900000012,31.39999990000001,0.0
2021-08-04 13:00:00,0.05,194.0,194.0,22.0,0.0,0.0,22.0,0.0
2021-08-04 14:00:00,0.05,196.0,196.0,22.0,0.0,0.0,22.0,0.0
2021-08-04 15:00:00,0.05,161.0,161.0,22.0,0.0,0.0,22.0,0.0
2021-08-04 16:00:00,0.05,174.0,174.0,21.0,0.0,0.0,21.0,0.0
2021-08-04 17:00:00,0.05,147.0,147.0,23.0,0.0,0.0,23.0,0.0
2021-08-04 18:00:00,0.05,183.0,183.0,21.0,0.0,0.0,21.0,0.0
2021-08-04 19:00:00,0.05,151.0,151.0,21.0,0.0,0.0,21.0,0.0
2021-08-04 20:00:00,0.05,107.0,107.0,21.0,0.0,0.0,21.0,0.0
2021-08-04 21:00:00,0.05,110.0,110.0,23.0,0.0,0.0,23.0,0.0
2021-08-04 22:00:00,0.05,103.0,103.0,21.0,0.0,0.0,21.0,0.0
2021-08-04 23:00:00,0.05,103.0,103.0,21.0,0.0,0.0,21.0,0.0
2021-08-04 00:00:00,0.1,88.0,88.0,21.0,0.0,0.0,21.0,0.0
2021-08-04 01:00:00,0.1,121.0,121.0,21.0,0.0,0.0,21.0,0.0
2021-08-04 02:00:00,0.1,119.0,119.0,20.0,0.0,0.0,20.0,0.0
2021-08-04 03:00:00,0.1,122.0,122.0,22.0,0.0,0.0,22.0,0.0
2021-08-04 04:00:00,0.1,119.0,119.0,21.0,0.0,0.0,21.0,0.0
2021-08-04 05:00:00,0.1,105.0,105.0,21.0,0.0,0.0,21.0,0.0
2021-08-04 06:00:00,0.1,124.0,124.0,23.0,0.0,0.0,23.0,0.0
2021-08-04 07:00:00,0.1,156.0,176.8,20.0,0.0,20.8,40.8,0.0
2021-08-04 08:00:00,0.1,198.0,187.20000009999998,21.0,10.799999900000017,0.0,10.200000099999983,8.699999900000018
2021-08-04 09:00:00,0.1,198.0,187.20000009999998,21.0,10.799999900000017,0.0,10.200000099999983,8.699999900000018
2021-08-04 10:00:00,0.1,188.0,187.20000009999998,22.0,1.5999997000000512,0.7999998000000339,21.200000099999983,0.0
2021-08-04 11:00:00,0.1,208.0,187.20000009999998,21.0,20.799999900000017,0.0,0.2000000999999827,18.699999900000016
2021-08-04 12:00:00,0.1,121.0,141.8,21.0,0.0,20.8,41.8,0.0
2021-08-04 13:00:00,0.1,194.0,187.20000009999998,22.0,8.399999500000085,1.5999996000000678,15.200000099999983,6.199999500000085
2021-08-04 14:00:00,0.1,196.0,187.20000009999998,22.0,8.799999900000017,0.0,13.200000099999983,6.599999900000017
2021-08-04 15:00:00,0.1,161.0,169.3999995000001,22.0,0.0,8.399999500000085,30.399999500000085,0.0
2021-08-04 16:00:00,0.1,174.0,182.79999990000002,21.0,0.0,8.799999900000017,29.799999900000017,0.0
2021-08-04 17:00:00,0.1,147.0,147.0,23.0,0.0,0.0,23.0,0.0
2021-08-04 18:00:00,0.1,183.0,183.0,21.0,0.0,0.0,21.0,0.0
2021-08-04 19:00:00,0.1,151.0,151.0,21.0,0.0,0.0,21.0,0.0
2021-08-04 20:00:00,0.1,107.0,107.0,21.0,0.0,0.0,21.0,0.0
2021-08-04 21:00:00,0.1,110.0,110.0,23.0,0.0,0.0,23.0,0.0
2021-08-04 22:00:00,0.1,103.0,103.0,21.0,0.0,0.0,21.0,0.0
2021-08-04 23:00:00,0.1,103.0,103.0,21.0,0.0,0.0,21.0,0.0
2021-08-04 00:00:00,0.2,88.0,88.0,21.0,0.0,0.0,21.0,0.0
2021-08-04 01:00:00,0.2,121.0,121.0,21.0,0.0,0.0,21.0,0.0
2021-08-04 02:00:00,0.2,119.0,119.0,20.0,0.0,0.0,20.0,0.0
2021-08-04 03:00:00,0.2,122.0,122.0,22.0,0.0,0.0,22.0,0.0
2021-08-04 04:00:00,0.2,119.0,119.0,21.0,0.0,0.0,21.0,0.0
2021-08-04 05:00:00,0.2,105.0,105.0,21.0,0.0,0.0,21.0,0.0
2021-08-04 06:00:00,0.2,124.0,124.0,23.0,0.0,0.0,23.0,0.0
2021-08-04 07:00:00,0.2,156.0,176.8,20.0,0.0,20.8,40.8,0.0
2021-08-04 08:00:00,0.2,198.0,183.13333343333332,21.0,14.86666656666668,0.0,6.13333343333332,10.666666566666681
2021-08-04 09:00:00,0.2,198.0,183.13333343333332,21.0,14.86666656666668,0.0,6.13333343333332,10.666666566666681
2021-08-04 10:00:00,0.2,188.0,183.13333343333332,22.0,13.79999970000004,8.93333313333336,17.13333343333332,9.39999970000004
2021-08-04 11:00:00,0.2,208.0,183.13333343333332,21.0,24.86666656666668,0.0,-3.86666656666668,20.66666656666668
2021-08-04 12:00:00,0.2,121.0,141.8,21.0,0.0,20.8,41.8,0.0
2021-08-04 13:00:00,0.2,194.0,183.13333343333332,22.0,28.7333328333334,17.86666626666672,11.13333343333332,24.3333328333334
2021-08-04 14:00:00,0.2,196.0,183.13333343333332,22.0,20.79999940000008,7.933332833333399,9.13333343333332,16.399999400000077
2021-08-04 15:00:00,0.2,161.0,181.8,22.0,0.0,20.8,42.8,0.0
2021-08-04 16:00:00,0.2,174.0,183.13333343333332,21.0,11.66666596666676,20.79999940000008,30.13333343333332,7.466665966666759
2021-08-04 17:00:00,0.2,147.0,158.53333253333344,23.0,0.0,11.53333253333344,34.533332533333436,0.0
2021-08-04 18:00:00,0.2,183.0,183.13333343333332,21.0,0.0,0.13333343333331982,21.13333343333332,0.0
2021-08-04 19:00:00,0.2,151.0,151.0,21.0,0.0,0.0,21.0,0.0
2021-08-04 20:00:00,0.2,107.0,107.0,21.0,0.0,0.0,21.0,0.0
2021-08-04 21:00:00,0.2,110.0,110.0,23.0,0.0,0.0,23.0,0.0
2021-08-04 22:00:00,0.2,103.0,103.0,21.0,0.0,0.0,21.0,0.0
2021-08-04 23:00:00,0.2,103.0,103.0,21.0,0.0,0.0,21.0,0.0
2021-08-05 00:00:00,0.0,68.0,68.0,21.0,0.0,0.0,21.0,0.0
2021-08-05 01:00:00,0.0,110.0,110.0,22.0,0.0,0.0,22.0,0.0
2021-08-05 02:00:00,0.0,111.0,111.0,21.0,0.0,0.0,21.0,0.0
2021-08-05 03:00:00,0.0,110.0,110.0,21.0,0.0,0.0,21.0,0.0
2021-08-05 04:00:00,0.0,111.0,111.0,22.0,0.0,0.0,22.0,0.0
2021-08-05 05:00:00,0.0,94.0,94.0,21.0,0.0,0.0,21.0,0.0
2021-08-05 06:00:00,0.0,116.0,116.0,21.0,0.0,0.0,21.0,0.0
2021-08-05 07:00:00,0.0,141.0,141.0,20.0,0.0,0.0,20.0,0.0
2021-08-05 08:00:00,0.0,192.0,192.0,22.0,0.0,0.0,22.0,0.0
2021-08-05 09:00:00,0.0,198.0,198.0,21.0,0.0,0.0,21.0,0.0
2021-08-05 10:00:00,0.0,187.0,187.0,21.0,0.0,0.0,21.0,0.0
2021-08-05 11:00:00,0.0,207.0,207.0,22.0,0.0,0.0,22.0,0.0
2021-08-05 12:00:00,0.0,112.0,112.0,22.0,0.0,0.0,22.0,0.0
2021-08-05 13:00:00,0.0,192.0,192.0,22.0,0.0,0.0,22.0,0.0
2021-08-05 14:00:00,0.0,187.0,187.0,21.0,0.0,0.0,21.0,0.0
2021-08-05 15:00:00,0.0,164.0,164.0,23.0,0.0,0.0,23.0,0.0
2021-08-05 16:00:00,0.0,166.0,166.0,22.0,0.0,0.0,22.0,0.0
2021-08-05 17:00:00,0.0,129.0,129.0,22.0,0.0,0.0,22.0,0.0
2021-08-05 18:00:00,0.0,174.0,174.0,21.0,0.0,0.0,21.0,0.0
2021-08-05 19:00:00,0.0,169.0,169.0,22.0,0.0,0.0,22.0,0.0
2021-08-05 20:00:00,0.0,128.0,128.0,21.0,0.0,0.0,21.0,0.0
2021-08-05 21:00:00,0.0,126.0,126.0,21.0,0.0,0.0,21.0,0.0
2021-08-05 22:00:00,0.0,122.0,122.0,22.0,0.0,0.0,22.0,0.0
2021-08-05 23:00:00,0.0,114.0,114.0,23.0,0.0,0.0,23.0,0.0
2021-08-05 00:00:00,0.05,68.0,68.0,21.0,0.0,0.0,21.0,0.0
2021-08-05 01:00:00,0.05,110.0,110.0,22.0,0.0,0.0,22.0,0.0
2021-08-05 02:00:00,0.05,111.0,111.0,21.0,0.0,0.0,21.0,0.0
2021-08-05 03:00:00,0.05,110.0,110.0,21.0,0.0,0.0,21.0,0.0
2021-08-05 04:00:00,0.05,111.0,111.0,22.0,0.0,0.0,22.0,0.0
2021-08-05 05:00:00,0.05,94.0,94.0,21.0,0.0,0.0,21.0,0.0
2021-08-05 06:00:00,0.05,116.0,116.0,21.0,0.0,0.0,21.0,0.0
2021-08-05 07:00:00,0.05,141.0,141.0,20.0,0.0,0.0,20.0,0.0
2021-08-05 08:00:00,0.05,192.0,193.3499999,22.0,0.0,1.3499999000000003,23.3499999,0.0
2021-08-05 09:00:00,0.05,198.0,196.6500001,21.0,1.3499999000000003,0.0,19.6500001,0.2999999000000002
2021-08-05 10:00:00,0.05,187.0,187.0,21.0,0.0,0.0,21.0,0.0
2021-08-05 11:00:00,0.05,207.0,196.6500001,22.0,10.3499999,0.0,11.6500001,9.2499999
2021-08-05 12:00:00,0.05,112.0,122.3499999,22.0,0.0,10.3499999,32.3499999,0.0
2021-08-05 13:00:00,0.05,192.0,192.0,22.0,0.0,0.0,22.0,0.0
2021-08-05 14:00:00,0.05,187.0,187.0,21.0,0.0,0.0,21.0,0.0
2021-08-05 15:00:00,0.05,164.0,164.0,23.0,0.0,0.0,23.0,0.0
2021-08-05 16:00:00,0.05,166.0,166.0,22.0,0.0,0.0,22.0,0.0
2021-08-05 17:00:00,0.05,129.0,129.0,22.0,0.0,0.0,22.0,0.0
2021-08-05 18:00:00,0.05,174.0,174.0,21.0,0.0,0.0,21.0,0.0
2021-08-05 19:00:00,0.05,169.0,169.0,22.0,0.0,0.0,22.0,0.0
2021-08-05 20:00:00,0.05,128.0,128.0,21.0,0.0,0.0,21.0,0.0
2021-08-05 21:00:00,0.05,126.0,126.0,21.0,0.0,0.0,21.0,0.0
2021-08-05 22:00:00,0.05,122.0,122.0,22.0,0.0,0.0,22.0,0.0
2021-08-05 23:00:00,0.05,114.0,114.0,23.0,0.0,0.0,23.0,0.0
2021-08-05 00:00:00,0.1,68.0,68.0,21.0,0.0,0.0,21.0,0.0
2021-08-05 01:00:00,0.1,110.0,110.0,22.0,0.0,0.0,22.0,0.0
2021-08-05 02:00:00,0.1,111.0,111.0,21.0,0.0,0.0,21.0,0.0
2021-08-05 03:00:00,0.1,110.0,110.0,21.0,0.0,0.0,21.0,0.0
2021-08-05 04:00:00,0.1,111.0,111.0,22.0,0.0,0.0,22.0,0.0
2021-08-05 05:00:00,0.1,94.0,94.0,21.0,0.0,0.0,21.0,0.0
2021-08-05 06:00:00,0.1,116.0,116.0,21.0,0.0,0.0,21.0,0.0
2021-08-05 07:00:00,0.1,141.0,159.0999996,20.0,0.0,18.099999599999975,38.099999599999975,0.0
2021-08-05 08:00:00,0.1,192.0,186.3000001,22.0,5.699999899999995,0.0,16.300000100000005,3.4999998999999944
2021-08-05 09:00:00,0.1,198.0,186.3000001,21.0,12.39999969999998,0.6999997999999863,9.300000100000005,10.299999699999981
2021-08-05 10:00:00,0.1,187.0,186.3000001,21.0,0.6999998999999946,0.0,20.300000100000005,0.0
2021-08-05 11:00:00,0.1,207.0,186.3000001,22.0,20.699999899999995,0.0,1.3000001000000054,18.499999899999995
2021-08-05 12:00:00,0.1,112.0,132.7,22.0,0.0,20.700000000000003,42.7,0.0
2021-08-05 13:00:00,0.1,192.0,186.3000001,22.0,5.699999899999995,0.0,16.300000100000005,3.4999998999999944
2021-08-05 14:00:00,0.1,187.0,186.3000001,21.0,0.6999998999999946,0.0,20.300000100000005,0.0
2021-08-05 15:00:00,0.1,164.0,170.3999998,23.0,0.0,6.399999799999989,29.39999979999999,0.0
2021-08-05 16:00:00,0.1,166.0,166.0,22.0,0.0,0.0,22.0,0.0
2021-08-05 17:00:00,0.1,129.0,129.0,22.0,0.0,0.0,22.0,0.0
2021-08-05 18:00:00,0.1,174.0,174.0,21.0,0.0,0.0,21.0,0.0
2021-08-05 19:00:00,0.1,169.0,169.0,22.0,0.0,0.0,22.0,0.0
2021-08-05 20:00:00,0.1,128.0,128.0,21.0,0.0,0.0,21.0,0.0
2021-08-05 21:00:00,0.1,126.0,126.0,21.0,0.0,0.0,21.0,0.0
2021-08-05 22:00:00,0.1,122.0,122.0,22.0,0.0,0.0,22.0,0.0
2021-08-05 23:00:00,0.1,114.0,114.0,23.0,0.0,0.0,23.0,0.0
2021-08-05 00:00:00,0.2,68.0,68.0,21.0,0.0,0.0,21.0,0.0
2021-08-05 01:00:00,0.2,110.0,110.0,22.0,0.0,0.0,22.0,0.0
2021-08-05 02:00:00,0.2,111.0,111.0,21.0,0.0,0.0,21.0,0.0
2021-08-05 03:00:00,0.2,110.0,110.0,21.0,0.0,0.0,21.0,0.0
2021-08-05 04:00:00,0.2,111.0,111.0,22.0,0.0,0.0,22.0,0.0
2021-08-05 05:00:00,0.2,94.0,94.0,21.0,0.0,0.0,21.0,0.0
2021-08-05 06:00:00,0.2,116.0,116.0,21.0,0.0,0.0,21.0,0.0
2021-08-05 07:00:00,0.2,141.0,161.7,20.0,0.0,20.700000000000003,40.7,0.0
2021-08-05 08:00:00,0.2,192.0,180.47500010000002,22.0,11.524999899999983,0.0,10.475000100000017,7.124999899999983
2021-08-05 09:00:00,0.2,198.0,180.47500010000002,21.0,17.524999899999983,0.0,3.475000100000017,13.324999899999984
2021-08-05 10:00:00,0.2,187.0,180.47500010000002,21.0,14.874999699999947,8.349999799999964,14.475000100000017,10.674999699999947
2021-08-05 11:00:00,0.2,207.0,180.47500010000002,22.0,26.524999899999983,0.0,-4.524999899999983,22.124999899999985
2021-08-05 12:00:00,0.2,112.0,132.7,22.0,0.0,20.700000000000003,42.7,0.0
2021-08-05 13:00:00,0.2,192.0,180.47500010000002,22.0,32.22499949999991,20.699999599999927,10.475000100000017,27.82499949999991
2021-08-05 14:00:00,0.2,187.0,180.47500010000002,21.0,18.04999939999989,11.524999499999907,14.475000100000017,13.849999399999891
2021-08-05 15:00:00,0.2,164.0,180.47500010000002,23.0,4.224999899999986,20.700000000000003,39.47500010000002,0.0
2021-08-05 16:00:00,0.2,166.0,180.47500010000002,22.0,3.574999299999874,18.04999939999989,36.47500010000002,0.0
2021-08-05 17:00:00,0.2,129.0,133.2249999,22.0,0.0,4.224999899999986,26.224999899999986,0.0
2021-08-05 18:00:00,0.2,174.0,177.5749992999999,21.0,0.0,3.574999299999874,24.574999299999874,0.0
2021-08-05 19:00:00,0.2,169.0,169.0,22.0,0.0,0.0,22.0,0.0
2021-08-05 20:00:00,0.2,128.0,128.0,21.0,0.0,0.0,21.0,0.0
2021-08-05 21:00:00,0.2,126.0,126.0,21.0,0.0,0.0,21.0,0.0
2021-08-05 22:00:00,0.2,122.0,122.0,22.0,0.0,0.0,22.0,0.0
2021-08-05 23:00:00,0.2,114.0,114.0,23.0,0.0,0.0,23.0,0.0
2021-08-06 00:00:00,0.0,88.0,88.0,21.0,0.0,0.0,21.0,0.0
2021-08-06 01:00:00,0.0,121.0,121.0,21.0,0.0,0.0,21.0,0.0
2021-08-06 02:00:00,0.0,119.0,119.0,20.0,0.0,0.0,20.0,0.0
2021-08-06 03:00:00,0.0,122.0,122.0,22.0,0.0,0.0,22.0,0.0
2021-08-06 04:00:00,0.0,119.0,119.0,22.0,0.0,0.0,22.0,0.0
2021-08-06 05:00:00,0.0,105.0,105.0,21.0,0.0,0.0,21.0,0.0
2021-08-06 06:00:00,0.0,124.0,124.0,22.0,0.0,0.0,22.0,0.0
2021-08-06 07:00:00,0.0,156.0,156.0,20.0,0.0,0.0,20.0,0.0
2021-08-06 08:00:00,0.0,198.0,198.0,20.0,0.0,0.0,20.0,0.0
2021-08-06 09:00:00,0.0,198.0,198.0,21.0,0.0,0.0,21.0,0.0
2021-08-06 10:00:00,0.0,188.0,188.0,24.0,0.0,0.0,24.0,0.0
2021-08-06 11:00:00,0.0,208.0,208.0,24.0,0.0,0.0,24.0,0.0
2021-08-06 12:00:00,0.0,121.0,121.0,24.0,0.0,0.0,24.0,0.0
2021-08-06 13:00:00,0.0,194.0,194.0,23.0,0.0,0.0,23.0,0.0
2021-08-06 14:00:00,0.0,196.0,196.0,24.0,0.0,0.0,24.0,0.0
2021-08-06 15:00:00,0.0,161.0,161.0,22.0,0.0,0.0,22.0,0.0
2021-08-06 16:00:00,0.0,174.0,174.0,22.0,0.0,0.0,22.0,0.0
2021-08-06 17:00:00,0.0,147.0,147.0,23.0,0.0,0.0,23.0,0.0
2021-08-06 18:00:00,0.0,183.0,183.0,22.0,0.0,0.0,22.0,0.0
2021-08-06 19:00:00,0.0,151.0,151.0,21.0,0.0,0.0,21.0,0.0
2021-08-06 20:00:00,0.0,107.0,107.0,21.0,0.0,0.0,21.0,0.0
2021-08-06 21:00:00,0.0,110.0,110.0,23.0,0.0,0.0,23.0,0.0
2021-08-06 22:00:00,0.0,103.0,103.0,21.0,0.0,0.0,21.0,0.0
2021-08-06 23:00:00,0.0,103.0,103.0,21.0,0.0,0.0,21.0,0.0
2021-08-06 00:00:00,0.05,88.0,88.0,21.0,0.0,0.0,21.0,0.0
2021-08-06 01:00:00,0.05,121.0,121.0,21.0,0.0,0.0,21.0,0.0
2021-08-06 02:00:00,0.05,119.0,119.0,20.0,0.0,0.0,20.0,0.0
2021-08-06 03:00:00,0.05,122.0,122.0,22.0,0.0,0.0,22.0,0.0
2021-08-06 04:00:00,0.05,119.0,119.0,22.0,0.0,0.0,22.0,0.0
2021-08-06 05:00:00,0.05,105.0,105.0,21.0,0.0,0.0,21.0,0.0
2021-08-06 06:00:00,0.05,124.0,124.0,22.0,0.0,0.0,22.0,0.0
2021-08-06 07:00:00,0.05,156.0,156.0,20.0,0.0,0.0,20.0,0.0
2021-08-06 08:00:00,0.05,198.0,197.6000001,20.0,0.3999999000000116,0.0,19.60000009999999,0.0
2021-08-06 09:00:00,0.05,198.0,197.6000001,21.0,0.3999999000000116,0.0,20.60000009999999,0.0
2021-08-06 10:00:00,0.05,188.0,188.79999980000002,24.0,0.0,0.7999998000000232,24.799999800000023,0.0
2021-08-06 11:00:00,0.05,208.0,197.6000001,24.0,10.399999900000012,0.0,13.600000099999988,9.199999900000012
2021-08-06 12:00:00,0.05,121.0,131.3999999,24.0,0.0,10.399999900000012,34.39999990000001,0.0
2021-08-06 13:00:00,0.05,194.0,194.0,23.0,0.0,0.0,23.0,0.0
2021-08-06 14:00:00,0.05,196.0,196.0,24.0,0.0,0.0,24.0,0.0
2021-08-06 15:00:00,0.05,161.0,161.0,22.0,0.0,0.0,22.0,0.0
2021-08-06 16:00:00,0.05,174.0,174.0,22.0,0.0,0.0,22.0,0.0
2021-08-06 17:00:00,0.05,147.0,147.0,23.0,0.0,0.0,23.0,0.0
2021-08-06 18:00:00,0.05,183.0,183.0,22.0,0.0,0.0,22.0,0.0
2021-08-06 19:00:00,0.05,151.0,151.0,21.0,0.0,0.0,21.0,0.0
2021-08-06 20:00:00,0.05,107.0,107.0,21.0,0.0,0.0,21.0,0.0
2021-08-06 21:00:00,0.05,110.0,110.0,23.0,0.0,0.0,23.0,0.0
2021-08-06 22:00:00,0.05,103.0,103.0,21.0,0.0,0.0,21.0,0.0
2021-08-06 23:00:00,0.05,103.0,103.0,21.0,0.0,0.0,21.0,0.0
2021-08-06 00:00:00,0.1,88.0,88.0,21.0,0.0,0.0,21.0,0.0
2021-08-06 01:00:00,0.1,121.0,121.0,21.0,0.0,0.0,21.0,0.0
2021-08-06 02:00:00,0.1,119.0,119.0,20.0,0.0,0.0,20.0,0.0
2021-08-06 03:00:00,0.1,122.0,122.0,22.0,0.0,0.0,22.0,0.0
2021-08-06 04:00:00,0.1,119.0,119.0,22.0,0.0,0.0,22.0,0.0
2021-08-06 05:00:00,0.1,105.0,105.0,21.0,0.0,0.0,21.0,0.0
2021-08-06 06:00:00,0.1,124.0,124.0,22.0,0.0,0.0,22.0,0.0
2021-08-06 07:00:00,0.1,156.0,176.8,20.0,0.0,20.8,40.8,0.0
2021-08-06 08:00:00,0.1,198.0,187.20000009999998,20.0,10.799999900000017,0.0,9.200000099999983,8.799999900000017
2021-08-06 09:00:00,0.1,198.0,187.20000009999998,21.0,10.799999900000017,0.0,10.200000099999983,8.699999900000018
2021-08-06 10:00:00,0.1,188.0,187.20000009999998,24.0,1.5999997000000512,0.7999998000000339,23.200000099999983,0.0
2021-08-06 11:00:00,0.1,208.0,187.20000009999998,24.0,20.799999900000017,0.0,3.2000000999999827,18.39999990000002
2021-08-06 12:00:00,0.1,121.0,141.8,24.0,0.0,20.8,44.8,0.0
2021-08-06 13:00:00,0.1,194.0,187.20000009999998,23.0,8.399999500000085,1.5999996000000678,16.200000099999983,6.099999500000084
2021-08-06 14:00:00,0.1,196.0,187.20000009999998,24.0,8.799999900000017,0.0,15.200000099999983,6.399999900000017
2021-08-06 15:00:00,0.1,161.0,169.3999995000001,22.0,0.0,8.399999500000085,30.399999500000085,0.0
2021-08-06 16:00:00,0.1,174.0,182.79999990000002,22.0,0.0,8.799999900000017,30.799999900000017,0.0
2021-08-06 17:00:00,0.1,147.0,147.0,23.0,0.0,0.0,23.0,0.0
2021-08-06 18:00:00,0.1,183.0,183.0,22.0,0.0,0.0,22.0,0.0
2021-08-06 19:00:00,0.1,151.0,151.0,21.0,0.0,0.0,21.0,0.0
2021-08-06 20:00:00,0.1,107.0,107.0,21.0,0.0,0.0,21.0,0.0
2021-08-06 21:00:00,0.1,110.0,110.0,23.0,0.0,0.0,23.0,0.0
2021-08-06 22:00:00,0.1,103.0,103.0,21.0,0.0,0.0,21.0,0.0
2021-08-06 23:00:00,0.1,103.0,103.0,21.0,0.0,0.0,21.0,0.0
2021-08-06 00:00:00,0.2,88.0,88.0,21.0,0.0,0.0,21.0,0.0
2021-08-06 01:00:00,0.2,121.0,121.0,21.0,0.0,0.0,21.0,0.0
2021-08-06 02:00:00,0.2,119.0,119.0,20.0,0.0,0.0,20.0,0.0
2021-08-06 03:00:00,0.2,122.0,122.0,22.0,0.0,0.0,22.0,0.0
2021-08-06 04:00:00,0.2,119.0,119.0,22.0,0.0,0.0,22.0,0.0
2021-08-06 05:00:00,0.2,105.0,105.0,21.0,0.0,0.0,21.0,0.0
2021-08-06 06:00:00,0.2,124.0,124.0,22.0,0.0,0.0,22.0,0.0
2021-08-06 07:00:00,0.2,156.0,176.8,20.0,0.0,20.8,40.8,0.0
2021-08-06 08:00:00,0.2,198.0,183.13333343333332,20.0,14.86666656666668,0.0,5.13333343333332,10.86666656666668
2021-08-06 09:00:00,0.2,198.0,183.13333343333332,21.0,14.86666656666668,0.0,6.13333343333332,10.666666566666681
2021-08-06 10:00:00,0.2,188.0,183.13333343333332,24.0,13.79999970000004,8.93333313333336,19.13333343333332,8.99999970000004
2021-08-06 11:00:00,0.2,208.0,183.13333343333332,24.0,24.86666656666668,0.0,-0.8666665666666802,20.06666656666668
2021-08-06 12:00:00,0.2,121.0,141.8,24.0,0.0,20.8,44.8,0.0
2021-08-06 13:00:00,0.2,194.0,183.13333343333332,23.0,28.7333328333334,17.86666626666672,12.13333343333332,24.133332833333398
2021-08-06 14:00:00,0.2,196.0,183.13333343333332,24.0,20.79999940000008,7.933332833333399,11.13333343333332,15.999999400000078
2021-08-06 15:00:00,0.2,161.0,181.8,22.0,0.0,20.8,42.8,0.0
2021-08-06 16:00:00,0.2,174.0,183.13333343333332,22.0,11.66666596666676,20.79999940000008,31.13333343333332,7.266665966666759
2021-08-06 17:00:00,0.2,147.0,158.53333253333344,23.0,0.0,11.53333253333344,34.533332533333436,0.0
2021-08-06 18:00:00,0.2,183.0,183.13333343333332,22.0,0.0,0.13333343333331982,22.13333343333332,0.0
2021-08-06 19:00:00,0.2,151.0,151.0,21.0,0.0,0.0,21.0,0.0
2021-08-06 20:00:00,0.2,107.0,107.0,21.0,0.0,0.0,21.0,0.0
2021-08-06 21:00:00,0.2,110.0,110.0,23.0,0.0,0.0,23.0,0.0
2021-08-06 22:00:00,0.2,103.0,103.0,21.0,0.0,0.0,21.0,0.0
2021-08-06 23:00:00,0.2,103.0,103.0,21.0,0.0,0.0,21.0,0.0
2021-08-07 00:00:00,0.0,23.0,23.0,22.0,0.0,0.0,22.0,0.0
2021-08-07 01:00:00,0.0,21.0,21.0,22.0,0.0,0.0,22.0,0.0
2021-08-07 02:00:00,0.0,21.0,21.0,21.0,0.0,0.0,21.0,0.0
2021-08-07 03:00:00,0.0,21.0,21.0,21.0,0.0,0.0,21.0,0.0
2021-08-07 04:00:00,0.0,23.0,23.0,21.0,0.0,0.0,21.0,0.0
2021-08-07 05:00:00,0.0,20.0,20.0,22.0,0.0,0.0,22.0,0.0
2021-08-07 06:00:00,0.0,21.0,21.0,21.0,0.0,0.0,21.0,0.0
2021-08-07 07:00:00,0.0,22.0,22.0,21.0,0.0,0.0,21.0,0.0
2021-08-07 08:00:00,0.0,21.0,21.0,22.0,0.0,0.0,22.0,0.0
2021-08-07 09:00:00,0.0,21.0,21.0,22.0,0.0,0.0,22.0,0.0
2021-08-07 10:00:00,0.0,22.0,22.0,21.0,0.0,0.0,21.0,0.0
2021-08-07 11:00:00,0.0,23.0,23.0,21.0,0.0,0.0,21.0,0.0
2021-08-07 12:00:00,0.0,21.0,21.0,23.0,0.0,0.0,23.0,0.0
2021-08-07 13:00:00,0.0,21.0,21.0,21.0,0.0,0.0,21.0,0.0
2021-08-07 14:00:00,0.0,22.0,22.0,21.0,0.0,0.0,21.0,0.0
2021-08-07 15:00:00,0.0,22.0,22.0,21.0,0.0,0.0,21.0,0.0
2021-08-07 16:00:00,0.0,21.0,21.0,24.0,0.0,0.0,24.0,0.0
2021-08-07 17:00:00,0.0,21.0,21.0,21.0,0.0,0.0,21.0,0.0
2021-08-07 18:00:00,0.0,23.0,23.0,21.0,0.0,0.0,21.0,0.0
2021-08-07 19:00:00,0.0,21.0,21.0,22.0,0.0,0.0,22.0,0.0
2021-08-07 20:00:00,0.0,21.0,21.0,23.0,0.0,0.0,23.0,0.0
2021-08-07 21:00:00,0.0,23.0,23.0,22.0,0.0,0.0,22.0,0.0
2021-08-07 22:00:00,0.0,21.0,21.0,21.0,0.0,0.0,21.0,0.0
2021-08-07 23:00:00,0.0,21.0,21.0,23.0,0.0,0.0,23.0,0.0
2021-08-07 00:00:00,0.05,23.0,23.0,22.0,0.0,0.0,22.0,0.0
2021-08-07 01:00:00,0.05,21.0,21.0,22.0,0.0,0.0,22.0,0.0
2021-08-07 02:00:00,0.05,21.0,21.0,21.0,0.0,0.0,21.0,0.0
2021-08-07 03:00:00,0.05,21.0,21.0,21.0,0.0,0.0,21.0,0.0
2021-08-07 04:00:00,0.05,23.0,23.0,21.0,0.0,0.0,21.0,0.0
2021-08-07 05:00:00,0.05,20.0,20.0,22.0,0.0,0.0,22.0,0.0
2021-08-07 06:00:00,0.05,21.0,21.0,21.0,0.0,0.0,21.0,0.0
2021-08-07 07:00:00,0.05,22.0,22.0,21.0,0.0,0.0,21.0,0.0
2021-08-07 08:00:00,0.05,21.0,21.0,22.0,0.0,0.0,22.0,0.0
2021-08-07 09:00:00,0.05,21.0,21.0,22.0,0.0,0.0,22.0,0.0
2021-08-07 10:00:00,0.05,22.0,22.0,21.0,0.0,0.0,21.0,0.0
2021-08-07 11:00:00,0.05,23.0,23.0,21.0,0.0,0.0,21.0,0.0
2021-08-07 12:00:00,0.05,21.0,21.0,23.0,0.0,0.0,23.0,0.0
2021-08-07 13:00:00,0.05,21.0,21.0,21.0,0.0,0.0,21.0,0.0
2021-08-07 14:00:00,0.05,22.0,22.0,21.0,0.0,0.0,21.0,0.0
2021-08-07 15:00:00,0.05,22.0,22.0,21.0,0.0,0.0,21.0,0.0
2021-08-07 16:00:00,0.05,21.0,21.0,24.0,0.0,0.0,24.0,0.0
2021-08-07 17:00:00,0.05,21.0,21.0,21.0,0.0,0.0,21.0,0.0
2021-08-07 18:00:00,0.05,23.0,23.0,21.0,0.0,0.0,21.0,0.0
2021-08-07 19:00:00,0.05,21.0,21.0,22.0,0.0,0.0,22.0,0.0
2021-08-07 20:00:00,0.05,21.0,21.0,23.0,0.0,0.0,23.0,0.0
2021-08-07 21:00:00,0.05,23.0,23.0,22.0,0.0,0.0,22.0,0.0
2021-08-07 22:00:00,0.05,21.0,21.0,21.0,0.0,0.0,21.0,0.0
2021-08-07 23:00:00,0.05,21.0,21.0,23.0,0.0,0.0,23.0,0.0
2021-08-07 00:00:00,0.1,23.0,23.0,22.0,0.0,0.0,22.0,0.0
2021-08-07 01:00:00,0.1,21.0,21.0,22.0,0.0,0.0,22.0,0.0
2021-08-07 02:00:00,0.1,21.0,21.0,21.0,0.0,0.0,21.0,0.0
2021-08-07 03:00:00,0.1,21.0,21.0,21.0,0.0,0.0,21.0,0.0
2021-08-07 04:00:00,0.1,23.0,23.0,21.0,0.0,0.0,21.0,0.0
2021-08-07 05:00:00,0.1,20.0,20.0,22.0,0.0,0.0,22.0,0.0
2021-08-07 06:00:00,0.1,21.0,21.0,21.0,0.0,0.0,21.0,0.0
2021-08-07 07:00:00,0.1,22.0,22.0,21.0,0.0,0.0,21.0,0.0
2021-08-07 08:00:00,0.1,21.0,21.0,22.0,0.0,0.0,22.0,0.0
2021-08-07 09:00:00,0.1,21.0,21.0,22.0,0.0,0.0,22.0,0.0
2021-08-07 10:00:00,0.1,22.0,22.0,21.0,0.0,0.0,21.0,0.0
2021-08-07 11:00:00,0.1,23.0,23.0,21.0,0.0,0.0,21.0,0.0
2021-08-07 12:00:00,0.1,21.0,21.0,23.0,0.0,0.0,23.0,0.0
2021-08-07 13:00:00,0.1,21.0,21.0,21.0,0.0,0.0,21.0,0.0
2021-08-07 14:00:00,0.1,22.0,22.0,21.0,0.0,0.0,21.0,0.0
2021-08-07 15:00:00,0.1,22.0,22.0,21.0,0.0,0.0,21.0,0.0
2021-08-07 16:00:00,0.1,21.0,21.0,24.0,0.0,0.0,24.0,0.0
2021-08-07 17:00:00,0.1,21.0,21.0,21.0,0.0,0.0,21.0,0.0
2021-08-07 18:00:00,0.1,23.0,23.0,21.0,0.0,0.0,21.0,0.0
2021-08-07 19:00:00,0.1,21.0,21.0,22.0,0.0,0.0,22.0,0.0
2021-08-07 20:00:00,0.1,21.0,21.0,23.0,0.0,0.0,23.0,0.0
2021-08-07 21:00:00,0.1,23.0,23.0,22.0,0.0,0.0,22.0,0.0
2021-08-07 22:00:00,0.1,21.0,21.0,21.0,0.0,0.0,21.0,0.0
2021-08-07 23:00:00,0.1,21.0,21.0,23.0,0.0,0.0,23.0,0.0
2021-08-07 00:00:00,0.2,23.0,23.0,22.0,0.0,0.0,22.0,0.0
2021-08-07 01:00:00,0.2,21.0,21.0,22.0,0.0,0.0,22.0,0.0
2021-08-07 02:00:00,0.2,21.0,21.0,21.0,0.0,0.0,21.0,0.0
2021-08-07 03:00:00,0.2,21.0,21.0,21.0,0.0,0.0,21.0,0.0
2021-08-07 04:00:00,0.2,23.0,23.0,21.0,0.0,0.0,21.0,0.0
2021-08-07 05:00:00,0.2,20.0,20.0,22.0,0.0,0.0,22.0,0.0
2021-08-07 06:00:00,0.2,21.0,21.0,21.0,0.0,0.0,21.0,0.0
2021-08-07 07:00:00,0.2,22.0,22.0,21.0,0.0,0.0,21.0,0.0
2021-08-07 08:00:00,0.2,21.0,21.0,22.0,0.0,0.0,22.0,0.0
2021-08-07 09:00:00,0.2,21.0,21.0,22.0,0.0,0.0,22.0,0.0
2021-08-07 10:00:00,0.2,22.0,22.0,21.0,0.0,0.0,21.0,0.0
2021-08-07 11:00:00,0.2,23.0,23.0,21.0,0.0,0.0,21.0,0.0
2021-08-07 12:00:00,0.2,21.0,21.0,23.0,0.0,0.0,23.0,0.0
2021-08-07 13:00:00,0.2,21.0,21.0,21.0,0.0,0.0,21.0,0.0
2021-08-07 14:00:00,0.2,22.0,22.0,21.0,0.0,0.0,21.0,0.0
2021-08-07 15:00:00,0.2,22.0,22.0,21.0,0.0,0.0,21.0,0.0
2021-08-07 16:00:00,0.2,21.0,21.0,24.0,0.0,0.0,24.0,0.0
2021-08-07 17:00:00,0.2,21.0,21.0,21.0,0.0,0.0,21.0,0.0
2021-08-07 18:00:00,0.2,23.0,23.0,21.0,0.0,0.0,21.0,0.0
2021-08-07 19:00:00,0.2,21.0,21.0,22.0,0.0,0.0,22.0,0.0
2021-08-07 20:00:00,0.2,21.0,21.0,23.0,0.0,0.0,23.0,0.0
2021-08-07 21:00:00,0.2,23.0,23.0,22.0,0.0,0.0,22.0,0.0
2021-08-07 22:00:00,0.2,21.0,21.0,21.0,0.0,0.0,21.0,0.0
2021-08-07 23:00:00,0.2,21.0,21.0,23.0,0.0,0.0,23.0,0.0
2021-08-08 00:00:00,0.0,21.0,21.0,21.0,0.0,0.0,21.0,0.0
2021-08-08 01:00:00,0.0,23.0,23.0,21.0,0.0,0.0,21.0,0.0
2021-08-08 02:00:00,0.0,21.0,21.0,21.0,0.0,0.0,21.0,0.0
2021-08-08 03:00:00,0.0,21.0,21.0,23.0,0.0,0.0,23.0,0.0
2021-08-08 04:00:00,0.0,22.0,22.0,21.0,0.0,0.0,21.0,0.0
2021-08-08 05:00:00,0.0,22.0,22.0,21.0,0.0,0.0,21.0,0.0
2021-08-08 06:00:00,0.0,20.0,20.0,21.0,0.0,0.0,21.0,0.0
2021-08-08 07:00:00,0.0,20.0,20.0,22.0,0.0,0.0,22.0,0.0
2021-08-08 08:00:00,0.0,23.0,23.0,21.0,0.0,0.0,21.0,0.0
2021-08-08 09:00:00,0.0,22.0,22.0,21.0,0.0,0.0,21.0,0.0
2021-08-08 10:00:00,0.0,21.0,21.0,23.0,0.0,0.0,23.0,0.0
2021-08-08 11:00:00,0.0,21.0,21.0,21.0,0.0,0.0,21.0,0.0
2021-08-08 12:00:00,0.0,23.0,23.0,21.0,0.0,0.0,21.0,0.0
2021-08-08 13:00:00,0.0,21.0,21.0,21.0,0.0,0.0,21.0,0.0
2021-08-08 14:00:00,0.0,21.0,21.0,22.0,0.0,0.0,22.0,0.0
2021-08-08 15:00:00,0.0,22.0,22.0,21.0,0.0,0.0,21.0,0.0
2021-08-08 16:00:00,0.0,23.0,23.0,21.0,0.0,0.0,21.0,0.0
2021-08-08 17:00:00,0.0,21.0,21.0,22.0,0.0,0.0,22.0,0.0
2021-08-08 18:00:00,0.0,20.0,20.0,22.0,0.0,0.0,22.0,0.0
2021-08-08 19:00:00,0.0,21.0,21.0,21.0,0.0,0.0,21.0,0.0
2021-08-08 20:00:00,0.0,23.0,23.0,21.0,0.0,0.0,21.0,0.0
2021-08-08 21:00:00,0.0,22.0,22.0,22.0,0.0,0.0,22.0,0.0
2021-08-08 22:00:00,0.0,22.0,22.0,21.0,0.0,0.0,21.0,0.0
2021-08-08 23:00:00,0.0,22.0,22.0,21.0,0.0,0.0,21.0,0.0
2021-08-08 00:00:00,0.05,21.0,21.0,21.0,0.0,0.0,21.0,0.0
2021-08-08 01:00:00,0.05,23.0,23.0,21.0,0.0,0.0,21.0,0.0
2021-08-08 02:00:00,0.05,21.0,21.0,21.0,0.0,0.0,21.0,0.0
2021-08-08 03:00:00,0.05,21.0,21.0,23.0,0.0,0.0,23.0,0.0
2021-08-08 04:00:00,0.05,22.0,22.0,21.0,0.0,0.0,21.0,0.0
2021-08-08 05:00:00,0.05,22.0,22.0,21.0,0.0,0.0,21.0,0.0
2021-08-08 06:00:00,0.05,20.0,20.0,21.0,0.0,0.0,21.0,0.0
2021-08-08 07:00:00,0.05,20.0,20.0,22.0,0.0,0.0,22.0,0.0
2021-08-08 08:00:00,0.05,23.0,23.0,21.0,0.0,0.0,21.0,0.0
2021-08-08 09:00:00,0.05,22.0,22.0,21.0,0.0,0.0,21.0,0.0
2021-08-08 10:00:00,0.05,21.0,21.0,23.0,0.0,0.0,23.0,0.0
2021-08-08 11:00:00,0.05,21.0,21.0,21.0,0.0,0.0,21.0,0.0
2021-08-08 12:00:00,0.05,23.0,23.0,21.0,0.0,0.0,21.0,0.0
2021-08-08 13:00:00,0.05,21.0,21.0,21.0,0.0,0.0,21.0,0.0
2021-08-08 14:00:00,0.05,21.0,21.0,22.0,0.0,0.0,22.0,0.0
2021-08-08 15:00:00,0.05,22.0,22.0,21.0,0.0,0.0,21.0,0.0
2021-08-08 16:00:00,0.05,23.0,23.0,21.0,0.0,0.0,21.0,0.0
2021-08-08 17:00:00,0.05,21.0,21.0,22.0,0.0,0.0,22.0,0.0
2021-08-08 18:00:00,0.05,20.0,20.0,22.0,0.0,0.0,22.0,0.0
2021-08-08 19:00:00,0.05,21.0,21.0,21.0,0.0,0.0,21.0,0.0
2021-08-08 20:00:00,0.05,23.0,23.0,21.0,0.0,0.0,21.0,0.0
2021-08-08 21:00:00,0.05,22.0,22.0,22.0,0.0,0.0,22.0,0.0
2021-08-08 22:00:00,0.05,22.0,22.0,21.0,0.0,0.0,21.0,0.0
2021-08-08 23:00:00,0.05,22.0,22.0,21.0,0.0,0.0,21.0,0.0
2021-08-08 00:00:00,0.1,21.0,21.0,21.0,0.0,0.0,21.0,0.0
2021-08-08 01:00:00,0.1,23.0,23.0,21.0,0.0,0.0,21.0,0.0
2021-08-08 02:00:00,0.1,21.0,21.0,21.0,0.0,0.0,21.0,0.0
2021-08-08 03:00:00,0.1,21.0,21.0,23.0,0.0,0.0,23.0,0.0
2021-08-08 04:00:00,0.1,22.0,22.0,21.0,0.0,0.0,21.0,0.0
2021-08-08 05:00:00,0.1,22.0,22.0,21.0,0.0,0.0,21.0,0.0
2021-08-08 06:00:00,0.1,20.0,20.0,21.0,0.0,0.0,21.0,0.0
2021-08-08 07:00:00,0.1,20.0,20.0,22.0,0.0,0.0,22.0,0.0
2021-08-08 08:00:00,0.1,23.0,23.0,21.0,0.0,0.0,21.0,0.0
2021-08-08 09:00:00,0.1,22.0,22.0,21.0,0.0,0.0,21.0,0.0
2021-08-08 10:00:00,0.1,21.0,21.0,23.0,0.0,0.0,23.0,0.0
2021-08-08 11:00:00,0.1,21.0,21.0,21.0,0.0,0.0,21.0,0.0
2021-08-08 12:00:00,0.1,23.0,23.0,21.0,0.0,0.0,21.0,0.0
2021-08-08 13:00:00,0.1,21.0,21.0,21.0,0.0,0.0,21.0,0.0
2021-08-08 14:00:00,0.1,21.0,21.0,22.0,0.0,0.0,22.0,0.0
2021-08-08 15:00:00,0.1,22.0,22.0,21.0,0.0,0.0,21.0,0.0
2021-08-08 16:00:00,0.1,23.0,23.0,21.0,0.0,0.0,21.0,0.0
2021-08-08 17:00:00,0.1,21.0,21.0,22.0,0.0,0.0,22.0,0.0
2021-08-08 18:00:00,0.1,20.0,20.0,22.0,0.0,0.0,22.0,0.0
2021-08-08 19:00:00,0.1,21.0,21.0,21.0,0.0,0.0,21.0,0.0
2021-08-08 20:00:00,0.1,23.0,23.0,21.0,0.0,0.0,21.0,0.0
2021-08-08 21:00:00,0.1,22.0,22.0,22.0,0.0,0.0,22.0,0.0
2021-08-08 22:00:00,0.1,22.0,22.0,21.0,0.0,0.0,21.0,0.0
2021-08-08 23:00:00,0.1,22.0,22.0,21.0,0.0,0.0,21.0,0.0
2021-08-08 00:00:00,0.2,21.0,21.0,21.0,0.0,0.0,21.0,0.0
2021-08-08 01:00:00,0.2,23.0,23.0,21.0,0.0,0.0,21.0,0.0
2021-08-08 02:00:00,0.2,21.0,21.0,21.0,0.0,0.0,21.0,0.0
2021-08-08 03:00:00,0.2,21.0,21.0,23.0,0.0,0.0,23.0,0.0
2021-08-08 04:00:00,0.2,22.0,22.0,21.0,0.0,0.0,21.0,0.0
2021-08-08 05:00:00,0.2,22.0,22.0,21.0,0.0,0.0,21.0,0.0
2021-08-08 06:00:00,0.2,20.0,20.0,21.0,0.0,0.0,21.0,0.0
2021-08-08 07:00:00,0.2,20.0,20.0,22.0,0.0,0.0,22.0,0.0
2021-08-08 08:00:00,0.2,23.0,23.0,21.0,0.0,0.0,21.0,0.0
2021-08-08 09:00:00,0.2,22.0,22.0,21.0,0.0,0.0,21.0,0.0
2021-08-08 10:00:00,0.2,21.0,21.0,23.0,0.0,0.0,23.0,0.0
2021-08-08 11:00:00,0.2,21.0,21.0,21.0,0.0,0.0,21.0,0.0
2021-08-08 12:00:00,0.2,23.0,23.0,21.0,0.0,0.0,21.0,0.0
2021-08-08 13:00:00,0.2,21.0,21.0,21.0,0.0,0.0,21.0,0.0
2021-08-08 14:00:00,0.2,21.0,21.0,22.0,0.0,0.0,22.0,0.0
2021-08-08 15:00:00,0.2,22.0,22.0,21.0,0.0,0.0,21.0,0.0
2021-08-08 16:00:00,0.2,23.0,23.0,21.0,0.0,0.0,21.0,0.0
2021-08-08 17:00:00,0.2,21.0,21.0,22.0,0.0,0.0,22.0,0.0
2021-08-08 18:00:00,0.2,20.0,20.0,22.0,0.0,0.0,22.0,0.0
2021-08-08 19:00:00,0.2,21.0,21.0,21.0,0.0,0.0,21.0,0.0
2021-08-08 20:00:00,0.2,23.0,23.0,21.0,0.0,0.0,21.0,0.0
2021-08-08 21:00:00,0.2,22.0,22.0,22.0,0.0,0.0,22.0,0.0
2021-08-08 22:00:00,0.2,22.0,22.0,21.0,0.0,0.0,21.0,0.0
2021-08-08 23:00:00,0.2,22.0,22.0,21.0,0.0,0.0,21.0,0.0
2021-08-09 00:00:00,0.0,21.0,21.0,21.0,0.0,0.0,21.0,0.0
2021-08-09 01:00:00,0.0,21.0,21.0,23.0,0.0,0.0,23.0,0.0
2021-08-09 02:00:00,0.0,21.0,21.0,20.0,0.0,0.0,20.0,0.0
2021-08-09 03:00:00,0.0,23.0,23.0,22.0,0.0,0.0,22.0,0.0
2021-08-09 04:00:00,0.0,21.0,21.0,21.0,0.0,0.0,21.0,0.0
2021-08-09 05:00:00,0.0,21.0,21.0,21.0,0.0,0.0,21.0,0.0
2021-08-09 06:00:00,0.0,22.0,22.0,20.0,0.0,0.0,20.0,0.0
2021-08-09 07:00:00,0.0,21.0,21.0,70.0,0.0,0.0,70.0,0.0
2021-08-09 08:00:00,0.0,20.0,20.0,193.0,0.0,0.0,193.0,0.0
2021-08-09 09:00:00,0.0,21.0,21.0,191.0,0.0,0.0,191.0,0.0
2021-08-09 10:00:00,0.0,22.0,22.0,182.0,0.0,0.0,182.0,0.0
2021-08-09 11:00:00,0.0,21.0,21.0,187.0,0.0,0.0,187.0,0.0
2021-08-09 12:00:00,0.0,21.0,21.0,129.0,0.0,0.0,129.0,0.0
2021-08-09 13:00:00,0.0,22.0,22.0,182.0,0.0,0.0,182.0,0.0
2021-08-09 14:00:00,0.0,23.0,23.0,183.0,0.0,0.0,183.0,0.0
2021-08-09 15:00:00,0.0,21.0,21.0,167.0,0.0,0.0,167.0,0.0
2021-08-09 16:00:00,0.0,21.0,21.0,184.0,0.0,0.0,184.0,0.0
2021-08-09 17:00:00,0.0,22.0,22.0,146.0,0.0,0.0,146.0,0.0
2021-08-09 18:00:00,0.0,22.0,22.0,98.0,0.0,0.0,98.0,0.0
2021-08-09 19:00:00,0.0,21.0,21.0,93.0,0.0,0.0,93.0,0.0
2021-08-09 20:00:00,0.0,22.0,22.0,109.0,0.0,0.0,109.0,0.0
2021-08-09 21:00:00,0.0,22.0,22.0,115.0,0.0,0.0,115.0,0.0
2021-08-09 22:00:00,0.0,22.0,22.0,109.0,0.0,0.0,109.0,0.0
2021-08-09 23:00:00,0.0,21.0,21.0,98.0,0.0,0.0,98.0,0.0
2021-08-09 00:00:00,0.05,21.0,21.0,21.0,0.0,0.0,21.0,0.0
2021-08-09 01:00:00,0.05,21.0,21.0,23.0,0.0,0.0,23.0,0.0
2021-08-09 02:00:00,0.05,21.0,21.0,20.0,0.0,0.0,20.0,0.0
2021-08-09 03:00:00,0.05,23.0,23.0,22.0,0.0,0.0,22.0,0.0
2021-08-09 04:00:00,0.05,21.0,21.0,21.0,0.0,0.0,21.0,0.0
2021-08-09 05:00:00,0.05,21.0,21.0,21.0,0.0,0.0,21.0,0.0
2021-08-09 06:00:00,0.05,22.0,22.0,20.0,0.0,0.0,20.0,0.0
2021-08-09 07:00:00,0.05,21.0,21.0,70.0,0.0,0.0,70.0,0.0
2021-08-09 08:00:00,0.05,20.0,20.0,193.0,0.0,0.0,193.0,0.0
2021-08-09 09:00:00,0.05,21.0,21.0,191.0,0.0,0.0,191.0,0.0
2021-08-09 10:00:00,0.05,22.0,22.0,182.0,0.0,0.0,182.0,0.0
2021-08-09 11:00:00,0.05,21.0,21.0,187.0,0.0,0.0,187.0,0.0
2021-08-09 12:00:00,0.05,21.0,21.0,129.0,0.0,0.0,129.0,0.0
2021-08-09 13:00:00,0.05,22.0,22.0,182.0,0.0,0.0,182.0,0.0
2021-08-09 14:00:00,0.05,23.0,23.0,183.0,0.0,0.0,183.0,0.0
2021-08-09 15:00:00,0.05,21.0,21.0,167.0,0.0,0.0,167.0,0.0
2021-08-09 16:00:00,0.05,21.0,21.0,184.0,0.0,0.0,184.0,0.0
2021-08-09 17:00:00,0.05,22.0,22.0,146.0,0.0,0.0,146.0,0.0
2021-08-09 18:00:00,0.05,22.0,22.0,98.0,0.0,0.0,98.0,0.0
2021-08-09 19:00:00,0.05,21.0,21.0,93.0,0.0,0.0,93.0,0.0
2021-08-09 20:00:00,0.05,22.0,22.0,109.0,0.0,0.0,109.0,0.0
2021-08-09 21:00:00,0.05,22.0,22.0,115.0,0.0,0.0,115.0,0.0
2021-08-09 22:00:00,0.05,22.0,22.0,109.0,0.0,0.0,109.0,0.0
2021-08-09 23:00:00,0.05,21.0,21.0,98.0,0.0,0.0,98.0,0.0
2021-08-09 00:00:00,0.1,21.0,21.0,21.0,0.0,0.0,21.0,0.0
2021-08-09 01:00:00,0.1,21.0,21.0,23.0,0.0,0.0,23.0,0.0
2021-08-09 02:00:00,0.1,21.0,21.0,20.0,0.0,0.0,20.0,0.0
2021-08-09 03:00:00,0.1,23.0,23.0,22.0,0.0,0.0,22.0,0.0
2021-08-09 04:00:00,0.1,21.0,21.0,21.0,0.0,0.0,21.0,0.0
2021-08-09 05:00:00,0.1,21.0,21.0,21.0,0.0,0.0,21.0,0.0
2021-08-09 06:00:00,0.1,22.0,22.0,20.0,0.0,0.0,20.0,0.0
2021-08-09 07:00:00,0.1,21.0,21.0,70.0,0.0,0.0,70.0,0.0
2021-08-09 08:00:00,0.1,20.0,20.0,193.0,0.0,0.0,193.0,0.0
2021-08-09 09:00:00,0.1,21.0,21.0,191.0,0.0,0.0,191.0,0.0
2021-08-09 10:00:00,0.1,22.0,22.0,182.0,0.0,0.0,182.0,0.0
2021-08-09 11:00:00,0.1,21.0,21.0,187.0,0.0,0.0,187.0,0.0
2021-08-09 12:00:00,0.1,21.0,21.0,129.0,0.0,0.0,129.0,0.0
2021-08-09 13:00:00,0.1,22.0,22.0,182.0,0.0,0.0,182.0,0.0
2021-08-09 14:00:00,0.1,23.0,23.0,183.0,0.0,0.0,183.0,0.0
2021-08-09 15:00:00,0.1,21.0,21.0,167.0,0.0,0.0,167.0,0.0
2021-08-09 16:00:00,0.1,21.0,21.0,184.0,0.0,0.0,184.0,0.0
2021-08-09 17:00:00,0.1,22.0,22.0,146.0,0.0,0.0,146.0,0.0
2021-08-09 18:00:00,0.1,22.0,22.0,98.0,0.0,0.0,98.0,0.0
2021-08-09 19:00:00,0.1,21.0,21.0,93.0,0.0,0.0,93.0,0.0
2021-08-09 20:00:00,0.1,22.0,22.0,109.0,0.0,0.0,109.0,0.0
2021-08-09 21:00:00,0.1,22.0,22.0,115.0,0.0,0.0,115.0,0.0
2021-08-09 22:00:00,0.1,22.0,22.0,109.0,0.0,0.0,109.0,0.0
2021-08-09 23:00:00,0.1,21.0,21.0,98.0,0.0,0.0,98.0,0.0
2021-08-09 00:00:00,0.2,21.0,21.0,21.0,0.0,0.0,21.0,0.0
2021-08-09 01:00:00,0.2,21.0,21.0,23.0,0.0,0.0,23.0,0.0
2021-08-09 02:00:00,0.2,21.0,21.0,20.0,0.0,0.0,20.0,0.0
2021-08-09 03:00:00,0.2,23.0,23.0,22.0,0.0,0.0,22.0,0.0
2021-08-09 04:00:00,0.2,21.0,21.0,21.0,0.0,0.0,21.0,0.0
2021-08-09 05:00:00,0.2,21.0,21.0,21.0,0.0,0.0,21.0,0.0
2021-08-09 06:00:00,0.2,22.0,22.0,20.0,0.0,0.0,20.0,0.0
2021-08-09 07:00:00,0.2,21.0,21.0,70.0,0.0,0.0,70.0,0.0
2021-08-09 08:00:00,0.2,20.0,20.0,193.0,0.0,0.0,193.0,0.0
2021-08-09 09:00:00,0.2,21.0,21.0,191.0,0.0,0.0,191.0,0.0
2021-08-09 10:00:00,0.2,22.0,22.0,182.0,0.0,0.0,182.0,0.0
2021-08-09 11:00:00,0.2,21.0,21.0,187.0,0.0,0.0,187.0,0.0
2021-08-09 12:00:00,0.2,21.0,21.0,129.0,0.0,0.0,129.0,0.0
2021-08-09 13:00:00,0.2,22.0,22.0,182.0,0.0,0.0,182.0,0.0
2021-08-09 14:00:00,0.2,23.0,23.0,183.0,0.0,0.0,183.0,0.0
2021-08-09 15:00:00,0.2,21.0,21.0,167.0,0.0,0.0,167.0,0.0
2021-08-09 16:00:00,0.2,21.0,21.0,184.0,0.0,0.0,184.0,0.0
2021-08-09 17:00:00,0.2,22.0,22.0,146.0,0.0,0.0,146.0,0.0
2021-08-09 18:00:00,0.2,22.0,22.0,98.0,0.0,0.0,98.0,0.0
2021-08-09 19:00:00,0.2,21.0,21.0,93.0,0.0,0.0,93.0,0.0
2021-08-09 20:00:00,0.2,22.0,22.0,109.0,0.0,0.0,109.0,0.0
2021-08-09 21:00:00,0.2,22.0,22.0,115.0,0.0,0.0,115.0,0.0
2021-08-09 22:00:00,0.2,22.0,22.0,109.0,0.0,0.0,109.0,0.0
2021-08-09 23:00:00,0.2,21.0,21.0,98.0,0.0,0.0,98.0,0.0
2021-08-10 00:00:00,0.0,21.0,21.0,68.0,0.0,0.0,68.0,0.0
2021-08-10 01:00:00,0.0,23.0,23.0,99.0,0.0,0.0,99.0,0.0
2021-08-10 02:00:00,0.0,21.0,21.0,96.0,0.0,0.0,96.0,0.0
2021-08-10 03:00:00,0.0,21.0,21.0,98.0,0.0,0.0,98.0,0.0
2021-08-10 04:00:00,0.0,21.0,21.0,101.0,0.0,0.0,101.0,0.0
2021-08-10 05:00:00,0.0,22.0,22.0,85.0,0.0,0.0,85.0,0.0
2021-08-10 06:00:00,0.0,21.0,21.0,100.0,0.0,0.0,100.0,0.0
2021-08-10 07:00:00,0.0,20.0,20.0,128.0,0.0,0.0,128.0,0.0
2021-08-10 08:00:00,0.0,22.0,22.0,183.0,0.0,0.0,183.0,0.0
2021-08-10 09:00:00,0.0,21.0,21.0,185.0,0.0,0.0,185.0,0.0
2021-08-10 10:00:00,0.0,21.0,21.0,175.0,0.0,0.0,175.0,0.0
2021-08-10 11:00:00,0.0,22.0,22.0,185.0,0.0,0.0,185.0,0.0
2021-08-10 12:00:00,0.0,23.0,23.0,107.0,0.0,0.0,107.0,0.0
2021-08-10 13:00:00,0.0,21.0,21.0,181.0,0.0,0.0,181.0,0.0
2021-08-10 14:00:00,0.0,21.0,21.0,170.0,0.0,0.0,170.0,0.0
2021-08-10 15:00:00,0.0,23.0,23.0,155.0,0.0,0.0,155.0,0.0
2021-08-10 16:00:00,0.0,22.0,22.0,169.0,0.0,0.0,169.0,0.0
2021-08-10 17:00:00,0.0,21.0,21.0,126.0,0.0,0.0,126.0,0.0
2021-08-10 18:00:00,0.0,22.0,22.0,165.0,0.0,0.0,165.0,0.0
2021-08-10 19:00:00,0.0,23.0,23.0,156.0,0.0,0.0,156.0,0.0
2021-08-10 20:00:00,0.0,21.0,21.0,129.0,0.0,0.0,129.0,0.0
2021-08-10 21:00:00,0.0,22.0,22.0,123.0,0.0,0.0,123.0,0.0
2021-08-10 22:00:00,0.0,21.0,21.0,106.0,0.0,0.0,106.0,0.0
2021-08-10 23:00:00,0.0,23.0,23.0,99.0,0.0,0.0,99.0,0.0
2021-08-10 00:00:00,0.05,21.0,21.0,68.0,0.0,0.0,68.0,0.0
2021-08-10 01:00:00,0.05,23.0,23.0,99.0,0.0,0.0,99.0,0.0
2021-08-10 02:00:00,0.05,21.0,21.0,96.0,0.0,0.0,96.0,0.0
2021-08-10 03:00:00,0.05,21.0,21.0,98.0,0.0,0.0,98.0,0.0
2021-08-10 04:00:00,0.05,21.0,21.0,101.0,0.0,0.0,101.0,0.0
2021-08-10 05:00:00,0.05,22.0,22.0,85.0,0.0,0.0,85.0,0.0
2021-08-10 06:00:00,0.05,21.0,21.0,100.0,0.0,0.0,100.0,0.0
2021-08-10 07:00:00,0.05,20.0,20.0,128.0,0.0,0.0,128.0,0.0
2021-08-10 08:00:00,0.05,22.0,22.0,183.0,0.0,0.0,183.0,0.0
2021-08-10 09:00:00,0.05,21.0,21.0,185.0,0.0,0.0,185.0,0.0
2021-08-10 10:00:00,0.05,21.0,21.0,175.0,0.0,0.0,175.0,0.0
2021-08-10 11:00:00,0.05,22.0,22.0,185.0,0.0,0.0,185.0,0.0
2021-08-10 12:00:00,0.05,23.0,23.0,107.0,0.0,0.0,107.0,0.0
2021-08-10 13:00:00,0.05,21.0,21.0,181.0,0.0,0.0,181.0,0.0
2021-08-10 14:00:00,0.05,21.0,21.0,170.0,0.0,0.0,170.0,0.0
2021-08-10 15:00:00,0.05,23.0,23.0,155.0,0.0,0.0,155.0,0.0
2021-08-10 16:00:00,0.05,22.0,22.0,169.0,0.0,0.0,169.0,0.0
2021-08-10 17:00:00,0.05,21.0,21.0,126.0,0.0,0.0,126.0,0.0
2021-08-10 18:00:00,0.05,22.0,22.0,165.0,0.0,0.0,165.0,0.0
2021-08-10 19:00:00,0.05,23.0,23.0,156.0,0.0,0.0,156.0,0.0
2021-08-10 20:00:00,0.05,21.0,21.0,129.0,0.0,0.0,129.0,0.0
2021-08-10 21:00:00,0.05,22.0,22.0,123.0,0.0,0.0,123.0,0.0
2021-08-10 22:00:00,0.05,21.0,21.0,106.0,0.0,0.0,106.0,0.0
2021-08-10 23:00:00,0.05,23.0,23.0,99.0,0.0,0.0,99.0,0.0
2021-08-10 00:00:00,0.1,21.0,21.0,68.0,0.0,0.0,68.0,0.0
2021-08-10 01:00:00,0.1,23.0,23.0,99.0,0.0,0.0,99.0,0.0
2021-08-10 02:00:00,0.1,21.0,21.0,96.0,0.0,0.0,96.0,0.0
2021-08-10 03:00:00,0.1,21.0,21.0,98.0,0.0,0.0,98.0,0.0
2021-08-10 04:00:00,0.1,21.0,21.0,101.0,0.0,0.0,101.0,0.0
2021-08-10 05:00:00,0.1,22.0,22.0,85.0,0.0,0.0,85.0,0.0
2021-08-10 06:00:00,0.1,21.0,21.0,100.0,0.0,0.0,100.0,0.0
2021-08-10 07:00:00,0.1,20.0,20.0,128.0,0.0,0.0,128.0,0.0
2021-08-10 08:00:00,0.1,22.0,22.0,183.0,0.0,0.0,183.0,0.0
2021-08-10 09:00:00,0.1,21.0,21.0,185.0,0.0,0.0,185.0,0.0
2021-08-10 10:00:00,0.1,21.0,21.0,175.0,0.0,0.0,175.0,0.0
2021-08-10 11:00:00,0.1,22.0,22.0,185.0,0.0,0.0,185.0,0.0
2021-08-10 12:00:00,0.1,23.0,23.0,107.0,0.0,0.0,107.0,0.0
2021-08-10 13:00:00,0.1,21.0,21.0,181.0,0.0,0.0,181.0,0.0
2021-08-10 14:00:00,0.1,21.0,21.0,170.0,0.0,0.0,170.0,0.0
2021-08-10 15:00:00,0.1,23.0,23.0,155.0,0.0,0.0,155.0,0.0
2021-08-10 16:00:00,0.1,22.0,22.0,169.0,0.0,0.0,169.0,0.0
2021-08-10 17:00:00,0.1,21.0,21.0,126.0,0.0,0.0,126.0,0.0
2021-08-10 18:00:00,0.1,22.0,22.0,165.0,0.0,0.0,165.0,0.0
2021-08-10 19:00:00,0.1,23.0,23.0,156.0,0.0,0.0,156.0,0.0
2021-08-10 20:00:00,0.1,21.0,21.0,129.0,0.0,0.0,129.0,0.0
2021-08-10 21:00:00,0.1,22.0,22.0,123.0,0.0,0.0,123.0,0.0
2021-08-10 22:00:00,0.1,21.0,21.0,106.0,0.0,0.0,106.0,0.0
2021-08-10 23:00:00,0.1,23.0,23.0,99.0,0.0,0.0,99.0,0.0
2021-08-10 00:00:00,0.2,21.0,21.0,68.0,0.0,0.0,68.0,0.0
2021-08-10 01:00:00,0.2,23.0,23.0,99.0,0.0,0.0,99.0,0.0
2021-08-10 02:00:00,0.2,21.0,21.0,96.0,0.0,0.0,96.0,0.0
2021-08-10 03:00:00,0.2,21.0,21.0,98.0,0.0,0.0,98.0,0.0
2021-08-10 04:00:00,0.2,21.0,21.0,101.0,0.0,0.0,101.0,0.0
2021-08-10 05:00:00,0.2,22.0,22.0,85.0,0.0,0.0,85.0,0.0
2021-08-10 06:00:00,0.2,21.0,21.0,100.0,0.0,0.0,100.0,0.0
2021-08-10 07:00:00,0.2,20.0,20.0,128.0,0.0,0.0,128.0,0.0
2021-08-10 08:00:00,0.2,22.0,22.0,183.0,0.0,0.0,183.0,0.0
2021-08-10 09:00:00,0.2,21.0,21.0,185.0,0.0,0.0,185.0,0.0
2021-08-10 10:00:00,0.2,21.0,21.0,175.0,0.0,0.0,175.0,0.0
2021-08-10 11:00:00,0.2,22.0,22.0,185.0,0.0,0.0,185.0,0.0
2021-08-10 12:00:00,0.2,23.0,23.0,107.0,0.0,0.0,107.0,0.0
2021-08-10 13:00:00,0.2,21.0,21.0,181.0,0.0,0.0,181.0,0.0
2021-08-10 14:00:00,0.2,21.0,21.0,170.0,0.0,0.0,170.0,0.0
2021-08-10 15:00:00,0.2,23.0,23.0,155.0,0.0,0.0,155.0,0.0
2021-08-10 16:00:00,0.2,22.0,22.0,169.0,0.0,0.0,169.0,0.0
2021-08-10 17:00:00,0.2,21.0,21.0,126.0,0.0,0.0,126.0,0.0
2021-08-10 18:00:00,0.2,22.0,22.0,165.0,0.0,0.0,165.0,0.0
2021-08-10 19:00:00,0.2,23.0,23.0,156.0,0.0,0.0,156.0,0.0
2021-08-10 20:00:00,0.2,21.0,21.0,129.0,0.0,0.0,129.0,0.0
2021-08-10 21:00:00,0.2,22.0,22.0,123.0,0.0,0.0,123.0,0.0
2021-08-10 22:00:00,0.2,21.0,21.0,106.0,0.0,0.0,106.0,0.0
2021-08-10 23:00:00,0.2,23.0,23.0,99.0,0.0,0.0,99.0,0.0
2021-08-11 00:00:00,0.0,21.0,21.0,77.0,0.0,0.0,77.0,0.0
2021-08-11 01:00:00,0.0,21.0,21.0,99.0,0.0,0.0,99.0,0.0
2021-08-11 02:00:00,0.0,20.0,20.0,109.0,0.0,0.0,109.0,0.0
2021-08-11 03:00:00,0.0,22.0,22.0,104.0,0.0,0.0,104.0,0.0
2021-08-11 04:00:00,0.0,21.0,21.0,111.0,0.0,0.0,111.0,0.0
2021-08-11 05:00:00,0.0,21.0,21.0,92.0,0.0,0.0,92.0,0.0
2021-08-11 06:00:00,0.0,23.0,23.0,122.0,0.0,0.0,122.0,0.0
2021-08-11 07:00:00,0.0,20.0,20.0,132.0,0.0,0.0,132.0,0.0
2021-08-11 08:00:00,0.0,21.0,21.0,203.0,0.0,0.0,203.0,0.0
2021-08-11 09:00:00,0.0,21.0,21.0,179.0,0.0,0.0,179.0,0.0
2021-08-11 10:00:00,0.0,22.0,22.0,183.0,0.0,0.0,183.0,0.0
2021-08-11 11:00:00,0.0,21.0,21.0,184.0,0.0,0.0,184.0,0.0
2021-08-11 12:00:00,0.0,21.0,21.0,113.0,0.0,0.0,113.0,0.0
2021-08-11 13:00:00,0.0,22.0,22.0,183.0,0.0,0.0,183.0,0.0
2021-08-11 14:00:00,0.0,22.0,22.0,187.0,0.0,0.0,187.0,0.0
2021-08-11 15:00:00,0.0,22.0,22.0,153.0,0.0,0.0,153.0,0.0
2021-08-11 16:00:00,0.0,21.0,21.0,182.0,0.0,0.0,182.0,0.0
2021-08-11 17:00:00,0.0,23.0,23.0,151.0,0.0,0.0,151.0,0.0
2021-08-11 18:00:00,0.0,21.0,21.0,180.0,0.0,0.0,180.0,0.0
2021-08-11 19:00:00,0.0,21.0,21.0,150.0,0.0,0.0,150.0,0.0
2021-08-11 20:00:00,0.0,21.0,21.0,125.0,0.0,0.0,125.0,0.0
2021-08-11 21:00:00,0.0,23.0,23.0,108.0,0.0,0.0,108.0,0.0
2021-08-11 22:00:00,0.0,21.0,21.0,110.0,0.0,0.0,110.0,0.0
2021-08-11 23:00:00,0.0,21.0,21.0,99.0,0.0,0.0,99.0,0.0
2021-08-11 00:00:00,0.05,21.0,21.0,77.0,0.0,0.0,77.0,0.0
2021-08-11 01:00:00,0.05,21.0,21.0,99.0,0.0,0.0,99.0,0.0
2021-08-11 02:00:00,0.05,20.0,20.0,109.0,0.0,0.0,109.0,0.0
2021-08-11 03:00:00,0.05,22.0,22.0,104.0,0.0,0.0,104.0,0.0
2021-08-11 04:00:00,0.05,21.0,21.0,111.0,0.0,0.0,111.0,0.0
2021-08-11 05:00:00,0.05,21.0,21.0,92.0,0.0,0.0,92.0,0.0
2021-08-11 06:00:00,0.05,23.0,23.0,122.0,0.0,0.0,122.0,0.0
2021-08-11 07:00:00,0.05,20.0,20.0,132.0,0.0,0.0,132.0,0.0
2021-08-11 08:00:00,0.05,21.0,21.0,203.0,0.0,0.0,203.0,0.0
2021-08-11 09:00:00,0.05,21.0,21.0,179.0,0.0,0.0,179.0,0.0
2021-08-11 10:00:00,0.05,22.0,22.0,183.0,0.0,0.0,183.0,0.0
2021-08-11 11:00:00,0.05,21.0,21.0,184.0,0.0,0.0,184.0,0.0
2021-08-11 12:00:00,0.05,21.0,21.0,113.0,0.0,0.0,113.0,0.0
2021-08-11 13:00:00,0.05,22.0,22.0,183.0,0.0,0.0,183.0,0.0
2021-08-11 14:00:00,0.05,22.0,22.0,187.0,0.0,0.0,187.0,0.0
2021-08-11 15:00:00,0.05,22.0,22.0,153.0,0.0,0.0,153.0,0.0
2021-08-11 16:00:00,0.05,21.0,21.0,182.0,0.0,0.0,182.0,0.0
2021-08-11 17:00:00,0.05,23.0,23.0,151.0,0.0,0.0,151.0,0.0
2021-08-11 18:00:00,0.05,21.0,21.0,180.0,0.0,0.0,180.0,0.0
2021-08-11 19:00:00,0.05,21.0,21.0,150.0,0.0,0.0,150.0,0.0
2021-08-11 20:00:00,0.05,21.0,21.0,125.0,0.0,0.0,125.0,0.0
2021-08-11 21:00:00,0.05,23.0,23.0,108.0,0.0,0.0,108.0,0.0
2021-08-11 22:00:00,0.05,21.0,21.0,110.0,0.0,0.0,110.0,0.0
2021-08-11 23:00:00,0.05,21.0,21.0,99.0,0.0,0.0,99.0,0.0
2021-08-11 00:00:00,0.1,21.0,21.0,77.0,0.0,0.0,77.0,0.0
2021-08-11 01:00:00,0.1,21.0,21.0,99.0,0.0,0.0,99.0,0.0
2021-08-11 02:00:00,0.1,20.0,20.0,109.0,0.0,0.0,109.0,0.0
2021-08-11 03:00:00,0.1,22.0,22.0,104.0,0.0,0.0,104.0,0.0
2021-08-11 04:00:00,0.1,21.0,21.0,111.0,0.0,0.0,111.0,0.0
2021-08-11 05:00:00,0.1,21.0,21.0,92.0,0.0,0.0,92.0,0.0
2021-08-11 06:00:00,0.1,23.0,23.0,122.0,0.0,0.0,122.0,0.0
2021-08-11 07:00:00,0.1,20.0,20.0,132.0,0.0,0.0,132.0,0.0
2021-08-11 08:00:00,0.1,21.0,21.0,203.0,0.0,0.0,203.0,0.0
2021-08-11 09:00:00,0.1,21.0,21.0,179.0,0.0,0.0,179.0,0.0
2021-08-11 10:00:00,0.1,22.0,22.0,183.0,0.0,0.0,183.0,0.0
2021-08-11 11:00:00,0.1,21.0,21.0,184.0,0.0,0.0,184.0,0.0
2021-08-11 12:00:00,0.1,21.0,21.0,113.0,0.0,0.0,113.0,0.0
2021-08-11 13:00:00,0.1,22.0,22.0,183.0,0.0,0.0,183.0,0.0
2021-08-11 14:00:00,0.1,22.0,22.0,187.0,0.0,0.0,187.0,0.0
2021-08-11 15:00:00,0.1,22.0,22.0,153.0,0.0,0.0,153.0,0.0
2021-08-11 16:00:00,0.1,21.0,21.0,182.0,0.0,0.0,182.0,0.0
2021-08-11 17:00:00,0.1,23.0,23.0,151.0,0.0,0.0,151.0,0.0
2021-08-11 18:00:00,0.1,21.0,21.0,180.0,0.0,0.0,180.0,0.0
2021-08-11 19:00:00,0.1,21.0,21.0,150.0,0.0,0.0,150.0,0.0
2021-08-11 20:00:00,0.1,21.0,21.0,125.0,0.0,0.0,125.0,0.0
2021-08-11 21:00:00,0.1,23.0,23.0,108.0,0.0,0.0,108.0,0.0
2021-08-11 22:00:00,0.1,21.0,21.0,110.0,0.0,0.0,110.0,0.0
2021-08-11 23:00:00,0.1,21.0,21.0,99.0,0.0,0.0,99.0,0.0
2021-08-11 00:00:00,0.2,21.0,21.0,77.0,0.0,0.0,77.0,0.0
2021-08-11 01:00:00,0.2,21.0,21.0,99.0,0.0,0.0,99.0,0.0
2021-08-11 02:00:00,0.2,20.0,20.0,109.0,0.0,0.0,109.0,0.0
2021-08-11 03:00:00,0.2,22.0,22.0,104.0,0.0,0.0,104.0,0.0
2021-08-11 04:00:00,0.2,21.0,21.0,111.0,0.0,0.0,111.0,0.0
2021-08-11 05:00:00,0.2,21.0,21.0,92.0,0.0,0.0,92.0,0.0
2021-08-11 06:00:00,0.2,23.0,23.0,122.0,0.0,0.0,122.0,0.0
2021-08-11 07:00:00,0.2,20.0,20.0,132.0,0.0,0.0,132.0,0.0
2021-08-11 08:00:00,0.2,21.0,21.0,203.0,0.0,0.0,203.0,0.0
2021-08-11 09:00:00,0.2,21.0,21.0,179.0,0.0,0.0,179.0,0.0
2021-08-11 10:00:00,0.2,22.0,22.0,183.0,0.0,0.0,183.0,0.0
2021-08-11 11:00:00,0.2,21.0,21.0,184.0,0.0,0.0,184.0,0.0
2021-08-11 12:00:00,0.2,21.0,21.0,113.0,0.0,0.0,113.0,0.0
2021-08-11 13:00:00,0.2,22.0,22.0,183.0,0.0,0.0,183.0,0.0
2021-08-11 14:00:00,0.2,22.0,22.0,187.0,0.0,0.0,187.0,0.0
2021-08-11 15:00:00,0.2,22.0,22.0,153.0,0.0,0.0,153.0,0.0
2021-08-11 16:00:00,0.2,21.0,21.0,182.0,0.0,0.0,182.0,0.0
2021-08-11 17:00:00,0.2,23.0,23.0,151.0,0.0,0.0,151.0,0.0
2021-08-11 18:00:00,0.2,21.0,21.0,180.0,0.0,0.0,180.0,0.0
2021-08-11 19:00:00,0.2,21.0,21.0,150.0,0.0,0.0,150.0,0.0
2021-08-11 20:00:00,0.2,21.0,21.0,125.0,0.0,0.0,125.0,0.0
2021-08-11 21:00:00,0.2,23.0,23.0,108.0,0.0,0.0,108.0,0.0
2021-08-11 22:00:00,0.2,21.0,21.0,110.0,0.0,0.0,110.0,0.0
2021-08-11 23:00:00,0.2,21.0,21.0,99.0,0.0,0.0,99.0,0.0
2021-08-12 00:00:00,0.0,21.0,21.0,76.0,0.0,0.0,76.0,0.0
2021-08-12 01:00:00,0.0,22.0,22.0,105.0,0.0,0.0,105.0,0.0
2021-08-12 02:00:00,0.0,21.0,21.0,108.0,0.0,0.0,108.0,0.0
2021-08-12 03:00:00,0.0,21.0,21.0,104.0,0.0,0.0,104.0,0.0
2021-08-12 04:00:00,0.0,22.0,22.0,107.0,0.0,0.0,107.0,0.0
2021-08-12 05:00:00,0.0,21.0,21.0,89.0,0.0,0.0,89.0,0.0
2021-08-12 06:00:00,0.0,21.0,21.0,114.0,0.0,0.0,114.0,0.0
2021-08-12 07:00:00,0.0,20.0,20.0,130.0,0.0,0.0,130.0,0.0
2021-08-12 08:00:00,0.0,22.0,22.0,187.0,0.0,0.0,187.0,0.0
2021-08-12 09:00:00,0.0,21.0,21.0,181.0,0.0,0.0,181.0,0.0
2021-08-12 10:00:00,0.0,21.0,21.0,177.0,0.0,0.0,177.0,0.0
2021-08-12 11:00:00,0.0,22.0,22.0,188.0,0.0,0.0,188.0,0.0
2021-08-12 12:00:00,0.0,22.0,22.0,120.0,0.0,0.0,120.0,0.0
2021-08-12 13:00:00,0.0,22.0,22.0,170.0,0.0,0.0,170.0,0.0
2021-08-12 14:00:00,0.0,21.0,21.0,184.0,0.0,0.0,184.0,0.0
2021-08-12 15:00:00,0.0,23.0,23.0,165.0,0.0,0.0,165.0,0.0
2021-08-12 16:00:00,0.0,22.0,22.0,170.0,0.0,0.0,170.0,0.0
2021-08-12 17:00:00,0.0,22.0,22.0,135.0,0.0,0.0,135.0,0.0
2021-08-12 18:00:00,0.0,21.0,21.0,172.0,0.0,0.0,172.0,0.0
2021-08-12 19:00:00,0.0,22.0,22.0,161.0,0.0,0.0,161.0,0.0
2021-08-12 20:00:00,0.0,21.0,21.0,125.0,0.0,0.0,125.0,0.0
2021-08-12 21:00:00,0.0,21.0,21.0,112.0,0.0,0.0,112.0,0.0
2021-08-12 22:00:00,0.0,22.0,22.0,116.0,0.0,0.0,116.0,0.0
2021-08-12 23:00:00,0.0,23.0,23.0,103.0,0.0,0.0,103.0,0.0
2021-08-12 00:00:00,0.05,21.0,21.0,76.0,0.0,0.0,76.0,0.0
2021-08-12 01:00:00,0.05,22.0,22.0,105.0,0.0,0.0,105.0,0.0
2021-08-12 02:00:00,0.05,21.0,21.0,108.0,0.0,0.0,108.0,0.0
2021-08-12 03:00:00,0.05,21.0,21.0,104.0,0.0,0.0,104.0,0.0
2021-08-12 04:00:00,0.05,22.0,22.0,107.0,0.0,0.0,107.0,0.0
2021-08-12 05:00:00,0.05,21.0,21.0,89.0,0.0,0.0,89.0,0.0
2021-08-12 06:00:00,0.05,21.0,21.0,114.0,0.0,0.0,114.0,0.0
2021-08-12 07:00:00,0.05,20.0,20.0,130.0,0.0,0.0,130.0,0.0
2021-08-12 08:00:00,0.05,22.0,22.0,187.0,0.0,0.0,187.0,0.0
2021-08-12 09:00:00,0.05,21.0,21.0,181.0,0.0,0.0,181.0,0.0
2021-08-12 10:00:00,0.05,21.0,21.0,177.0,0.0,0.0,177.0,0.0
2021-08-12 11:00:00,0.05,22.0,22.0,188.0,0.0,0.0,188.0,0.0
2021-08-12 12:00:00,0.05,22.0,22.0,120.0,0.0,0.0,120.0,0.0
2021-08-12 13:00:00,0.05,22.0,22.0,170.0,0.0,0.0,170.0,0.0
2021-08-12 14:00:00,0.05,21.0,21.0,184.0,0.0,0.0,184.0,0.0
2021-08-12 15:00:00,0.05,23.0,23.0,165.0,0.0,0.0,165.0,0.0
2021-08-12 16:00:00,0.05,22.0,22.0,170.0,0.0,0.0,170.0,0.0
2021-08-12 17:00:00,0.05,22.0,22.0,135.0,0.0,0.0,135.0,0.0
2021-08-12 18:00:00,0.05,21.0,21.0,172.0,0.0,0.0,172.0,0.0
2021-08-12 19:00:00,0.05,22.0,22.0,161.0,0.0,0.0,161.0,0.0
2021-08-12 20:00:00,0.05,21.0,21.0,125.0,0.0,0.0,125.0,0.0
2021-08-12 21:00:00,0.05,21.0,21.0,112.0,0.0,0.0,112.0,0.0
2021-08-12 22:00:00,0.05,22.0,22.0,116.0,0.0,0.0,116.0,0.0
2021-08-12 23:00:00,0.05,23.0,23.0,103.0,0.0,0.0,103.0,0.0
2021-08-12 00:00:00,0.1,21.0,21.0,76.0,0.0,0.0,76.0,0.0
2021-08-12 01:00:00,0.1,22.0,22.0,105.0,0.0,0.0,105.0,0.0
2021-08-12 02:00:00,0.1,21.0,21.0,108.0,0.0,0.0,108.0,0.0
2021-08-12 03:00:00,0.1,21.0,21.0,104.0,0.0,0.0,104.0,0.0
2021-08-12 04:00:00,0.1,22.0,22.0,107.0,0.0,0.0,107.0,0.0
2021-08-12 05:00:00,0.1,21.0,21.0,89.0,0.0,0.0,89.0,0.0
2021-08-12 06:00:00,0.1,21.0,21.0,114.0,0.0,0.0,114.0,0.0
2021-08-12 07:00:00,0.1,20.0,20.0,130.0,0.0,0.0,130.0,0.0
2021-08-12 08:00:00,0.1,22.0,22.0,187.0,0.0,0.0,187.0,0.0
2021-08-12 09:00:00,0.1,21.0,21.0,181.0,0.0,0.0,181.0,0.0
2021-08-12 10:00:00,0.1,21.0,21.0,177.0,0.0,0.0,177.0,0.0
2021-08-12 11:00:00,0.1,22.0,22.0,188.0,0.0,0.0,188.0,0.0
2021-08-12 12:00:00,0.1,22.0,22.0,120.0,0.0,0.0,120.0,0.0
2021-08-12 13:00:00,0.1,22.0,22.0,170.0,0.0,0.0,170.0,0.0
2021-08-12 14:00:00,0.1,21.0,21.0,184.0,0.0,0.0,184.0,0.0
2021-08-12 15:00:00,0.1,23.0,23.0,165.0,0.0,0.0,165.0,0.0
2021-08-12 16:00:00,0.1,22.0,22.0,170.0,0.0,0.0,170.0,0.0
2021-08-12 17:00:00,0.1,22.0,22.0,135.0,0.0,0.0,135.0,0.0
2021-08-12 18:00:00,0.1,21.0,21.0,172.0,0.0,0.0,172.0,0.0
2021-08-12 19:00:00,0.1,22.0,22.0,161.0,0.0,0.0,161.0,0.0
2021-08-12 20:00:00,0.1,21.0,21.0,125.0,0.0,0.0,125.0,0.0
2021-08-12 21:00:00,0.1,21.0,21.0,112.0,0.0,0.0,112.0,0.0
2021-08-12 22:00:00,0.1,22.0,22.0,116.0,0.0,0.0,116.0,0.0
2021-08-12 23:00:00,0.1,23.0,23.0,103.0,0.0,0.0,103.0,0.0
2021-08-12 00:00:00,0.2,21.0,21.0,76.0,0.0,0.0,76.0,0.0
2021-08-12 01:00:00,0.2,22.0,22.0,105.0,0.0,0.0,105.0,0.0
2021-08-12 02:00:00,0.2,21.0,21.0,108.0,0.0,0.0,108.0,0.0
2021-08-12 03:00:00,0.2,21.0,21.0,104.0,0.0,0.0,104.0,0.0
2021-08-12 04:00:00,0.2,22.0,22.0,107.0,0.0,0.0,107.0,0.0
2021-08-12 05:00:00,0.2,21.0,21.0,89.0,0.0,0.0,89.0,0.0
2021-08-12 06:00:00,0.2,21.0,21.0,114.0,0.0,0.0,114.0,0.0
2021-08-12 07:00:00,0.2,20.0,20.0,130.0,0.0,0.0,130.0,0.0
2021-08-12 08:00:00,0.2,22.0,22.0,187.0,0.0,0.0,187.0,0.0
2021-08-12 09:00:00,0.2,21.0,21.0,181.0,0.0,0.0,181.0,0.0
2021-08-12 10:00:00,0.2,21.0,21.0,177.0,0.0,0.0,177.0,0.0
2021-08-12 11:00:00,0.2,22.0,22.0,188.0,0.0,0.0,188.0,0.0
2021-08-12 12:00:00,0.2,22.0,22.0,120.0,0.0,0.0,120.0,0.0
2021-08-12 13:00:00,0.2,22.0,22.0,170.0,0.0,0.0,170.0,0.0
2021-08-12 14:00:00,0.2,21.0,21.0,184.0,0.0,0.0,184.0,0.0
2021-08-12 15:00:00,0.2,23.0,23.0,165.0,0.0,0.0,165.0,0.0
2021-08-12 16:00:00,0.2,22.0,22.0,170.0,0.0,0.0,170.0,0.0
2021-08-12 17:00:00,0.2,22.0,22.0,135.0,0.0,0.0,135.0,0.0
2021-08-12 18:00:00,0.2,21.0,21.0,172.0,0.0,0.0,172.0,0.0
2021-08-12 19:00:00,0.2,22.0,22.0,161.0,0.0,0.0,161.0,0.0
2021-08-12 20:00:00,0.2,21.0,21.0,125.0,0.0,0.0,125.0,0.0
2021-08-12 21:00:00,0.2,21.0,21.0,112.0,0.0,0.0,112.0,0.0
2021-08-12 22:00:00,0.2,22.0,22.0,116.0,0.0,0.0,116.0,0.0
2021-08-12 23:00:00,0.2,23.0,23.0,103.0,0.0,0.0,103.0,0.0
2021-08-13 00:00:00,0.0,21.0,21.0,72.0,0.0,0.0,72.0,0.0
2021-08-13 01:00:00,0.0,21.0,21.0,100.0,0.0,0.0,100.0,0.0
2021-08-13 02:00:00,0.0,20.0,20.0,112.0,0.0,0.0,112.0,0.0
2021-08-13 03:00:00,0.0,22.0,22.0,116.0,0.0,0.0,116.0,0.0
2021-08-13 04:00:00,0.0,22.0,22.0,110.0,0.0,0.0,110.0,0.0
2021-08-13 05:00:00,0.0,21.0,21.0,88.0,0.0,0.0,88.0,0.0
2021-08-13 06:00:00,0.0,22.0,22.0,110.0,0.0,0.0,110.0,0.0
2021-08-13 07:00:00,0.0,20.0,20.0,136.0,0.0,0.0,136.0,0.0
2021-08-13 08:00:00,0.0,20.0,20.0,196.0,0.0,0.0,196.0,0.0
2021-08-13 09:00:00,0.0,21.0,21.0,188.0,0.0,0.0,188.0,0.0
2021-08-13 10:00:00,0.0,24.0,24.0,184.0,0.0,0.0,184.0,0.0
2021-08-13 11:00:00,0.0,24.0,24.0,196.0,0.0,0.0,196.0,0.0
2021-08-13 12:00:00,0.0,24.0,24.0,111.0,0.0,0.0,111.0,0.0
2021-08-13 13:00:00,0.0,23.0,23.0,183.0,0.0,0.0,183.0,0.0
2021-08-13 14:00:00,0.0,24.0,24.0,189.0,0.0,0.0,189.0,0.0
2021-08-13 15:00:00,0.0,22.0,22.0,167.0,0.0,0.0,167.0,0.0
2021-08-13 16:00:00,0.0,22.0,22.0,183.0,0.0,0.0,183.0,0.0
2021-08-13 17:00:00,0.0,23.0,23.0,149.0,0.0,0.0,149.0,0.0
2021-08-13 18:00:00,0.0,22.0,22.0,174.0,0.0,0.0,174.0,0.0
2021-08-13 19:00:00,0.0,21.0,21.0,146.0,0.0,0.0,146.0,0.0
2021-08-13 20:00:00,0.0,21.0,21.0,117.0,0.0,0.0,117.0,0.0
2021-08-13 21:00:00,0.0,23.0,23.0,113.0,0.0,0.0,113.0,0.0
2021-08-13 22:00:00,0.0,21.0,21.0,109.0,0.0,0.0,109.0,0.0
2021-08-13 23:00:00,0.0,21.0,21.0,97.0,0.0,0.0,97.0,0.0
2021-08-13 00:00:00,0.05,21.0,21.0,72.0,0.0,0.0,72.0,0.0
2021-08-13 01:00:00,0.05,21.0,21.0,100.0,0.0,0.0,100.0,0.0
2021-08-13 02:00:00,0.05,20.0,20.0,112.0,0.0,0.0,112.0,0.0
2021-08-13 03:00:00,0.05,22.0,22.0,116.0,0.0,0.0,116.0,0.0
2021-08-13 04:00:00,0.05,22.0,22.0,110.0,0.0,0.0,110.0,0.0
2021-08-13 05:00:00,0.05,21.0,21.0,88.0,0.0,0.0,88.0,0.0
2021-08-13 06:00:00,0.05,22.0,22.0,110.0,0.0,0.0,110.0,0.0
2021-08-13 07:00:00,0.05,20.0,20.0,136.0,0.0,0.0,136.0,0.0
2021-08-13 08:00:00,0.05,20.0,20.0,196.0,0.0,0.0,196.0,0.0
2021-08-13 09:00:00,0.05,21.0,22.999999799999998,188.0,0.0,1.9999997999999977,189.9999998,0.0
2021-08-13 10:00:00,0.05,24.0,23.0000001,184.0,0.9999998999999988,0.0,183.0000001,0.0
2021-08-13 11:00:00,0.05,24.0,23.0000001,196.0,0.9999998999999988,0.0,195.0000001,0.0
2021-08-13 12:00:00,0.05,24.0,23.0000001,111.0,0.9999998999999988,0.0,110.0000001,0.0
2021-08-13 13:00:00,0.05,23.0,23.0000001,183.0,0.9999995999999953,0.9999996999999965,183.0000001,0.0
2021-08-13 14:00:00,0.05,24.0,23.0000001,189.0,1.0000001000000012,2.0000000233721948e-07,188.00000010000002,0.0
2021-08-13 15:00:00,0.05,22.0,22.999999599999995,167.0,0.0,0.9999995999999953,167.9999996,0.0
2021-08-13 16:00:00,0.05,22.0,23.0000001,183.0,0.0,1.0000001000000012,184.0000001,0.0
2021-08-13 17:00:00,0.05,23.0,23.0,149.0,0.0,0.0,149.0,0.0
2021-08-13 18:00:00,0.05,22.0,22.0,174.0,0.0,0.0,174.0,0.0
2021-08-13 19:00:00,0.05,21.0,21.0,146.0,0.0,0.0,146.0,0.0
2021-08-13 20:00:00,0.05,21.0,21.0,117.0,0.0,0.0,117.0,0.0
2021-08-13 21:00:00,0.05,23.0,23.0,113.0,0.0,0.0,113.0,0.0
2021-08-13 22:00:00,0.05,21.0,21.0,109.0,0.0,0.0,109.0,0.0
2021-08-13 23:00:00,0.05,21.0,21.0,97.0,0.0,0.0,97.0,0.0
2021-08-13 00:00:00,0.1,21.0,21.0,72.0,0.0,0.0,72.0,0.0
2021-08-13 01:00:00,0.1,21.0,21.0,100.0,0.0,0.0,100.0,0.0
2021-08-13 02:00:00,0.1,20.0,20.0,112.0,0.0,0.0,112.0,0.0
2021-08-13 03:00:00,0.1,22.0,22.0,116.0,0.0,0.0,116.0,0.0
2021-08-13 04:00:00,0.1,22.0,22.0,110.0,0.0,0.0,110.0,0.0
2021-08-13 05:00:00,0.1,21.0,21.0,88.0,0.0,0.0,88.0,0.0
2021-08-13 06:00:00,0.1,22.0,22.0,110.0,0.0,0.0,110.0,0.0
2021-08-13 07:00:00,0.1,20.0,20.0,136.0,0.0,0.0,136.0,0.0
2021-08-13 08:00:00,0.1,20.0,20.0,196.0,0.0,0.0,196.0,0.0
2021-08-13 09:00:00,0.1,21.0,22.999999799999998,188.0,0.0,1.9999997999999977,189.9999998,0.0
2021-08-13 10:00:00,0.1,24.0,23.0000001,184.0,0.9999998999999988,0.0,183.0000001,0.0
2021-08-13 11:00:00,0.1,24.0,23.0000001,196.0,0.9999998999999988,0.0,195.0000001,0.0
2021-08-13 12:00:00,0.1,24.0,23.0000001,111.0,0.9999998999999988,0.0,110.0000001,0.0
2021-08-13 13:00:00,0.1,23.0,23.0000001,183.0,0.9999997999999977,0.9999998999999988,183.0000001,0.0
2021-08-13 14:00:00,0.1,24.0,23.0000001,189.0,0.9999998999999988,0.0,188.0000001,0.0
2021-08-13 15:00:00,0.1,22.0,22.999999799999998,167.0,0.0,0.9999997999999977,167.9999998,0.0
2021-08-13 16:00:00,0.1,22.0,22.9999999,183.0,0.0,0.9999998999999988,183.9999999,0.0
2021-08-13 17:00:00,0.1,23.0,23.0,149.0,0.0,0.0,149.0,0.0
2021-08-13 18:00:00,0.1,22.0,22.0,174.0,0.0,0.0,174.0,0.0
2021-08-13 19:00:00,0.1,21.0,21.0,146.0,0.0,0.0,146.0,0.0
2021-08-13 20:00:00,0.1,21.0,21.0,117.0,0.0,0.0,117.0,0.0
2021-08-13 21:00:00,0.1,23.0,23.0,113.0,0.0,0.0,113.0,0.0
2021-08-13 22:00:00,0.1,21.0,21.0,109.0,0.0,0.0,109.0,0.0
2021-08-13 23:00:00,0.1,21.0,21.0,97.0,0.0,0.0,97.0,0.0
2021-08-13 00:00:00,0.2,21.0,21.0,72.0,0.0,0.0,72.0,0.0
2021-08-13 01:00:00,0.2,21.0,21.0,100.0,0.0,0.0,100.0,0.0
2021-08-13 02:00:00,0.2,20.0,20.0,112.0,0.0,0.0,112.0,0.0
2021-08-13 03:00:00,0.2,22.0,22.0,116.0,0.0,0.0,116.0,0.0
2021-08-13 04:00:00,0.2,22.0,22.0,110.0,0.0,0.0,110.0,0.0
2021-08-13 05:00:00,0.2,21.0,21.0,88.0,0.0,0.0,88.0,0.0
2021-08-13 06:00:00,0.2,22.0,22.0,110.0,0.0,0.0,110.0,0.0
2021-08-13 07:00:00,0.2,20.0,20.0,136.0,0.0,0.0,136.0,0.0
2021-08-13 08:00:00,0.2,20.0,20.0,196.0,0.0,0.0,196.0,0.0
2021-08-13 09:00:00,0.2,21.0,22.999999799999998,188.0,0.0,1.9999997999999977,189.9999998,0.0
2021-08-13 10:00:00,0.2,24.0,23.0000001,184.0,0.9999998999999988,0.0,183.0000001,0.0
2021-08-13 11:00:00,0.2,24.0,23.0000001,196.0,0.9999998999999988,0.0,195.0000001,0.0
2021-08-13 12:00:00,0.2,24.0,23.0000001,111.0,0.9999998999999988,0.0,110.0000001,0.0
2021-08-13 13:00:00,0.2,23.0,23.0000001,183.0,0.9999997999999977,0.9999998999999988,183.0000001,0.0
2021-08-13 14:00:00,0.2,24.0,23.0000001,189.0,0.9999998999999988,0.0,188.0000001,0.0
2021-08-13 15:00:00,0.2,22.0,22.999999799999998,167.0,0.0,0.9999997999999977,167.9999998,0.0
2021-08-13 16:00:00,0.2,22.0,22.9999999,183.0,0.0,0.9999998999999988,183.9999999,0.0
2021-08-13 17:00:00,0.2,23.0,23.0,149.0,0.0,0.0,149.0,0.0
2021-08-13 18:00:00,0.2,22.0,22.0,174.0,0.0,0.0,174.0,0.0
2021-08-13 19:00:00,0.2,21.0,21.0,146.0,0.0,0.0,146.0,0.0
2021-08-13 20:00:00,0.2,21.0,21.0,117.0,0.0,0.0,117.0,0.0
2021-08-13 21:00:00,0.2,23.0,23.0,113.0,0.0,0.0,113.0,0.0
2021-08-13 22:00:00,0.2,21.0,21.0,109.0,0.0,0.0,109.0,0.0
2021-08-13 23:00:00,0.2,21.0,21.0,97.0,0.0,0.0,97.0,0.0
2021-08-14 00:00:00,0.0,22.0,22.0,62.0,0.0,0.0,62.0,0.0
2021-08-14 01:00:00,0.0,22.0,22.0,97.0,0.0,0.0,97.0,0.0
2021-08-14 02:00:00,0.0,21.0,21.0,107.0,0.0,0.0,107.0,0.0
2021-08-14 03:00:00,0.0,21.0,21.0,91.0,0.0,0.0,91.0,0.0
2021-08-14 04:00:00,0.0,21.0,21.0,98.0,0.0,0.0,98.0,0.0
2021-08-14 05:00:00,0.0,22.0,22.0,83.0,0.0,0.0,83.0,0.0
2021-08-14 06:00:00,0.0,21.0,21.0,86.0,0.0,0.0,86.0,0.0
2021-08-14 07:00:00,0.0,21.0,21.0,53.0,0.0,0.0,53.0,0.0
2021-08-14 08:00:00,0.0,22.0,22.0,23.0,0.0,0.0,23.0,0.0
2021-08-14 09:00:00,0.0,22.0,22.0,22.0,0.0,0.0,22.0,0.0
2021-08-14 10:00:00,0.0,21.0,21.0,21.0,0.0,0.0,21.0,0.0
2021-08-14 11:00:00,0.0,21.0,21.0,23.0,0.0,0.0,23.0,0.0
2021-08-14 12:00:00,0.0,23.0,23.0,22.0,0.0,0.0,22.0,0.0
2021-08-14 13:00:00,0.0,21.0,21.0,21.0,0.0,0.0,21.0,0.0
2021-08-14 14:00:00,0.0,21.0,21.0,22.0,0.0,0.0,22.0,0.0
2021-08-14 15:00:00,0.0,21.0,21.0,23.0,0.0,0.0,23.0,0.0
2021-08-14 16:00:00,0.0,24.0,24.0,22.0,0.0,0.0,22.0,0.0
2021-08-14 17:00:00,0.0,21.0,21.0,21.0,0.0,0.0,21.0,0.0
2021-08-14 18:00:00,0.0,21.0,21.0,22.0,0.0,0.0,22.0,0.0
2021-08-14 19:00:00,0.0,22.0,22.0,23.0,0.0,0.0,23.0,0.0
2021-08-14 20:00:00,0.0,23.0,23.0,22.0,0.0,0.0,22.0,0.0
2021-08-14 21:00:00,0.0,22.0,22.0,22.0,0.0,0.0,22.0,0.0
2021-08-14 22:00:00,0.0,21.0,21.0,23.0,0.0,0.0,23.0,0.0
2021-08-14 23:00:00,0.0,23.0,23.0,22.0,0.0,0.0,22.0,0.0
2021-08-14 00:00:00,0.05,22.0,22.0,62.0,0.0,0.0,62.0,0.0
2021-08-14 01:00:00,0.05,22.0,22.0,97.0,0.0,0.0,97.0,0.0
2021-08-14 02:00:00,0.05,21.0,21.0,107.0,0.0,0.0,107.0,0.0
2021-08-14 03:00:00,0.05,21.0,21.0,91.0,0.0,0.0,91.0,0.0
2021-08-14 04:00:00,0.05,21.0,21.0,98.0,0.0,0.0,98.0,0.0
2021-08-14 05:00:00,0.05,22.0,22.0,83.0,0.0,0.0,83.0,0.0
2021-08-14 06:00:00,0.05,21.0,21.0,86.0,0.0,0.0,86.0,0.0
2021-08-14 07:00:00,0.05,21.0,21.0,53.0,0.0,0.0,53.0,0.0
2021-08-14 08:00:00,0.05,22.0,22.0,23.0,0.0,0.0,23.0,0.0
2021-08-14 09:00:00,0.05,22.0,22.0,22.0,0.0,0.0,22.0,0.0
2021-08-14 10:00:00,0.05,21.0,21.0,21.0,0.0,0.0,21.0,0.0
2021-08-14 11:00:00,0.05,21.0,21.0,23.0,0.0,0.0,23.0,0.0
2021-08-14 12:00:00,0.05,23.0,23.0,22.0,0.0,0.0,22.0,0.0
2021-08-14 13:00:00,0.05,21.0,21.0,21.0,0.0,0.0,21.0,0.0
2021-08-14 14:00:00,0.05,21.0,21.0,22.0,0.0,0.0,22.0,0.0
2021-08-14 15:00:00,0.05,21.0,21.9999999,23.0,0.0,0.9999998999999988,23.9999999,0.0
2021-08-14 16:00:00,0.05,24.0,23.0000001,22.0,0.9999998999999988,0.0,21.0000001,0.0
2021-08-14 17:00:00,0.05,21.0,21.0,21.0,0.0,0.0,21.0,0.0
2021-08-14 18:00:00,0.05,21.0,21.0,22.0,0.0,0.0,22.0,0.0
2021-08-14 19:00:00,0.05,22.0,22.0,23.0,0.0,0.0,23.0,0.0
2021-08-14 20:00:00,0.05,23.0,23.0,22.0,0.0,0.0,22.0,0.0
2021-08-14 21:00:00,0.05,22.0,22.0,22.0,0.0,0.0,22.0,0.0
2021-08-14 22:00:00,0.05,21.0,21.0,23.0,0.0,0.0,23.0,0.0
2021-08-14 23:00:00,0.05,23.0,23.0,22.0,0.0,0.0,22.0,0.0
2021-08-14 00:00:00,0.1,22.0,22.0,62.0,0.0,0.0,62.0,0.0
2021-08-14 01:00:00,0.1,22.0,22.0,97.0,0.0,0.0,97.0,0.0
2021-08-14 02:00:00,0.1,21.0,21.0,107.0,0.0,0.0,107.0,0.0
2021-08-14 03:00:00,0.1,21.0,21.0,91.0,0.0,0.0,91.0,0.0
2021-08-14 04:00:00,0.1,21.0,21.0,98.0,0.0,0.0,98.0,0.0
2021-08-14 05:00:00,0.1,22.0,22.0,83.0,0.0,0.0,83.0,0.0
2021-08-14 06:00:00,0.1,21.0,21.0,86.0,0.0,0.0,86.0,0.0
2021-08-14 07:00:00,0.1,21.0,21.0,53.0,0.0,0.0,53.0,0.0
2021-08-14 08:00:00,0.1,22.0,22.0,23.0,0.0,0.0,23.0,0.0
2021-08-14 09:00:00,0.1,22.0,22.0,22.0,0.0,0.0,22.0,0.0
2021-08-14 10:00:00,0.1,21.0,21.0,21.0,0.0,0.0,21.0,0.0
2021-08-14 11:00:00,0.1,21.0,21.0,23.0,0.0,0.0,23.0,0.0
2021-08-14 12:00:00,0.1,23.0,23.0,22.0,0.0,0.0,22.0,0.0
2021-08-14 13:00:00,0.1,21.0,21.0,21.0,0.0,0.0,21.0,0.0
2021-08-14 14:00:00,0.1,21.0,21.0,22.0,0.0,0.0,22.0,0.0
2021-08-14 15:00:00,0.1,21.0,21.9999999,23.0,0.0,0.9999998999999988,23.9999999,0.0
2021-08-14 16:00:00,0.1,24.0,23.0000001,22.0,0.9999998999999988,0.0,21.0000001,0.0
2021-08-14 17:00:00,0.1,21.0,21.0,21.0,0.0,0.0,21.0,0.0
2021-08-14 18:00:00,0.1,21.0,21.0,22.0,0.0,0.0,22.0,0.0
2021-08-14 19:00:00,0.1,22.0,22.0,23.0,0.0,0.0,23.0,0.0
2021-08-14 20:00:00,0.1,23.0,23.0,22.0,0.0,0.0,22.0,0.0
2021-08-14 21:00:00,0.1,22.0,22.0,22.0,0.0,0.0,22.0,0.0
2021-08-14 22:00:00,0.1,21.0,21.0,23.0,0.0,0.0,23.0,0.0
2021-08-14 23:00:00,0.1,23.0,23.0,22.0,0.0,0.0,22.0,0.0
2021-08-14 00:00:00,0.2,22.0,22.0,62.0,0.0,0.0,62.0,0.0
2021-08-14 01:00:00,0.2,22.0,22.0,97.0,0.0,0.0,97.0,0.0
2021-08-14 02:00:00,0.2,21.0,21.0,107.0,0.0,0.0,107.0,0.0
2021-08-14 03:00:00,0.2,21.0,21.0,91.0,0.0,0.0,91.0,0.0
2021-08-14 04:00:00,0.2,21.0,21.0,98.0,0.0,0.0,98.0,0.0
2021-08-14 05:00:00,0.2,22.0,22.0,83.0,0.0,0.0,83.0,0.0
2021-08-14 06:00:00,0.2,21.0,21.0,86.0,0.0,0.0,86.0,0.0
2021-08-14 07:00:00,0.2,21.0,21.0,53.0,0.0,0.0,53.0,0.0
2021-08-14 08:00:00,0.2,22.0,22.0,23.0,0.0,0.0,23.0,0.0
2021-08-14 09:00:00,0.2,22.0,22.0,22.0,0.0,0.0,22.0,0.0
2021-08-14 10:00:00,0.2,21.0,21.0,21.0,0.0,0.0,21.0,0.0
2021-08-14 11:00:00,0.2,21.0,21.0,23.0,0.0,0.0,23.0,0.0
2021-08-14 12:00:00,0.2,23.0,23.0,22.0,0.0,0.0,22.0,0.0
2021-08-14 13:00:00,0.2,21.0,21.0,21.0,0.0,0.0,21.0,0.0
2021-08-14 14:00:00,0.2,21.0,21.0,22.0,0.0,0.0,22.0,0.0
2021-08-14 15:00:00,0.2,21.0,21.9999999,23.0,0.0,0.9999998999999988,23.9999999,0.0
2021-08-14 16:00:00,0.2,24.0,23.0000001,22.0,0.9999998999999988,0.0,21.0000001,0.0
2021-08-14 17:00:00,0.2,21.0,21.0,21.0,0.0,0.0,21.0,0.0
2021-08-14 18:00:00,0.2,21.0,21.0,22.0,0.0,0.0,22.0,0.0
2021-08-14 19:00:00,0.2,22.0,22.0,23.0,0.0,0.0,23.0,0.0
2021-08-14 20:00:00,0.2,23.0,23.0,22.0,0.0,0.0,22.0,0.0
2021-08-14 21:00:00,0.2,22.0,22.0,22.0,0.0,0.0,22.0,0.0
2021-08-14 22:00:00,0.2,21.0,21.0,23.0,0.0,0.0,23.0,0.0
2021-08-14 23:00:00,0.2,23.0,23.0,22.0,0.0,0.0,22.0,0.0
2021-08-15 00:00:00,0.0,21.0,21.0,22.0,0.0,0.0,22.0,0.0
2021-08-15 01:00:00,0.0,21.0,21.0,23.0,0.0,0.0,23.0,0.0
2021-08-15 02:00:00,0.0,21.0,21.0,22.0,0.0,0.0,22.0,0.0
2021-08-15 03:00:00,0.0,23.0,23.0,21.0,0.0,0.0,21.0,0.0
2021-08-15 04:00:00,0.0,21.0,21.0,22.0,0.0,0.0,22.0,0.0
2021-08-15 05:00:00,0.0,21.0,21.0,23.0,0.0,0.0,23.0,0.0
2021-08-15 06:00:00,0.0,21.0,21.0,22.0,0.0,0.0,22.0,0.0
2021-08-15 07:00:00,0.0,22.0,22.0,21.0,0.0,0.0,21.0,0.0
2021-08-15 08:00:00,0.0,21.0,21.0,23.0,0.0,0.0,23.0,0.0
2021-08-15 09:00:00,0.0,21.0,21.0,23.0,0.0,0.0,23.0,0.0
2021-08-15 10:00:00,0.0,23.0,23.0,21.0,0.0,0.0,21.0,0.0
2021-08-15 11:00:00,0.0,21.0,21.0,22.0,0.0,0.0,22.0,0.0
2021-08-15 12:00:00,0.0,21.0,21.0,23.0,0.0,0.0,23.0,0.0
2021-08-15 13:00:00,0.0,21.0,21.0,22.0,0.0,0.0,22.0,0.0
2021-08-15 14:00:00,0.0,22.0,22.0,22.0,0.0,0.0,22.0,0.0
2021-08-15 15:00:00,0.0,21.0,21.0,21.0,0.0,0.0,21.0,0.0
2021-08-15 16:00:00,0.0,21.0,21.0,23.0,0.0,0.0,23.0,0.0
2021-08-15 17:00:00,0.0,22.0,22.0,22.0,0.0,0.0,22.0,0.0
2021-08-15 18:00:00,0.0,22.0,22.0,21.0,0.0,0.0,21.0,0.0
2021-08-15 19:00:00,0.0,21.0,21.0,23.0,0.0,0.0,23.0,0.0
2021-08-15 20:00:00,0.0,21.0,21.0,22.0,0.0,0.0,22.0,0.0
2021-08-15 21:00:00,0.0,22.0,22.0,22.0,0.0,0.0,22.0,0.0
2021-08-15 22:00:00,0.0,21.0,21.0,23.0,0.0,0.0,23.0,0.0
2021-08-15 23:00:00,0.0,21.0,21.0,23.0,0.0,0.0,23.0,0.0
2021-08-15 00:00:00,0.05,21.0,21.0,22.0,0.0,0.0,22.0,0.0
2021-08-15 01:00:00,0.05,21.0,21.0,23.0,0.0,0.0,23.0,0.0
2021-08-15 02:00:00,0.05,21.0,21.0,22.0,0.0,0.0,22.0,0.0
2021-08-15 03:00:00,0.05,23.0,23.0,21.0,0.0,0.0,21.0,0.0
2021-08-15 04:00:00,0.05,21.0,21.0,22.0,0.0,0.0,22.0,0.0
2021-08-15 05:00:00,0.05,21.0,21.0,23.0,0.0,0.0,23.0,0.0
2021-08-15 06:00:00,0.05,21.0,21.0,22.0,0.0,0.0,22.0,0.0
2021-08-15 07:00:00,0.05,22.0,22.0,21.0,0.0,0.0,21.0,0.0
2021-08-15 08:00:00,0.05,21.0,21.0,23.0,0.0,0.0,23.0,0.0
2021-08-15 09:00:00,0.05,21.0,21.0,23.0,0.0,0.0,23.0,0.0
2021-08-15 10:00:00,0.05,23.0,23.0,21.0,0.0,0.0,21.0,0.0
2021-08-15 11:00:00,0.05,21.0,21.0,22.0,0.0,0.0,22.0,0.0
2021-08-15 12:00:00,0.05,21.0,21.0,23.0,0.0,0.0,23.0,0.0
2021-08-15 13:00:00,0.05,21.0,21.0,22.0,0.0,0.0,22.0,0.0
2021-08-15 14:00:00,0.05,22.0,22.0,22.0,0.0,0.0,22.0,0.0
2021-08-15 15:00:00,0.05,21.0,21.0,21.0,0.0,0.0,21.0,0.0
2021-08-15 16:00:00,0.05,21.0,21.0,23.0,0.0,0.0,23.0,0.0
2021-08-15 17:00:00,0.05,22.0,22.0,22.0,0.0,0.0,22.0,0.0
2021-08-15 18:00:00,0.05,22.0,22.0,21.0,0.0,0.0,21.0,0.0
2021-08-15 19:00:00,0.05,21.0,21.0,23.0,0.0,0.0,23.0,0.0
2021-08-15 20:00:00,0.05,21.0,21.0,22.0,0.0,0.0,22.0,0.0
2021-08-15 21:00:00,0.05,22.0,22.0,22.0,0.0,0.0,22.0,0.0
2021-08-15 22:00:00,0.05,21.0,21.0,23.0,0.0,0.0,23.0,0.0
2021-08-15 23:00:00,0.05,21.0,21.0,23.0,0.0,0.0,23.0,0.0
2021-08-15 00:00:00,0.1,21.0,21.0,22.0,0.0,0.0,22.0,0.0
2021-08-15 01:00:00,0.1,21.0,21.0,23.0,0.0,0.0,23.0,0.0
2021-08-15 02:00:00,0.1,21.0,21.0,22.0,0.0,0.0,22.0,0.0
2021-08-15 03:00:00,0.1,23.0,23.0,21.0,0.0,0.0,21.0,0.0
2021-08-15 04:00:00,0.1,21.0,21.0,22.0,0.0,0.0,22.0,0.0
2021-08-15 05:00:00,0.1,21.0,21.0,23.0,0.0,0.0,23.0,0.0
2021-08-15 06:00:00,0.1,21.0,21.0,22.0,0.0,0.0,22.0,0.0
2021-08-15 07:00:00,0.1,22.0,22.0,21.0,0.0,0.0,21.0,0.0
2021-08-15 08:00:00,0.1,21.0,21.0,23.0,0.0,0.0,23.0,0.0
2021-08-15 09:00:00,0.1,21.0,21.0,23.0,0.0,0.0,23.0,0.0
2021-08-15 10:00:00,0.1,23.0,23.0,21.0,0.0,0.0,21.0,0.0
2021-08-15 11:00:00,0.1,21.0,21.0,22.0,0.0,0.0,22.0,0.0
2021-08-15 12:00:00,0.1,21.0,21.0,23.0,0.0,0.0,23.0,0.0
2021-08-15 13:00:00,0.1,21.0,21.0,22.0,0.0,0.0,22.0,0.0
2021-08-15 14:00:00,0.1,22.0,22.0,22.0,0.0,0.0,22.0,0.0
2021-08-15 15:00:00,0.1,21.0,21.0,21.0,0.0,0.0,21.0,0.0
2021-08-15 16:00:00,0.1,21.0,21.0,23.0,0.0,0.0,23.0,0.0
2021-08-15 17:00:00,0.1,22.0,22.0,22.0,0.0,0.0,22.0,0.0
2021-08-15 18:00:00,0.1,22.0,22.0,21.0,0.0,0.0,21.0,0.0
2021-08-15 19:00:00,0.1,21.0,21.0,23.0,0.0,0.0,23.0,0.0
2021-08-15 20:00:00,0.1,21.0,21.0,22.0,0.0,0.0,22.0,0.0
2021-08-15 21:00:00,0.1,22.0,22.0,22.0,0.0,0.0,22.0,0.0
2021-08-15 22:00:00,0.1,21.0,21.0,23.0,0.0,0.0,23.0,0.0
2021-08-15 23:00:00,0.1,21.0,21.0,23.0,0.0,0.0,23.0,0.0
2021-08-15 00:00:00,0.2,21.0,21.0,22.0,0.0,0.0,22.0,0.0
2021-08-15 01:00:00,0.2,21.0,21.0,23.0,0.0,0.0,23.0,0.0
2021-08-15 02:00:00,0.2,21.0,21.0,22.0,0.0,0.0,22.0,0.0
2021-08-15 03:00:00,0.2,23.0,23.0,21.0,0.0,0.0,21.0,0.0
2021-08-15 04:00:00,0.2,21.0,21.0,22.0,0.0,0.0,22.0,0.0
2021-08-15 05:00:00,0.2,21.0,21.0,23.0,0.0,0.0,23.0,0.0
2021-08-15 06:00:00,0.2,21.0,21.0,22.0,0.0,0.0,22.0,0.0
2021-08-15 07:00:00,0.2,22.0,22.0,21.0,0.0,0.0,21.0,0.0
2021-08-15 08:00:00,0.2,21.0,21.0,23.0,0.0,0.0,23.0,0.0
2021-08-15 09:00:00,0.2,21.0,21.0,23.0,0.0,0.0,23.0,0.0
2021-08-15 10:00:00,0.2,23.0,23.0,21.0,0.0,0.0,21.0,0.0
2021-08-15 11:00:00,0.2,21.0,21.0,22.0,0.0,0.0,22.0,0.0
2021-08-15 12:00:00,0.2,21.0,21.0,23.0,0.0,0.0,23.0,0.0
2021-08-15 13:00:00,0.2,21.0,21.0,22.0,0.0,0.0,22.0,0.0
2021-08-15 14:00:00,0.2,22.0,22.0,22.0,0.0,0.0,22.0,0.0
2021-08-15 15:00:00,0.2,21.0,21.0,21.0,0.0,0.0,21.0,0.0
2021-08-15 16:00:00,0.2,21.0,21.0,23.0,0.0,0.0,23.0,0.0
2021-08-15 17:00:00,0.2,22.0,22.0,22.0,0.0,0.0,22.0,0.0
2021-08-15 18:00:00,0.2,22.0,22.0,21.0,0.0,0.0,21.0,0.0
2021-08-15 19:00:00,0.2,21.0,21.0,23.0,0.0,0.0,23.0,0.0
2021-08-15 20:00:00,0.2,21.0,21.0,22.0,0.0,0.0,22.0,0.0
2021-08-15 21:00:00,0.2,22.0,22.0,22.0,0.0,0.0,22.0,0.0
2021-08-15 22:00:00,0.2,21.0,21.0,23.0,0.0,0.0,23.0,0.0
2021-08-15 23:00:00,0.2,21.0,21.0,23.0,0.0,0.0,23.0,0.0
2021-08-16 00:00:00,0.0,21.0,21.0,22.0,0.0,0.0,22.0,0.0
2021-08-16 01:00:00,0.0,23.0,23.0,21.0,0.0,0.0,21.0,0.0
2021-08-16 02:00:00,0.0,20.0,20.0,23.0,0.0,0.0,23.0,0.0
2021-08-16 03:00:00,0.0,22.0,22.0,21.0,0.0,0.0,21.0,0.0
2021-08-16 04:00:00,0.0,21.0,21.0,22.0,0.0,0.0,22.0,0.0
2021-08-16 05:00:00,0.0,21.0,21.0,22.0,0.0,0.0,22.0,0.0
2021-08-16 06:00:00,0.0,20.0,20.0,23.0,0.0,0.0,23.0,0.0
2021-08-16 07:00:00,0.0,70.0,70.0,60.0,0.0,0.0,60.0,0.0
2021-08-16 08:00:00,0.0,193.0,193.0,174.0,0.0,0.0,174.0,0.0
2021-08-16 09:00:00,0.0,191.0,191.0,183.0,0.0,0.0,183.0,0.0
2021-08-16 10:00:00,0.0,182.0,182.0,144.0,0.0,0.0,144.0,0.0
2021-08-16 11:00:00,0.0,187.0,187.0,155.0,0.0,0.0,155.0,0.0
2021-08-16 12:00:00,0.0,129.0,129.0,97.0,0.0,0.0,97.0,0.0
2021-08-16 13:00:00,0.0,182.0,182.0,153.0,0.0,0.0,153.0,0.0
2021-08-16 14:00:00,0.0,183.0,183.0,146.0,0.0,0.0,146.0,0.0
2021-08-16 15:00:00,0.0,167.0,167.0,133.0,0.0,0.0,133.0,0.0
2021-08-16 16:00:00,0.0,184.0,184.0,116.0,0.0,0.0,116.0,0.0
2021-08-16 17:00:00,0.0,146.0,146.0,100.0,0.0,0.0,100.0,0.0
2021-08-16 18:00:00,0.0,98.0,98.0,92.0,0.0,0.0,92.0,0.0
2021-08-16 19:00:00,0.0,93.0,93.0,89.0,0.0,0.0,89.0,0.0
2021-08-16 20:00:00,0.0,109.0,109.0,98.0,0.0,0.0,98.0,0.0
2021-08-16 21:00:00,0.0,115.0,115.0,112.0,0.0,0.0,112.0,0.0
2021-08-16 22:00:00,0.0,109.0,109.0,95.0,0.0,0.0,95.0,0.0
2021-08-16 23:00:00,0.0,98.0,98.0,96.0,0.0,0.0,96.0,0.0
2021-08-16 00:00:00,0.05,21.0,21.0,22.0,0.0,0.0,22.0,0.0
2021-08-16 01:00:00,0.05,23.0,23.0,21.0,0.0,0.0,21.0,0.0
2021-08-16 02:00:00,0.05,20.0,20.0,23.0,0.0,0.0,23.0,0.0
2021-08-16 03:00:00,0.05,22.0,22.0,21.0,0.0,0.0,21.0,0.0
2021-08-16 04:00:00,0.05,21.0,21.0,22.0,0.0,0.0,22.0,0.0
2021-08-16 05:00:00,0.05,21.0,21.0,22.0,0.0,0.0,22.0,0.0
2021-08-16 06:00:00,0.05,20.0,20.0,23.0,0.0,0.0,23.0,0.0
2021-08-16 07:00:00,0.05,70.0,85.94999970000003,60.0,0.0,15.949999700000035,75.94999970000003,0.0
2021-08-16 08:00:00,0.05,193.0,183.3500001,174.0,9.649999900000012,0.0,164.3500001,0.9499999000000106
2021-08-16 09:00:00,0.05,191.0,183.3500001,183.0,7.649999900000012,0.0,175.3500001,0.0
2021-08-16 10:00:00,0.05,182.0,183.3500001,144.0,0.0,1.3500000999999884,145.3500001,0.0
2021-08-16 11:00:00,0.05,187.0,183.3500001,155.0,3.6499999000000116,0.0,151.3500001,0.0
2021-08-16 12:00:00,0.05,129.0,132.6499999,97.0,0.0,3.6499999000000116,100.64999990000001,0.0
2021-08-16 13:00:00,0.05,182.0,182.0,153.0,0.0,0.0,153.0,0.0
2021-08-16 14:00:00,0.05,183.0,183.0,146.0,0.0,0.0,146.0,0.0
2021-08-16 15:00:00,0.05,167.0,167.6499999,133.0,0.0,0.6499999000000116,133.6499999,0.0
2021-08-16 16:00:00,0.05,184.0,183.3500001,116.0,0.6499999000000116,0.0,115.35000009999999,0.0
2021-08-16 17:00:00,0.05,146.0,146.0,100.0,0.0,0.0,100.0,0.0
2021-08-16 18:00:00,0.05,98.0,98.0,92.0,0.0,0.0,92.0,0.0
2021-08-16 19:00:00,0.05,93.0,93.0,89.0,0.0,0.0,89.0,0.0
2021-08-16 20:00:00,0.05,109.0,109.0,98.0,0.0,0.0,98.0,0.0
2021-08-16 21:00:00,0.05,115.0,115.0,112.0,0.0,0.0,112.0,0.0
2021-08-16 22:00:00,0.05,109.0,109.0,95.0,0.0,0.0,95.0,0.0
2021-08-16 23:00:00,0.05,98.0,98.0,96.0,0.0,0.0,96.0,0.0
2021-08-16 00:00:00,0.1,21.0,21.0,22.0,0.0,0.0,22.0,0.0
2021-08-16 01:00:00,0.1,23.0,23.0,21.0,0.0,0.0,21.0,0.0
2021-08-16 02:00:00,0.1,20.0,20.0,23.0,0.0,0.0,23.0,0.0
2021-08-16 03:00:00,0.1,22.0,22.0,21.0,0.0,0.0,21.0,0.0
2021-08-16 04:00:00,0.1,21.0,21.0,22.0,0.0,0.0,22.0,0.0
2021-08-16 05:00:00,0.1,21.0,21.0,22.0,0.0,0.0,22.0,0.0
2021-08-16 06:00:00,0.1,20.0,20.0,23.0,0.0,0.0,23.0,0.0
2021-08-16 07:00:00,0.1,70.0,89.3,60.0,0.0,19.3,79.3,0.0
2021-08-16 08:00:00,0.1,193.0,175.6400001,174.0,17.35999989999999,0.0,156.6400001,0.0
2021-08-16 09:00:00,0.1,191.0,175.6400001,183.0,15.359999899999991,0.0,167.6400001,0.0
2021-08-16 10:00:00,0.1,182.0,175.6400001,144.0,18.2,11.840000100000008,137.6400001,3.799999999999999
2021-08-16 11:00:00,0.1,187.0,175.6400001,155.0,12.939999599999965,1.5799996999999735,143.6400001,0.0
2021-08-16 12:00:00,0.1,129.0,148.3,97.0,0.0,19.3,116.3,0.0
2021-08-16 13:00:00,0.1,182.0,175.6400001,153.0,18.199999499999954,11.839999599999963,146.6400001,2.8999994999999537
2021-08-16 14:00:00,0.1,183.0,175.6400001,146.0,7.359999899999991,0.0,138.6400001,0.0
2021-08-16 15:00:00,0.1,167.0,175.6400001,133.0,10.659999899999992,19.3,141.6400001,0.0
2021-08-16 16:00:00,0.1,184.0,175.6400001,116.0,14.619999299999936,6.259999399999945,107.64000010000001,3.0199992999999345
2021-08-16 17:00:00,0.1,146.0,156.6599999,100.0,0.0,10.659999899999992,110.65999989999999,0.0
2021-08-16 18:00:00,0.1,98.0,112.61999929999993,92.0,0.0,14.619999299999936,106.61999929999993,0.0
2021-08-16 19:00:00,0.1,93.0,93.0,89.0,0.0,0.0,89.0,0.0
2021-08-16 20:00:00,0.1,109.0,109.0,98.0,0.0,0.0,98.0,0.0
2021-08-16 21:00:00,0.1,115.0,115.0,112.0,0.0,0.0,112.0,0.0
2021-08-16 22:00:00,0.1,109.0,109.0,95.0,0.0,0.0,95.0,0.0
2021-08-16 23:00:00,0.1,98.0,98.0,96.0,0.0,0.0,96.0,0.0
2021-08-16 00:00:00,0.2,21.0,21.0,22.0,0.0,0.0,22.0,0.0
2021-08-16 01:00:00,0.2,23.0,23.0,21.0,0.0,0.0,21.0,0.0
2021-08-16 02:00:00,0.2,20.0,20.0,23.0,0.0,0.0,23.0,0.0
2021-08-16 03:00:00,0.2,22.0,22.0,21.0,0.0,0.0,21.0,0.0
2021-08-16 04:00:00,0.2,21.0,21.0,22.0,0.0,0.0,22.0,0.0
2021-08-16 05:00:00,0.2,21.0,21.0,22.0,0.0,0.0,22.0,0.0
2021-08-16 06:00:00,0.2,20.0,20.0,23.0,0.0,0.0,23.0,0.0
2021-08-16 07:00:00,0.2,70.0,89.3,60.0,0.0,19.3,79.3,0.0
2021-08-16 08:00:00,0.2,193.0,173.97500010000002,174.0,19.024999899999983,0.0,154.97500010000002,0.0
2021-08-16 09:00:00,0.2,191.0,173.97500010000002,183.0,17.024999899999983,0.0,165.97500010000002,0.0
2021-08-16 10:00:00,0.2,182.0,173.97500010000002,144.0,19.3,11.275000100000018,135.97500010000002,0.0
2021-08-16 11:00:00,0.2,187.0,173.97500010000002,155.0,18.49999959999993,5.474999699999948,141.97500010000002,0.0
2021-08-16 12:00:00,0.2,129.0,148.3,97.0,0.0,19.3,116.3,0.0
2021-08-16 13:00:00,0.2,182.0,173.97500010000002,153.0,26.524999499999915,18.49999959999993,144.97500010000002,0.0
2021-08-16 14:00:00,0.2,183.0,173.97500010000002,146.0,16.249999399999897,7.224999499999914,136.97500010000002,0.0
2021-08-16 15:00:00,0.2,167.0,173.97500010000002,133.0,12.324999899999984,19.3,139.97500010000002,0.0
2021-08-16 16:00:00,0.2,184.0,173.97500010000002,116.0,26.27499929999988,16.249999399999897,105.97500010000002,3.0749992999998774
2021-08-16 17:00:00,0.2,146.0,165.29999919999986,100.0,0.0,19.299999199999863,119.29999919999986,0.0
2021-08-16 18:00:00,0.2,98.0,117.3,92.0,0.0,19.3,111.3,0.0
2021-08-16 19:00:00,0.2,93.0,93.0,89.0,0.0,0.0,89.0,0.0
2021-08-16 20:00:00,0.2,109.0,109.0,98.0,0.0,0.0,98.0,0.0
2021-08-16 21:00:00,0.2,115.0,115.0,112.0,0.0,0.0,112.0,0.0
2021-08-16 22:00:00,0.2,109.0,109.0,95.0,0.0,0.0,95.0,0.0
2021-08-16 23:00:00,0.2,98.0,98.0,96.0,0.0,0.0,96.0,0.0
2021-08-17 00:00:00,0.0,68.0,68.0,70.0,0.0,0.0,70.0,0.0
2021-08-17 01:00:00,0.0,99.0,99.0,96.0,0.0,0.0,96.0,0.0
2021-08-17 02:00:00,0.0,96.0,96.0,98.0,0.0,0.0,98.0,0.0
2021-08-17 03:00:00,0.0,98.0,98.0,92.0,0.0,0.0,92.0,0.0
2021-08-17 04:00:00,0.0,101.0,101.0,93.0,0.0,0.0,93.0,0.0
2021-08-17 05:00:00,0.0,85.0,85.0,86.0,0.0,0.0,86.0,0.0
2021-08-17 06:00:00,0.0,100.0,100.0,94.0,0.0,0.0,94.0,0.0
2021-08-17 07:00:00,0.0,128.0,128.0,125.0,0.0,0.0,125.0,0.0
2021-08-17 08:00:00,0.0,183.0,183.0,164.0,0.0,0.0,164.0,0.0
2021-08-17 09:00:00,0.0,185.0,185.0,163.0,0.0,0.0,163.0,0.0
2021-08-17 10:00:00,0.0,175.0,175.0,153.0,0.0,0.0,153.0,0.0
2021-08-17 11:00:00,0.0,185.0,185.0,169.0,0.0,0.0,169.0,0.0
2021-08-17 12:00:00,0.0,107.0,107.0,110.0,0.0,0.0,110.0,0.0
2021-08-17 13:00:00,0.0,181.0,181.0,162.0,0.0,0.0,162.0,0.0
2021-08-17 14:00:00,0.0,170.0,170.0,161.0,0.0,0.0,161.0,0.0
2021-08-17 15:00:00,0.0,155.0,155.0,150.0,0.0,0.0,150.0,0.0
2021-08-17 16:00:00,0.0,169.0,169.0,152.0,0.0,0.0,152.0,0.0
2021-08-17 17:00:00,0.0,126.0,126.0,113.0,0.0,0.0,113.0,0.0
2021-08-17 18:00:00,0.0,165.0,165.0,149.0,0.0,0.0,149.0,0.0
2021-08-17 19:00:00,0.0,156.0,156.0,138.0,0.0,0.0,138.0,0.0
2021-08-17 20:00:00,0.0,129.0,129.0,120.0,0.0,0.0,120.0,0.0
2021-08-17 21:00:00,0.0,123.0,123.0,118.0,0.0,0.0,118.0,0.0
2021-08-17 22:00:00,0.0,106.0,106.0,110.0,0.0,0.0,110.0,0.0
2021-08-17 23:00:00,0.0,99.0,99.0,104.0,0.0,0.0,104.0,0.0
2021-08-17 00:00:00,0.05,68.0,68.0,70.0,0.0,0.0,70.0,0.0
2021-08-17 01:00:00,0.05,99.0,99.0,96.0,0.0,0.0,96.0,0.0
2021-08-17 02:00:00,0.05,96.0,96.0,98.0,0.0,0.0,98.0,0.0
2021-08-17 03:00:00,0.05,98.0,98.0,92.0,0.0,0.0,92.0,0.0
2021-08-17 04:00:00,0.05,101.0,101.0,93.0,0.0,0.0,93.0,0.0
2021-08-17 05:00:00,0.05,85.0,85.0,86.0,0.0,0.0,86.0,0.0
2021-08-17 06:00:00,0.05,100.0,100.0,94.0,0.0,0.0,94.0,0.0
2021-08-17 07:00:00,0.05,128.0,143.74999970000002,125.0,0.0,15.749999700000018,140.74999970000002,0.0
2021-08-17 08:00:00,0.05,183.0,175.7500001,164.0,7.249999900000006,0.0,156.7500001,0.0
2021-08-17 09:00:00,0.05,185.0,175.7500001,163.0,9.249999900000006,0.0,153.7500001,1.0999999000000056
2021-08-17 10:00:00,0.05,175.0,175.7500001,153.0,0.0,0.7500000999999941,153.7500001,0.0
2021-08-17 11:00:00,0.05,185.0,175.7500001,169.0,9.249999900000006,0.0,159.7500001,0.7999999000000049
2021-08-17 12:00:00,0.05,107.0,116.2499999,110.0,0.0,9.249999900000006,119.2499999,0.0
2021-08-17 13:00:00,0.05,181.0,175.7500001,162.0,5.249999900000006,0.0,156.7500001,0.0
2021-08-17 14:00:00,0.05,170.0,175.2499999,161.0,0.0,5.249999900000006,166.2499999,0.0
2021-08-17 15:00:00,0.05,155.0,155.0,150.0,0.0,0.0,150.0,0.0
2021-08-17 16:00:00,0.05,169.0,169.0,152.0,0.0,0.0,152.0,0.0
2021-08-17 17:00:00,0.05,126.0,126.0,113.0,0.0,0.0,113.0,0.0
2021-08-17 18:00:00,0.05,165.0,165.0,149.0,0.0,0.0,149.0,0.0
2021-08-17 19:00:00,0.05,156.0,156.0,138.0,0.0,0.0,138.0,0.0
2021-08-17 20:00:00,0.05,129.0,129.0,120.0,0.0,0.0,120.0,0.0
2021-08-17 21:00:00,0.05,123.0,123.0,118.0,0.0,0.0,118.0,0.0
2021-08-17 22:00:00,0.05,106.0,106.0,110.0,0.0,0.0,110.0,0.0
2021-08-17 23:00:00,0.05,99.0,99.0,104.0,0.0,0.0,104.0,0.0
2021-08-17 00:00:00,0.1,68.0,68.0,70.0,0.0,0.0,70.0,0.0
2021-08-17 01:00:00,0.1,99.0,99.0,96.0,0.0,0.0,96.0,0.0
2021-08-17 02:00:00,0.1,96.0,96.0,98.0,0.0,0.0,98.0,0.0
2021-08-17 03:00:00,0.1,98.0,98.0,92.0,0.0,0.0,92.0,0.0
2021-08-17 04:00:00,0.1,101.0,101.0,93.0,0.0,0.0,93.0,0.0
2021-08-17 05:00:00,0.1,85.0,85.0,86.0,0.0,0.0,86.0,0.0
2021-08-17 06:00:00,0.1,100.0,100.0,94.0,0.0,0.0,94.0,0.0
2021-08-17 07:00:00,0.1,128.0,146.5,125.0,0.0,18.5,143.5,0.0
2021-08-17 08:00:00,0.1,183.0,170.7800001,164.0,12.219999900000005,0.0,151.7800001,0.0
2021-08-17 09:00:00,0.1,185.0,170.7800001,163.0,14.219999900000005,0.0,148.7800001,0.0
2021-08-17 10:00:00,0.1,175.0,170.7800001,153.0,12.159999700000014,7.93999980000001,148.7800001,0.0
2021-08-17 11:00:00,0.1,185.0,170.7800001,169.0,14.219999900000005,0.0,154.7800001,0.0
2021-08-17 12:00:00,0.1,107.0,125.5,110.0,0.0,18.5,128.5,0.0
2021-08-17 13:00:00,0.1,181.0,170.7800001,162.0,18.099999500000024,7.879999600000019,151.7800001,1.8999995000000247
2021-08-17 14:00:00,0.1,170.0,170.7800001,161.0,1.5399993000000336,2.319999400000029,161.7800001,0.0
2021-08-17 15:00:00,0.1,155.0,170.7800001,150.0,0.0,15.780000099999995,165.7800001,0.0
2021-08-17 16:00:00,0.1,169.0,170.53999930000003,152.0,0.0,1.5399993000000336,153.53999930000003,0.0
2021-08-17 17:00:00,0.1,126.0,126.0,113.0,0.0,0.0,113.0,0.0
2021-08-17 18:00:00,0.1,165.0,165.0,149.0,0.0,0.0,149.0,0.0
2021-08-17 19:00:00,0.1,156.0,156.0,138.0,0.0,0.0,138.0,0.0
2021-08-17 20:00:00,0.1,129.0,129.0,120.0,0.0,0.0,120.0,0.0
2021-08-17 21:00:00,0.1,123.0,123.0,118.0,0.0,0.0,118.0,0.0
2021-08-17 22:00:00,0.1,106.0,106.0,110.0,0.0,0.0,110.0,0.0
2021-08-17 23:00:00,0.1,99.0,99.0,104.0,0.0,0.0,104.0,0.0
2021-08-17 00:00:00,0.2,68.0,68.0,70.0,0.0,0.0,70.0,0.0
2021-08-17 01:00:00,0.2,99.0,99.0,96.0,0.0,0.0,96.0,0.0
2021-08-17 02:00:00,0.2,96.0,96.0,98.0,0.0,0.0,98.0,0.0
2021-08-17 03:00:00,0.2,98.0,98.0,92.0,0.0,0.0,92.0,0.0
2021-08-17 04:00:00,0.2,101.0,101.0,93.0,0.0,0.0,93.0,0.0
2021-08-17 05:00:00,0.2,85.0,85.0,86.0,0.0,0.0,86.0,0.0
2021-08-17 06:00:00,0.2,100.0,100.0,94.0,0.0,0.0,94.0,0.0
2021-08-17 07:00:00,0.2,128.0,146.5,125.0,0.0,18.5,143.5,0.0
2021-08-17 08:00:00,0.2,183.0,168.1250001,164.0,14.874999900000006,0.0,149.1250001,0.0
2021-08-17 09:00:00,0.2,185.0,168.1250001,163.0,16.874999900000006,0.0,146.1250001,0.0
2021-08-17 10:00:00,0.2,175.0,168.1250001,153.0,18.5,11.625000099999994,146.1250001,0.0
2021-08-17 11:00:00,0.2,185.0,168.1250001,169.0,18.499999600000024,1.6249997000000178,152.1250001,0.0
2021-08-17 12:00:00,0.2,107.0,125.5,110.0,0.0,18.5,128.5,0.0
2021-08-17 13:00:00,0.2,181.0,168.1250001,162.0,31.37499950000003,18.499999600000024,149.1250001,0.0
2021-08-17 14:00:00,0.2,170.0,168.1250001,161.0,14.749999400000036,12.87499950000003,159.1250001,0.0
2021-08-17 15:00:00,0.2,155.0,168.1250001,150.0,5.374999900000006,18.5,163.1250001,0.0
2021-08-17 16:00:00,0.2,169.0,168.1250001,152.0,15.624999300000042,14.749999400000036,151.1250001,0.0
2021-08-17 17:00:00,0.2,126.0,143.87499910000005,113.0,0.0,17.874999100000053,130.87499910000005,0.0
2021-08-17 18:00:00,0.2,165.0,168.1250001,149.0,0.0,3.125000099999994,152.1250001,0.0
2021-08-17 19:00:00,0.2,156.0,156.0,138.0,0.0,0.0,138.0,0.0
2021-08-17 20:00:00,0.2,129.0,129.0,120.0,0.0,0.0,120.0,0.0
2021-08-17 21:00:00,0.2,123.0,123.0,118.0,0.0,0.0,118.0,0.0
2021-08-17 22:00:00,0.2,106.0,106.0,110.0,0.0,0.0,110.0,0.0
2021-08-17 23:00:00,0.2,99.0,99.0,104.0,0.0,0.0,104.0,0.0
2021-08-18 00:00:00,0.0,77.0,77.0,65.0,0.0,0.0,65.0,0.0
2021-08-18 01:00:00,0.0,99.0,99.0,95.0,0.0,0.0,95.0,0.0
2021-08-18 02:00:00,0.0,109.0,109.0,103.0,0.0,0.0,103.0,0.0
2021-08-18 03:00:00,0.0,104.0,104.0,91.0,0.0,0.0,91.0,0.0
2021-08-18 04:00:00,0.0,111.0,111.0,95.0,0.0,0.0,95.0,0.0
2021-08-18 05:00:00,0.0,92.0,92.0,83.0,0.0,0.0,83.0,0.0
2021-08-18 06:00:00,0.0,122.0,122.0,101.0,0.0,0.0,101.0,0.0
2021-08-18 07:00:00,0.0,132.0,132.0,125.0,0.0,0.0,125.0,0.0
2021-08-18 08:00:00,0.0,203.0,203.0,163.0,0.0,0.0,163.0,0.0
2021-08-18 09:00:00,0.0,179.0,179.0,169.0,0.0,0.0,169.0,0.0
2021-08-18 10:00:00,0.0,183.0,183.0,159.0,0.0,0.0,159.0,0.0
2021-08-18 11:00:00,0.0,184.0,184.0,173.0,0.0,0.0,173.0,0.0
2021-08-18 12:00:00,0.0,113.0,113.0,102.0,0.0,0.0,102.0,0.0
2021-08-18 13:00:00,0.0,183.0,183.0,171.0,0.0,0.0,171.0,0.0
2021-08-18 14:00:00,0.0,187.0,187.0,179.0,0.0,0.0,179.0,0.0
2021-08-18 15:00:00,0.0,153.0,153.0,170.0,0.0,0.0,170.0,0.0
2021-08-18 16:00:00,0.0,182.0,182.0,166.0,0.0,0.0,166.0,0.0
2021-08-18 17:00:00,0.0,151.0,151.0,141.0,0.0,0.0,141.0,0.0
2021-08-18 18:00:00,0.0,180.0,180.0,164.0,0.0,0.0,164.0,0.0
2021-08-18 19:00:00,0.0,150.0,150.0,143.0,0.0,0.0,143.0,0.0
2021-08-18 20:00:00,0.0,125.0,125.0,120.0,0.0,0.0,120.0,0.0
2021-08-18 21:00:00,0.0,108.0,108.0,115.0,0.0,0.0,115.0,0.0
2021-08-18 22:00:00,0.0,110.0,110.0,112.0,0.0,0.0,112.0,0.0
2021-08-18 23:00:00,0.0,99.0,99.0,105.0,0.0,0.0,105.0,0.0
2021-08-18 00:00:00,0.05,77.0,77.0,65.0,0.0,0.0,65.0,0.0
2021-08-18 01:00:00,0.05,99.0,99.0,95.0,0.0,0.0,95.0,0.0
2021-08-18 02:00:00,0.05,109.0,109.0,103.0,0.0,0.0,103.0,0.0
2021-08-18 03:00:00,0.05,104.0,104.0,91.0,0.0,0.0,91.0,0.0
2021-08-18 04:00:00,0.05,111.0,111.0,95.0,0.0,0.0,95.0,0.0
2021-08-18 05:00:00,0.05,92.0,92.0,83.0,0.0,0.0,83.0,0.0
2021-08-18 06:00:00,0.05,122.0,122.0,101.0,0.0,0.0,101.0,0.0
2021-08-18 07:00:00,0.05,132.0,132.0,125.0,0.0,0.0,125.0,0.0
2021-08-18 08:00:00,0.05,203.0,192.8500001,163.0,10.149999900000012,0.0,152.8500001,1.9999999000000113
2021-08-18 09:00:00,0.05,179.0,189.1499999,169.0,0.0,10.149999900000012,179.1499999,0.0
2021-08-18 10:00:00,0.05,183.0,183.0,159.0,0.0,0.0,159.0,0.0
2021-08-18 11:00:00,0.05,184.0,184.0,173.0,0.0,0.0,173.0,0.0
2021-08-18 12:00:00,0.05,113.0,113.0,102.0,0.0,0.0,102.0,0.0
2021-08-18 13:00:00,0.05,183.0,183.0,171.0,0.0,0.0,171.0,0.0
2021-08-18 14:00:00,0.05,187.0,187.0,179.0,0.0,0.0,179.0,0.0
2021-08-18 15:00:00,0.05,153.0,153.0,170.0,0.0,0.0,170.0,0.0
2021-08-18 16:00:00,0.05,182.0,182.0,166.0,0.0,0.0,166.0,0.0
2021-08-18 17:00:00,0.05,151.0,151.0,141.0,0.0,0.0,141.0,0.0
2021-08-18 18:00:00,0.05,180.0,180.0,164.0,0.0,0.0,164.0,0.0
2021-08-18 19:00:00,0.05,150.0,150.0,143.0,0.0,0.0,143.0,0.0
2021-08-18 20:00:00,0.05,125.0,125.0,120.0,0.0,0.0,120.0,0.0
2021-08-18 21:00:00,0.05,108.0,108.0,115.0,0.0,0.0,115.0,0.0
2021-08-18 22:00:00,0.05,110.0,110.0,112.0,0.0,0.0,112.0,0.0
2021-08-18 23:00:00,0.05,99.0,99.0,105.0,0.0,0.0,105.0,0.0
2021-08-18 00:00:00,0.1,77.0,77.0,65.0,0.0,0.0,65.0,0.0
2021-08-18 01:00:00,0.1,99.0,99.0,95.0,0.0,0.0,95.0,0.0
2021-08-18 02:00:00,0.1,109.0,109.0,103.0,0.0,0.0,103.0,0.0
2021-08-18 03:00:00,0.1,104.0,104.0,91.0,0.0,0.0,91.0,0.0
2021-08-18 04:00:00,0.1,111.0,111.0,95.0,0.0,0.0,95.0,0.0
2021-08-18 05:00:00,0.1,92.0,92.0,83.0,0.0,0.0,83.0,0.0
2021-08-18 06:00:00,0.1,122.0,122.0,101.0,0.0,0.0,101.0,0.0
2021-08-18 07:00:00,0.1,132.0,149.89999970000005,125.0,0.0,17.899999700000052,142.89999970000005,0.0
2021-08-18 08:00:00,0.1,203.0,182.70000009999998,163.0,20.299999900000017,0.0,142.70000009999998,3.9999999000000166
2021-08-18 09:00:00,0.1,179.0,182.70000009999998,169.0,0.0,3.7000000999999827,172.70000009999998,0.0
2021-08-18 10:00:00,0.1,183.0,182.70000009999998,159.0,0.2999999000000173,0.0,158.70000009999998,0.0
2021-08-18 11:00:00,0.1,184.0,182.70000009999998,173.0,1.2999999000000173,0.0,171.70000009999998,0.0
2021-08-18 12:00:00,0.1,113.0,113.59999980000003,102.0,0.0,0.5999998000000346,102.59999980000003,0.0
2021-08-18 13:00:00,0.1,183.0,182.70000009999998,171.0,0.2999999000000173,0.0,170.70000009999998,0.0
2021-08-18 14:00:00,0.1,187.0,182.70000009999998,179.0,4.299999900000017,0.0,174.70000009999998,0.0
2021-08-18 15:00:00,0.1,153.0,157.29999990000002,170.0,0.0,4.299999900000017,174.29999990000002,0.0
2021-08-18 16:00:00,0.1,182.0,182.0,166.0,0.0,0.0,166.0,0.0
2021-08-18 17:00:00,0.1,151.0,151.0,141.0,0.0,0.0,141.0,0.0
2021-08-18 18:00:00,0.1,180.0,180.0,164.0,0.0,0.0,164.0,0.0
2021-08-18 19:00:00,0.1,150.0,150.0,143.0,0.0,0.0,143.0,0.0
2021-08-18 20:00:00,0.1,125.0,125.0,120.0,0.0,0.0,120.0,0.0
2021-08-18 21:00:00,0.1,108.0,108.0,115.0,0.0,0.0,115.0,0.0
2021-08-18 22:00:00,0.1,110.0,110.0,112.0,0.0,0.0,112.0,0.0
2021-08-18 23:00:00,0.1,99.0,99.0,105.0,0.0,0.0,105.0,0.0
2021-08-18 00:00:00,0.2,77.0,77.0,65.0,0.0,0.0,65.0,0.0
2021-08-18 01:00:00,0.2,99.0,99.0,95.0,0.0,0.0,95.0,0.0
2021-08-18 02:00:00,0.2,109.0,109.0,103.0,0.0,0.0,103.0,0.0
2021-08-18 03:00:00,0.2,104.0,104.0,91.0,0.0,0.0,91.0,0.0
2021-08-18 04:00:00,0.2,111.0,111.0,95.0,0.0,0.0,95.0,0.0
2021-08-18 05:00:00,0.2,92.0,92.0,83.0,0.0,0.0,83.0,0.0
2021-08-18 06:00:00,0.2,122.0,122.0,101.0,0.0,0.0,101.0,0.0
2021-08-18 07:00:00,0.2,132.0,152.3,125.0,0.0,20.3,145.3,0.0
2021-08-18 08:00:00,0.2,203.0,172.96666676666666,163.0,30.033333233333337,0.0,132.96666676666666,0.0
2021-08-18 09:00:00,0.2,179.0,172.96666676666666,169.0,6.033333233333337,0.0,162.96666676666666,0.0
2021-08-18 10:00:00,0.2,183.0,172.96666676666666,159.0,20.3,10.266666766666663,148.96666676666666,0.0
2021-08-18 11:00:00,0.2,184.0,172.96666676666666,173.0,16.533332933333348,5.499999700000011,161.96666676666666,0.0
2021-08-18 12:00:00,0.2,113.0,133.3,102.0,0.0,20.3,122.3,0.0
2021-08-18 13:00:00,0.2,183.0,172.96666676666666,171.0,26.566666166666685,16.533332933333348,160.96666676666666,0.0
2021-08-18 14:00:00,0.2,187.0,172.96666676666666,179.0,20.299999400000022,6.266666166666685,164.96666676666666,0.0
2021-08-18 15:00:00,0.2,153.0,172.96666676666666,170.0,0.3333332333333381,20.3,189.96666676666666,0.0
2021-08-18 16:00:00,0.2,182.0,172.96666676666666,166.0,29.33333263333336,20.299999400000022,156.96666676666666,0.0
2021-08-18 17:00:00,0.2,151.0,171.3,141.0,0.0,20.3,161.3,0.0
2021-08-18 18:00:00,0.2,180.0,172.96666676666666,164.0,16.399999100000034,9.366665866666697,156.96666676666666,0.0
2021-08-18 19:00:00,0.2,150.0,166.39999910000003,143.0,0.0,16.399999100000034,159.39999910000003,0.0
2021-08-18 20:00:00,0.2,125.0,125.0,120.0,0.0,0.0,120.0,0.0
2021-08-18 21:00:00,0.2,108.0,108.0,115.0,0.0,0.0,115.0,0.0
2021-08-18 22:00:00,0.2,110.0,110.0,112.0,0.0,0.0,112.0,0.0
2021-08-18 23:00:00,0.2,99.0,99.0,105.0,0.0,0.0,105.0,0.0
2021-08-19 00:00:00,0.0,76.0,76.0,71.0,0.0,0.0,71.0,0.0
2021-08-19 01:00:00,0.0,105.0,105.0,102.0,0.0,0.0,102.0,0.0
2021-08-19 02:00:00,0.0,108.0,108.0,109.0,0.0,0.0,109.0,0.0
2021-08-19 03:00:00,0.0,104.0,104.0,109.0,0.0,0.0,109.0,0.0
2021-08-19 04:00:00,0.0,107.0,107.0,104.0,0.0,0.0,104.0,0.0
2021-08-19 05:00:00,0.0,89.0,89.0,88.0,0.0,0.0,88.0,0.0
2021-08-19 06:00:00,0.0,114.0,114.0,109.0,0.0,0.0,109.0,0.0
2021-08-19 07:00:00,0.0,130.0,130.0,123.0,0.0,0.0,123.0,0.0
2021-08-19 08:00:00,0.0,187.0,187.0,174.0,0.0,0.0,174.0,0.0
2021-08-19 09:00:00,0.0,181.0,181.0,174.0,0.0,0.0,174.0,0.0
2021-08-19 10:00:00,0.0,177.0,177.0,163.0,0.0,0.0,163.0,0.0
2021-08-19 11:00:00,0.0,188.0,188.0,177.0,0.0,0.0,177.0,0.0
2021-08-19 12:00:00,0.0,120.0,120.0,105.0,0.0,0.0,105.0,0.0
2021-08-19 13:00:00,0.0,170.0,170.0,168.0,0.0,0.0,168.0,0.0
2021-08-19 14:00:00,0.0,184.0,184.0,175.0,0.0,0.0,175.0,0.0
2021-08-19 15:00:00,0.0,165.0,165.0,170.0,0.0,0.0,170.0,0.0
2021-08-19 16:00:00,0.0,170.0,170.0,166.0,0.0,0.0,166.0,0.0
2021-08-19 17:00:00,0.0,135.0,135.0,130.0,0.0,0.0,130.0,0.0
2021-08-19 18:00:00,0.0,172.0,172.0,152.0,0.0,0.0,152.0,0.0
2021-08-19 19:00:00,0.0,161.0,161.0,147.0,0.0,0.0,147.0,0.0
2021-08-19 20:00:00,0.0,125.0,125.0,128.0,0.0,0.0,128.0,0.0
2021-08-19 21:00:00,0.0,112.0,112.0,121.0,0.0,0.0,121.0,0.0
2021-08-19 22:00:00,0.0,116.0,116.0,116.0,0.0,0.0,116.0,0.0
2021-08-19 23:00:00,0.0,103.0,103.0,110.0,0.0,0.0,110.0,0.0
2021-08-19 00:00:00,0.05,76.0,76.0,71.0,0.0,0.0,71.0,0.0
2021-08-19 01:00:00,0.05,105.0,105.0,102.0,0.0,0.0,102.0,0.0
2021-08-19 02:00:00,0.05,108.0,108.0,109.0,0.0,0.0,109.0,0.0
2021-08-19 03:00:00,0.05,104.0,104.0,109.0,0.0,0.0,109.0,0.0
2021-08-19 04:00:00,0.05,107.0,107.0,104.0,0.0,0.0,104.0,0.0
2021-08-19 05:00:00,0.05,89.0,89.0,88.0,0.0,0.0,88.0,0.0
2021-08-19 06:00:00,0.05,114.0,114.0,109.0,0.0,0.0,109.0,0.0
2021-08-19 07:00:00,0.05,130.0,139.19999970000003,123.0,0.0,9.199999700000035,132.19999970000003,0.0
2021-08-19 08:00:00,0.05,187.0,178.6000001,174.0,8.399999900000012,0.0,165.6000001,0.0
2021-08-19 09:00:00,0.05,181.0,178.6000001,174.0,2.3999999000000116,0.0,171.6000001,0.0
2021-08-19 10:00:00,0.05,177.0,178.6000001,163.0,0.0,1.6000000999999884,164.6000001,0.0
2021-08-19 11:00:00,0.05,188.0,178.6000001,177.0,9.399999900000012,0.0,167.6000001,0.549999900000012
2021-08-19 12:00:00,0.05,120.0,129.3999999,105.0,0.0,9.399999900000012,114.39999990000001,0.0
2021-08-19 13:00:00,0.05,170.0,170.0,168.0,0.0,0.0,168.0,0.0
2021-08-19 14:00:00,0.05,184.0,178.6000001,175.0,5.399999900000012,0.0,169.6000001,0.0
2021-08-19 15:00:00,0.05,165.0,165.0,170.0,0.0,0.0,170.0,0.0
2021-08-19 16:00:00,0.05,170.0,175.3999999,166.0,0.0,5.399999900000012,171.3999999,0.0
2021-08-19 17:00:00,0.05,135.0,135.0,130.0,0.0,0.0,130.0,0.0
2021-08-19 18:00:00,0.05,172.0,172.0,152.0,0.0,0.0,152.0,0.0
2021-08-19 19:00:00,0.05,161.0,161.0,147.0,0.0,0.0,147.0,0.0
2021-08-19 20:00:00,0.05,125.0,125.0,128.0,0.0,0.0,128.0,0.0
2021-08-19 21:00:00,0.05,112.0,112.0,121.0,0.0,0.0,121.0,0.0
2021-08-19 22:00:00,0.05,116.0,116.0,116.0,0.0,0.0,116.0,0.0
2021-08-19 23:00:00,0.05,103.0,103.0,110.0,0.0,0.0,110.0,0.0
2021-08-19 00:00:00,0.1,76.0,76.0,71.0,0.0,0.0,71.0,0.0
2021-08-19 01:00:00,0.1,105.0,105.0,102.0,0.0,0.0,102.0,0.0
2021-08-19 02:00:00,0.1,108.0,108.0,109.0,0.0,0.0,109.0,0.0
2021-08-19 03:00:00,0.1,104.0,104.0,109.0,0.0,0.0,109.0,0.0
2021-08-19 04:00:00,0.1,107.0,107.0,104.0,0.0,0.0,104.0,0.0
2021-08-19 05:00:00,0.1,89.0,89.0,88.0,0.0,0.0,88.0,0.0
2021-08-19 06:00:00,0.1,114.0,114.0,109.0,0.0,0.0,109.0,0.0
2021-08-19 07:00:00,0.1,130.0,148.8,123.0,0.0,18.8,141.8,0.0
2021-08-19 08:00:00,0.1,187.0,169.8600001,174.0,17.139999899999992,0.0,156.8600001,0.0
2021-08-19 09:00:00,0.1,181.0,169.8600001,174.0,11.139999899999992,0.0,162.8600001,0.0
2021-08-19 10:00:00,0.1,177.0,169.8600001,163.0,16.619999699999976,9.479999799999984,155.8600001,0.31999969999997546
2021-08-19 11:00:00,0.1,188.0,169.8600001,177.0,18.139999899999992,0.0,158.8600001,0.439999899999993
2021-08-19 12:00:00,0.1,120.0,138.8,105.0,0.0,18.8,123.8,0.0
2021-08-19 13:00:00,0.1,170.0,169.8600001,168.0,16.09999949999996,15.959999599999968,167.8600001,0.0
2021-08-19 14:00:00,0.1,184.0,169.8600001,175.0,14.139999899999992,0.0,160.8600001,0.0
2021-08-19 15:00:00,0.1,165.0,169.8600001,170.0,13.939999899999993,18.8,174.8600001,0.0
2021-08-19 16:00:00,0.1,170.0,169.8600001,166.0,11.579999299999944,11.439999399999952,165.8600001,0.0
2021-08-19 17:00:00,0.1,135.0,153.8,130.0,0.0,18.8,148.8,0.0
2021-08-19 18:00:00,0.1,172.0,169.8600001,152.0,8.859999099999929,6.719999199999936,149.8600001,0.0
2021-08-19 19:00:00,0.1,161.0,169.85999909999992,147.0,0.0,8.859999099999929,155.85999909999992,0.0
2021-08-19 20:00:00,0.1,125.0,125.0,128.0,0.0,0.0,128.0,0.0
2021-08-19 21:00:00,0.1,112.0,112.0,121.0,0.0,0.0,121.0,0.0
2021-08-19 22:00:00,0.1,116.0,116.0,116.0,0.0,0.0,116.0,0.0
2021-08-19 23:00:00,0.1,103.0,103.0,110.0,0.0,0.0,110.0,0.0
2021-08-19 00:00:00,0.2,76.0,76.0,71.0,0.0,0.0,71.0,0.0
2021-08-19 01:00:00,0.2,105.0,105.0,102.0,0.0,0.0,102.0,0.0
2021-08-19 02:00:00,0.2,108.0,108.0,109.0,0.0,0.0,109.0,0.0
2021-08-19 03:00:00,0.2,104.0,104.0,109.0,0.0,0.0,109.0,0.0
2021-08-19 04:00:00,0.2,107.0,107.0,104.0,0.0,0.0,104.0,0.0
2021-08-19 05:00:00,0.2,89.0,89.0,88.0,0.0,0.0,88.0,0.0
2021-08-19 06:00:00,0.2,114.0,114.0,109.0,0.0,0.0,109.0,0.0
2021-08-19 07:00:00,0.2,130.0,148.8,123.0,0.0,18.8,141.8,0.0
2021-08-19 08:00:00,0.2,187.0,169.8600001,174.0,17.139999899999992,0.0,156.8600001,0.0
2021-08-19 09:00:00,0.2,181.0,169.8600001,174.0,11.139999899999992,0.0,162.8600001,0.0
2021-08-19 10:00:00,0.2,177.0,169.8600001,163.0,16.619999699999976,9.479999799999984,155.8600001,0.0
2021-08-19 11:00:00,0.2,188.0,169.8600001,177.0,18.139999899999992,0.0,158.8600001,0.0
2021-08-19 12:00:00,0.2,120.0,138.8,105.0,0.0,18.8,123.8,0.0
2021-08-19 13:00:00,0.2,170.0,169.8600001,168.0,16.09999949999996,15.959999599999968,167.8600001,0.0
2021-08-19 14:00:00,0.2,184.0,169.8600001,175.0,14.139999899999992,0.0,160.8600001,0.0
2021-08-19 15:00:00,0.2,165.0,169.8600001,170.0,13.939999899999993,18.8,174.8600001,0.0
2021-08-19 16:00:00,0.2,170.0,169.8600001,166.0,11.579999299999944,11.439999399999952,165.8600001,0.0
2021-08-19 17:00:00,0.2,135.0,153.8,130.0,0.0,18.8,148.8,0.0
2021-08-19 18:00:00,0.2,172.0,169.8600001,152.0,8.859999099999929,6.719999199999936,149.8600001,0.0
2021-08-19 19:00:00,0.2,161.0,169.85999909999992,147.0,0.0,8.859999099999929,155.85999909999992,0.0
2021-08-19 20:00:00,0.2,125.0,125.0,128.0,0.0,0.0,128.0,0.0
2021-08-19 21:00:00,0.2,112.0,112.0,121.0,0.0,0.0,121.0,0.0
2021-08-19 22:00:00,0.2,116.0,116.0,116.0,0.0,0.0,116.0,0.0
2021-08-19 23:00:00,0.2,103.0,103.0,110.0,0.0,0.0,110.0,0.0
2021-08-20 00:00:00,0.0,72.0,72.0,73.0,0.0,0.0,73.0,0.0
2021-08-20 01:00:00,0.0,100.0,100.0,101.0,0.0,0.0,101.0,0.0
2021-08-20 02:00:00,0.0,112.0,112.0,107.0,0.0,0.0,107.0,0.0
2021-08-20 03:00:00,0.0,116.0,116.0,102.0,0.0,0.0,102.0,0.0
2021-08-20 04:00:00,0.0,110.0,110.0,99.0,0.0,0.0,99.0,0.0
2021-08-20 05:00:00,0.0,88.0,88.0,88.0,0.0,0.0,88.0,0.0
2021-08-20 06:00:00,0.0,110.0,110.0,111.0,0.0,0.0,111.0,0.0
2021-08-20 07:00:00,0.0,136.0,136.0,127.0,0.0,0.0,127.0,0.0
2021-08-20 08:00:00,0.0,196.0,196.0,171.0,0.0,0.0,171.0,0.0
2021-08-20 09:00:00,0.0,188.0,188.0,165.0,0.0,0.0,165.0,0.0
2021-08-20 10:00:00,0.0,184.0,184.0,157.0,0.0,0.0,157.0,0.0
2021-08-20 11:00:00,0.0,196.0,196.0,187.0,0.0,0.0,187.0,0.0
2021-08-20 12:00:00,0.0,111.0,111.0,111.0,0.0,0.0,111.0,0.0
2021-08-20 13:00:00,0.0,183.0,183.0,177.0,0.0,0.0,177.0,0.0
2021-08-20 14:00:00,0.0,189.0,189.0,175.0,0.0,0.0,175.0,0.0
2021-08-20 15:00:00,0.0,167.0,167.0,159.0,0.0,0.0,159.0,0.0
2021-08-20 16:00:00,0.0,183.0,183.0,171.0,0.0,0.0,171.0,0.0
2021-08-20 17:00:00,0.0,149.0,149.0,134.0,0.0,0.0,134.0,0.0
2021-08-20 18:00:00,0.0,174.0,174.0,155.0,0.0,0.0,155.0,0.0
2021-08-20 19:00:00,0.0,146.0,146.0,125.0,0.0,0.0,125.0,0.0
2021-08-20 20:00:00,0.0,117.0,117.0,114.0,0.0,0.0,114.0,0.0
2021-08-20 21:00:00,0.0,113.0,113.0,118.0,0.0,0.0,118.0,0.0
2021-08-20 22:00:00,0.0,109.0,109.0,106.0,0.0,0.0,106.0,0.0
2021-08-20 23:00:00,0.0,97.0,97.0,98.0,0.0,0.0,98.0,0.0
2021-08-20 00:00:00,0.05,72.0,72.0,73.0,0.0,0.0,73.0,0.0
2021-08-20 01:00:00,0.05,100.0,100.0,101.0,0.0,0.0,101.0,0.0
2021-08-20 02:00:00,0.05,112.0,112.0,107.0,0.0,0.0,107.0,0.0
2021-08-20 03:00:00,0.05,116.0,116.0,102.0,0.0,0.0,102.0,0.0
2021-08-20 04:00:00,0.05,110.0,110.0,99.0,0.0,0.0,99.0,0.0
2021-08-20 05:00:00,0.05,88.0,88.0,88.0,0.0,0.0,88.0,0.0
2021-08-20 06:00:00,0.05,110.0,110.0,111.0,0.0,0.0,111.0,0.0
2021-08-20 07:00:00,0.05,136.0,145.39999970000005,127.0,0.0,9.399999700000052,136.39999970000005,0.0
2021-08-20 08:00:00,0.05,196.0,186.20000009999998,171.0,9.799999900000017,0.0,161.20000009999998,1.2499999000000166
2021-08-20 09:00:00,0.05,188.0,186.20000009999998,165.0,1.7999999000000173,0.0,163.20000009999998,0.0
2021-08-20 10:00:00,0.05,184.0,186.20000009999998,157.0,0.0,2.2000000999999827,159.20000009999998,0.0
2021-08-20 11:00:00,0.05,196.0,186.20000009999998,187.0,9.799999900000017,0.0,177.20000009999998,0.44999990000001766
2021-08-20 12:00:00,0.05,111.0,120.79999990000002,111.0,0.0,9.799999900000017,120.79999990000002,0.0
2021-08-20 13:00:00,0.05,183.0,183.0,177.0,0.0,0.0,177.0,0.0
2021-08-20 14:00:00,0.05,189.0,186.20000009999998,175.0,2.7999999000000173,0.0,172.20000009999998,0.0
2021-08-20 15:00:00,0.05,167.0,167.0,159.0,0.0,0.0,159.0,0.0
2021-08-20 16:00:00,0.05,183.0,185.79999990000002,171.0,0.0,2.7999999000000173,173.79999990000002,0.0
2021-08-20 17:00:00,0.05,149.0,149.0,134.0,0.0,0.0,134.0,0.0
2021-08-20 18:00:00,0.05,174.0,174.0,155.0,0.0,0.0,155.0,0.0
2021-08-20 19:00:00,0.05,146.0,146.0,125.0,0.0,0.0,125.0,0.0
2021-08-20 20:00:00,0.05,117.0,117.0,114.0,0.0,0.0,114.0,0.0
2021-08-20 21:00:00,0.05,113.0,113.0,118.0,0.0,0.0,118.0,0.0
2021-08-20 22:00:00,0.05,109.0,109.0,106.0,0.0,0.0,106.0,0.0
2021-08-20 23:00:00,0.05,97.0,97.0,98.0,0.0,0.0,98.0,0.0
2021-08-20 00:00:00,0.1,72.0,72.0,73.0,0.0,0.0,73.0,0.0
2021-08-20 01:00:00,0.1,100.0,100.0,101.0,0.0,0.0,101.0,0.0
2021-08-20 02:00:00,0.1,112.0,112.0,107.0,0.0,0.0,107.0,0.0
2021-08-20 03:00:00,0.1,116.0,116.0,102.0,0.0,0.0,102.0,0.0
2021-08-20 04:00:00,0.1,110.0,110.0,99.0,0.0,0.0,99.0,0.0
2021-08-20 05:00:00,0.1,88.0,88.0,88.0,0.0,0.0,88.0,0.0
2021-08-20 06:00:00,0.1,110.0,110.0,111.0,0.0,0.0,111.0,0.0
2021-08-20 07:00:00,0.1,136.0,155.6,127.0,0.0,19.6,146.6,0.0
2021-08-20 08:00:00,0.1,196.0,177.90000009999997,171.0,18.09999990000003,0.0,152.90000009999997,0.9999999000000273
2021-08-20 09:00:00,0.1,188.0,177.90000009999997,165.0,10.099999900000029,0.0,154.90000009999997,0.0
2021-08-20 10:00:00,0.1,184.0,177.90000009999997,157.0,14.699999700000085,8.599999800000056,150.90000009999997,0.0
2021-08-20 11:00:00,0.1,196.0,177.90000009999997,187.0,18.09999990000003,0.0,168.90000009999997,0.0
2021-08-20 12:00:00,0.1,111.0,130.6,111.0,0.0,19.6,130.6,0.0
2021-08-20 13:00:00,0.1,183.0,177.90000009999997,177.0,18.29999950000014,13.199999600000112,171.9000001,0.5999995000001412
2021-08-20 14:00:00,0.1,189.0,177.90000009999997,175.0,11.099999900000029,0.0,163.90000009999997,0.0
2021-08-20 15:00:00,0.1,167.0,177.90000009999997,159.0,8.69999990000003,19.6,169.90000009999997,0.0
2021-08-20 16:00:00,0.1,183.0,177.90000009999997,171.0,14.899999300000196,9.799999400000168,165.90000009999997,0.0
2021-08-20 17:00:00,0.1,149.0,168.6,134.0,0.0,19.6,153.6,0.0
2021-08-20 18:00:00,0.1,174.0,177.90000009999997,155.0,0.0999991000002538,3.999999200000225,158.90000009999997,0.0
2021-08-20 19:00:00,0.1,146.0,146.09999910000025,125.0,0.0,0.0999991000002538,125.09999910000025,0.0
2021-08-20 20:00:00,0.1,117.0,117.0,114.0,0.0,0.0,114.0,0.0
2021-08-20 21:00:00,0.1,113.0,113.0,118.0,0.0,0.0,118.0,0.0
2021-08-20 22:00:00,0.1,109.0,109.0,106.0,0.0,0.0,106.0,0.0
2021-08-20 23:00:00,0.1,97.0,97.0,98.0,0.0,0.0,98.0,0.0
2021-08-20 00:00:00,0.2,72.0,72.0,73.0,0.0,0.0,73.0,0.0
2021-08-20 01:00:00,0.2,100.0,100.0,101.0,0.0,0.0,101.0,0.0
2021-08-20 02:00:00,0.2,112.0,112.0,107.0,0.0,0.0,107.0,0.0
2021-08-20 03:00:00,0.2,116.0,116.0,102.0,0.0,0.0,102.0,0.0
2021-08-20 04:00:00,0.2,110.0,110.0,99.0,0.0,0.0,99.0,0.0
2021-08-20 05:00:00,0.2,88.0,88.0,88.0,0.0,0.0,88.0,0.0
2021-08-20 06:00:00,0.2,110.0,110.0,111.0,0.0,0.0,111.0,0.0
2021-08-20 07:00:00,0.2,136.0,155.6,127.0,0.0,19.6,146.6,0.0
2021-08-20 08:00:00,0.2,196.0,176.30000009999998,171.0,19.699999900000023,0.0,151.30000009999998,0.0
2021-08-20 09:00:00,0.2,188.0,176.30000009999998,165.0,11.699999900000023,0.0,153.30000009999998,0.0
2021-08-20 10:00:00,0.2,184.0,176.30000009999998,157.0,19.499999700000068,11.799999800000045,149.30000009999998,0.0
2021-08-20 11:00:00,0.2,196.0,176.30000009999998,187.0,19.699999900000023,0.0,167.30000009999998,0.0
2021-08-20 12:00:00,0.2,111.0,130.6,111.0,0.0,19.6,130.6,0.0
2021-08-20 13:00:00,0.2,183.0,176.30000009999998,177.0,26.299999500000112,19.59999960000009,170.30000009999998,0.0
2021-08-20 14:00:00,0.2,189.0,176.30000009999998,175.0,19.399999400000134,6.699999500000111,162.30000009999998,0.0
2021-08-20 15:00:00,0.2,167.0,176.30000009999998,159.0,10.299999900000024,19.6,168.30000009999998,0.0
2021-08-20 16:00:00,0.2,183.0,176.30000009999998,171.0,26.099999300000157,19.399999400000134,164.30000009999998,0.0
2021-08-20 17:00:00,0.2,149.0,168.6,134.0,0.0,19.6,153.6,0.0
2021-08-20 18:00:00,0.2,174.0,176.30000009999998,155.0,14.499999100000203,16.79999920000018,157.30000009999998,0.0
2021-08-20 19:00:00,0.2,146.0,160.4999991000002,125.0,0.0,14.499999100000203,139.4999991000002,0.0
2021-08-20 20:00:00,0.2,117.0,117.0,114.0,0.0,0.0,114.0,0.0
2021-08-20 21:00:00,0.2,113.0,113.0,118.0,0.0,0.0,118.0,0.0
2021-08-20 22:00:00,0.2,109.0,109.0,106.0,0.0,0.0,106.0,0.0
2021-08-20 23:00:00,0.2,97.0,97.0,98.0,0.0,0.0,98.0,0.0
2021-08-21 00:00:00,0.0,62.0,62.0,63.0,0.0,0.0,63.0,0.0
2021-08-21 01:00:00,0.0,97.0,97.0,95.0,0.0,0.0,95.0,0.0
2021-08-21 02:00:00,0.0,107.0,107.0,104.0,0.0,0.0,104.0,0.0
2021-08-21 03:00:00,0.0,91.0,91.0,94.0,0.0,0.0,94.0,0.0
2021-08-21 04:00:00,0.0,98.0,98.0,104.0,0.0,0.0,104.0,0.0
2021-08-21 05:00:00,0.0,83.0,83.0,95.0,0.0,0.0,95.0,0.0
2021-08-21 06:00:00,0.0,86.0,86.0,99.0,0.0,0.0,99.0,0.0
2021-08-21 07:00:00,0.0,53.0,53.0,69.0,0.0,0.0,69.0,0.0
2021-08-21 08:00:00,0.0,23.0,23.0,23.0,0.0,0.0,23.0,0.0
2021-08-21 09:00:00,0.0,22.0,22.0,21.0,0.0,0.0,21.0,0.0
2021-08-21 10:00:00,0.0,21.0,21.0,21.0,0.0,0.0,21.0,0.0
2021-08-21 11:00:00,0.0,23.0,23.0,23.0,0.0,0.0,23.0,0.0
2021-08-21 12:00:00,0.0,22.0,22.0,22.0,0.0,0.0,22.0,0.0
2021-08-21 13:00:00,0.0,21.0,21.0,21.0,0.0,0.0,21.0,0.0
2021-08-21 14:00:00,0.0,22.0,22.0,23.0,0.0,0.0,23.0,0.0
2021-08-21 15:00:00,0.0,23.0,23.0,22.0,0.0,0.0,22.0,0.0
2021-08-21 16:00:00,0.0,22.0,22.0,22.0,0.0,0.0,22.0,0.0
2021-08-21 17:00:00,0.0,21.0,21.0,22.0,0.0,0.0,22.0,0.0
2021-08-21 18:00:00,0.0,22.0,22.0,25.0,0.0,0.0,25.0,0.0
2021-08-21 19:00:00,0.0,23.0,23.0,21.0,0.0,0.0,21.0,0.0
2021-08-21 20:00:00,0.0,22.0,22.0,22.0,0.0,0.0,22.0,0.0
2021-08-21 21:00:00,0.0,22.0,22.0,23.0,0.0,0.0,23.0,0.0
2021-08-21 22:00:00,0.0,23.0,23.0,25.0,0.0,0.0,25.0,0.0
2021-08-21 23:00:00,0.0,22.0,22.0,22.0,0.0,0.0,22.0,0.0
2021-08-21 00:00:00,0.05,62.0,62.0,63.0,0.0,0.0,63.0,0.0
2021-08-21 01:00:00,0.05,97.0,97.0,95.0,0.0,0.0,95.0,0.0
2021-08-21 02:00:00,0.05,107.0,107.0,104.0,0.0,0.0,104.0,0.0
2021-08-21 03:00:00,0.05,91.0,91.0,94.0,0.0,0.0,94.0,0.0
2021-08-21 04:00:00,0.05,98.0,98.0,104.0,0.0,0.0,104.0,0.0
2021-08-21 05:00:00,0.05,83.0,83.0,95.0,0.0,0.0,95.0,0.0
2021-08-21 06:00:00,0.05,86.0,86.0,99.0,0.0,0.0,99.0,0.0
2021-08-21 07:00:00,0.05,53.0,53.0,69.0,0.0,0.0,69.0,0.0
2021-08-21 08:00:00,0.05,23.0,23.0,23.0,0.0,0.0,23.0,0.0
2021-08-21 09:00:00,0.05,22.0,22.0,21.0,0.0,0.0,21.0,0.0
2021-08-21 10:00:00,0.05,21.0,21.0,21.0,0.0,0.0,21.0,0.0
2021-08-21 11:00:00,0.05,23.0,23.0,23.0,0.0,0.0,23.0,0.0
2021-08-21 12:00:00,0.05,22.0,22.0,22.0,0.0,0.0,22.0,0.0
2021-08-21 13:00:00,0.05,21.0,21.0,21.0,0.0,0.0,21.0,0.0
2021-08-21 14:00:00,0.05,22.0,22.0,23.0,0.0,0.0,23.0,0.0
2021-08-21 15:00:00,0.05,23.0,23.0,22.0,0.0,0.0,22.0,0.0
2021-08-21 16:00:00,0.05,22.0,22.0,22.0,0.0,0.0,22.0,0.0
2021-08-21 17:00:00,0.05,21.0,21.0,22.0,0.0,0.0,22.0,0.0
2021-08-21 18:00:00,0.05,22.0,22.0,25.0,0.0,0.0,25.0,0.0
2021-08-21 19:00:00,0.05,23.0,23.0,21.0,0.0,0.0,21.0,0.0
2021-08-21 20:00:00,0.05,22.0,22.0,22.0,0.0,0.0,22.0,0.0
2021-08-21 21:00:00,0.05,22.0,22.0,23.0,0.0,0.0,23.0,0.0
2021-08-21 22:00:00,0.05,23.0,23.0,25.0,0.0,0.0,25.0,0.0
2021-08-21 23:00:00,0.05,22.0,22.0,22.0,0.0,0.0,22.0,0.0
2021-08-21 00:00:00,0.1,62.0,62.0,63.0,0.0,0.0,63.0,0.0
2021-08-21 01:00:00,0.1,97.0,97.0,95.0,0.0,0.0,95.0,0.0
2021-08-21 02:00:00,0.1,107.0,107.0,104.0,0.0,0.0,104.0,0.0
2021-08-21 03:00:00,0.1,91.0,91.0,94.0,0.0,0.0,94.0,0.0
2021-08-21 04:00:00,0.1,98.0,98.0,104.0,0.0,0.0,104.0,0.0
2021-08-21 05:00:00,0.1,83.0,83.0,95.0,0.0,0.0,95.0,0.0
2021-08-21 06:00:00,0.1,86.0,86.0,99.0,0.0,0.0,99.0,0.0
2021-08-21 07:00:00,0.1,53.0,53.0,69.0,0.0,0.0,69.0,0.0
2021-08-21 08:00:00,0.1,23.0,23.0,23.0,0.0,0.0,23.0,0.0
2021-08-21 09:00:00,0.1,22.0,22.0,21.0,0.0,0.0,21.0,0.0
2021-08-21 10:00:00,0.1,21.0,21.0,21.0,0.0,0.0,21.0,0.0
2021-08-21 11:00:00,0.1,23.0,23.0,23.0,0.0,0.0,23.0,0.0
2021-08-21 12:00:00,0.1,22.0,22.0,22.0,0.0,0.0,22.0,0.0
2021-08-21 13:00:00,0.1,21.0,21.0,21.0,0.0,0.0,21.0,0.0
2021-08-21 14:00:00,0.1,22.0,22.0,23.0,0.0,0.0,23.0,0.0
2021-08-21 15:00:00,0.1,23.0,23.0,22.0,0.0,0.0,22.0,0.0
2021-08-21 16:00:00,0.1,22.0,22.0,22.0,0.0,0.0,22.0,0.0
2021-08-21 17:00:00,0.1,21.0,21.0,22.0,0.0,0.0,22.0,0.0
2021-08-21 18:00:00,0.1,22.0,22.0,25.0,0.0,0.0,25.0,0.0
2021-08-21 19:00:00,0.1,23.0,23.0,21.0,0.0,0.0,21.0,0.0
2021-08-21 20:00:00,0.1,22.0,22.0,22.0,0.0,0.0,22.0,0.0
2021-08-21 21:00:00,0.1,22.0,22.0,23.0,0.0,0.0,23.0,0.0
2021-08-21 22:00:00,0.1,23.0,23.0,25.0,0.0,0.0,25.0,0.0
2021-08-21 23:00:00,0.1,22.0,22.0,22.0,0.0,0.0,22.0,0.0
2021-08-21 00:00:00,0.2,62.0,62.0,63.0,0.0,0.0,63.0,0.0
2021-08-21 01:00:00,0.2,97.0,97.0,95.0,0.0,0.0,95.0,0.0
2021-08-21 02:00:00,0.2,107.0,107.0,104.0,0.0,0.0,104.0,0.0
2021-08-21 03:00:00,0.2,91.0,91.0,94.0,0.0,0.0,94.0,0.0
2021-08-21 04:00:00,0.2,98.0,98.0,104.0,0.0,0.0,104.0,0.0
2021-08-21 05:00:00,0.2,83.0,83.0,95.0,0.0,0.0,95.0,0.0
2021-08-21 06:00:00,0.2,86.0,86.0,99.0,0.0,0.0,99.0,0.0
2021-08-21 07:00:00,0.2,53.0,53.0,69.0,0.0,0.0,69.0,0.0
2021-08-21 08:00:00,0.2,23.0,23.0,23.0,0.0,0.0,23.0,0.0
2021-08-21 09:00:00,0.2,22.0,22.0,21.0,0.0,0.0,21.0,0.0
2021-08-21 10:00:00,0.2,21.0,21.0,21.0,0.0,0.0,21.0,0.0
2021-08-21 11:00:00,0.2,23.0,23.0,23.0,0.0,0.0,23.0,0.0
2021-08-21 12:00:00,0.2,22.0,22.0,22.0,0.0,0.0,22.0,0.0
2021-08-21 13:00:00,0.2,21.0,21.0,21.0,0.0,0.0,21.0,0.0
2021-08-21 14:00:00,0.2,22.0,22.0,23.0,0.0,0.0,23.0,0.0
2021-08-21 15:00:00,0.2,23.0,23.0,22.0,0.0,0.0,22.0,0.0
2021-08-21 16:00:00,0.2,22.0,22.0,22.0,0.0,0.0,22.0,0.0
2021-08-21 17:00:00,0.2,21.0,21.0,22.0,0.0,0.0,22.0,0.0
2021-08-21 18:00:00,0.2,22.0,22.0,25.0,0.0,0.0,25.0,0.0
2021-08-21 19:00:00,0.2,23.0,23.0,21.0,0.0,0.0,21.0,0.0
2021-08-21 20:00:00,0.2,22.0,22.0,22.0,0.0,0.0,22.0,0.0
2021-08-21 21:00:00,0.2,22.0,22.0,23.0,0.0,0.0,23.0,0.0
2021-08-21 22:00:00,0.2,23.0,23.0,25.0,0.0,0.0,25.0,0.0
2021-08-21 23:00:00,0.2,22.0,22.0,22.0,0.0,0.0,22.0,0.0
2021-08-22 00:00:00,0.0,22.0,22.0,22.0,0.0,0.0,22.0,0.0
2021-08-22 01:00:00,0.0,23.0,23.0,23.0,0.0,0.0,23.0,0.0
2021-08-22 02:00:00,0.0,22.0,22.0,24.0,0.0,0.0,24.0,0.0
2021-08-22 03:00:00,0.0,21.0,21.0,23.0,0.0,0.0,23.0,0.0
2021-08-22 04:00:00,0.0,22.0,22.0,22.0,0.0,0.0,22.0,0.0
2021-08-22 05:00:00,0.0,23.0,23.0,24.0,0.0,0.0,24.0,0.0
2021-08-22 06:00:00,0.0,22.0,22.0,22.0,0.0,0.0,22.0,0.0
2021-08-22 07:00:00,0.0,21.0,21.0,22.0,0.0,0.0,22.0,0.0
2021-08-22 08:00:00,0.0,23.0,23.0,22.0,0.0,0.0,22.0,0.0
2021-08-22 09:00:00,0.0,23.0,23.0,24.0,0.0,0.0,24.0,0.0
2021-08-22 10:00:00,0.0,21.0,21.0,22.0,0.0,0.0,22.0,0.0
2021-08-22 11:00:00,0.0,22.0,22.0,22.0,0.0,0.0,22.0,0.0
2021-08-22 12:00:00,0.0,23.0,23.0,23.0,0.0,0.0,23.0,0.0
2021-08-22 13:00:00,0.0,22.0,22.0,24.0,0.0,0.0,24.0,0.0
2021-08-22 14:00:00,0.0,22.0,22.0,23.0,0.0,0.0,23.0,0.0
2021-08-22 15:00:00,0.0,21.0,21.0,23.0,0.0,0.0,23.0,0.0
2021-08-22 16:00:00,0.0,23.0,23.0,25.0,0.0,0.0,25.0,0.0
2021-08-22 17:00:00,0.0,22.0,22.0,22.0,0.0,0.0,22.0,0.0
2021-08-22 18:00:00,0.0,21.0,21.0,22.0,0.0,0.0,22.0,0.0
2021-08-22 19:00:00,0.0,23.0,23.0,22.0,0.0,0.0,22.0,0.0
2021-08-22 20:00:00,0.0,22.0,22.0,24.0,0.0,0.0,24.0,0.0
2021-08-22 21:00:00,0.0,22.0,22.0,22.0,0.0,0.0,22.0,0.0
2021-08-22 22:00:00,0.0,23.0,23.0,23.0,0.0,0.0,23.0,0.0
2021-08-22 23:00:00,0.0,23.0,23.0,23.0,0.0,0.0,23.0,0.0
2021-08-22 00:00:00,0.05,22.0,22.0,22.0,0.0,0.0,22.0,0.0
2021-08-22 01:00:00,0.05,23.0,23.0,23.0,0.0,0.0,23.0,0.0
2021-08-22 02:00:00,0.05,22.0,22.0,24.0,0.0,0.0,24.0,0.0
2021-08-22 03:00:00,0.05,21.0,21.0,23.0,0.0,0.0,23.0,0.0
2021-08-22 04:00:00,0.05,22.0,22.0,22.0,0.0,0.0,22.0,0.0
2021-08-22 05:00:00,0.05,23.0,23.0,24.0,0.0,0.0,24.0,0.0
2021-08-22 06:00:00,0.05,22.0,22.0,22.0,0.0,0.0,22.0,0.0
2021-08-22 07:00:00,0.05,21.0,21.0,22.0,0.0,0.0,22.0,0.0
2021-08-22 08:00:00,0.05,23.0,23.0,22.0,0.0,0.0,22.0,0.0
2021-08-22 09:00:00,0.05,23.0,23.0,24.0,0.0,0.0,24.0,0.0
2021-08-22 10:00:00,0.05,21.0,21.0,22.0,0.0,0.0,22.0,0.0
2021-08-22 11:00:00,0.05,22.0,22.0,22.0,0.0,0.0,22.0,0.0
2021-08-22 12:00:00,0.05,23.0,23.0,23.0,0.0,0.0,23.0,0.0
2021-08-22 13:00:00,0.05,22.0,22.0,24.0,0.0,0.0,24.0,0.0
2021-08-22 14:00:00,0.05,22.0,22.0,23.0,0.0,0.0,23.0,0.0
2021-08-22 15:00:00,0.05,21.0,21.0,23.0,0.0,0.0,23.0,0.0
2021-08-22 16:00:00,0.05,23.0,23.0,25.0,0.0,0.0,25.0,0.0
2021-08-22 17:00:00,0.05,22.0,22.0,22.0,0.0,0.0,22.0,0.0
2021-08-22 18:00:00,0.05,21.0,21.0,22.0,0.0,0.0,22.0,0.0
2021-08-22 19:00:00,0.05,23.0,23.0,22.0,0.0,0.0,22.0,0.0
2021-08-22 20:00:00,0.05,22.0,22.0,24.0,0.0,0.0,24.0,0.0
2021-08-22 21:00:00,0.05,22.0,22.0,22.0,0.0,0.0,22.0,0.0
2021-08-22 22:00:00,0.05,23.0,23.0,23.0,0.0,0.0,23.0,0.0
2021-08-22 23:00:00,0.05,23.0,23.0,23.0,0.0,0.0,23.0,0.0
2021-08-22 00:00:00,0.1,22.0,22.0,22.0,0.0,0.0,22.0,0.0
2021-08-22 01:00:00,0.1,23.0,23.0,23.0,0.0,0.0,23.0,0.0
2021-08-22 02:00:00,0.1,22.0,22.0,24.0,0.0,0.0,24.0,0.0
2021-08-22 03:00:00,0.1,21.0,21.0,23.0,0.0,0.0,23.0,0.0
2021-08-22 04:00:00,0.1,22.0,22.0,22.0,0.0,0.0,22.0,0.0
2021-08-22 05:00:00,0.1,23.0,23.0,24.0,0.0,0.0,24.0,0.0
2021-08-22 06:00:00,0.1,22.0,22.0,22.0,0.0,0.0,22.0,0.0
2021-08-22 07:00:00,0.1,21.0,21.0,22.0,0.0,0.0,22.0,0.0
2021-08-22 08:00:00,0.1,23.0,23.0,22.0,0.0,0.0,22.0,0.0
2021-08-22 09:00:00,0.1,23.0,23.0,24.0,0.0,0.0,24.0,0.0
2021-08-22 10:00:00,0.1,21.0,21.0,22.0,0.0,0.0,22.0,0.0
2021-08-22 11:00:00,0.1,22.0,22.0,22.0,0.0,0.0,22.0,0.0
2021-08-22 12:00:00,0.1,23.0,23.0,23.0,0.0,0.0,23.0,0.0
2021-08-22 13:00:00,0.1,22.0,22.0,24.0,0.0,0.0,24.0,0.0
2021-08-22 14:00:00,0.1,22.0,22.0,23.0,0.0,0.0,23.0,0.0
2021-08-22 15:00:00,0.1,21.0,21.0,23.0,0.0,0.0,23.0,0.0
2021-08-22 16:00:00,0.1,23.0,23.0,25.0,0.0,0.0,25.0,0.0
2021-08-22 17:00:00,0.1,22.0,22.0,22.0,0.0,0.0,22.0,0.0
2021-08-22 18:00:00,0.1,21.0,21.0,22.0,0.0,0.0,22.0,0.0
2021-08-22 19:00:00,0.1,23.0,23.0,22.0,0.0,0.0,22.0,0.0
2021-08-22 20:00:00,0.1,22.0,22.0,24.0,0.0,0.0,24.0,0.0
2021-08-22 21:00:00,0.1,22.0,22.0,22.0,0.0,0.0,22.0,0.0
2021-08-22 22:00:00,0.1,23.0,23.0,23.0,0.0,0.0,23.0,0.0
2021-08-22 23:00:00,0.1,23.0,23.0,23.0,0.0,0.0,23.0,0.0
2021-08-22 00:00:00,0.2,22.0,22.0,22.0,0.0,0.0,22.0,0.0
2021-08-22 01:00:00,0.2,23.0,23.0,23.0,0.0,0.0,23.0,0.0
2021-08-22 02:00:00,0.2,22.0,22.0,24.0,0.0,0.0,24.0,0.0
2021-08-22 03:00:00,0.2,21.0,21.0,23.0,0.0,0.0,23.0,0.0
2021-08-22 04:00:00,0.2,22.0,22.0,22.0,0.0,0.0,22.0,0.0
2021-08-22 05:00:00,0.2,23.0,23.0,24.0,0.0,0.0,24.0,0.0
2021-08-22 06:00:00,0.2,22.0,22.0,22.0,0.0,0.0,22.0,0.0
2021-08-22 07:00:00,0.2,21.0,21.0,22.0,0.0,0.0,22.0,0.0
2021-08-22 08:00:00,0.2,23.0,23.0,22.0,0.0,0.0,22.0,0.0
2021-08-22 09:00:00,0.2,23.0,23.0,24.0,0.0,0.0,24.0,0.0
2021-08-22 10:00:00,0.2,21.0,21.0,22.0,0.0,0.0,22.0,0.0
2021-08-22 11:00:00,0.2,22.0,22.0,22.0,0.0,0.0,22.0,0.0
2021-08-22 12:00:00,0.2,23.0,23.0,23.0,0.0,0.0,23.0,0.0
2021-08-22 13:00:00,0.2,22.0,22.0,24.0,0.0,0.0,24.0,0.0
2021-08-22 14:00:00,0.2,22.0,22.0,23.0,0.0,0.0,23.0,0.0
2021-08-22 15:00:00,0.2,21.0,21.0,23.0,0.0,0.0,23.0,0.0
2021-08-22 16:00:00,0.2,23.0,23.0,25.0,0.0,0.0,25.0,0.0
2021-08-22 17:00:00,0.2,22.0,22.0,22.0,0.0,0.0,22.0,0.0
2021-08-22 18:00:00,0.2,21.0,21.0,22.0,0.0,0.0,22.0,0.0
2021-08-22 19:00:00,0.2,23.0,23.0,22.0,0.0,0.0,22.0,0.0
2021-08-22 20:00:00,0.2,22.0,22.0,24.0,0.0,0.0,24.0,0.0
2021-08-22 21:00:00,0.2,22.0,22.0,22.0,0.0,0.0,22.0,0.0
2021-08-22 22:00:00,0.2,23.0,23.0,23.0,0.0,0.0,23.0,0.0
2021-08-22 23:00:00,0.2,23.0,23.0,23.0,0.0,0.0,23.0,0.0
2021-08-23 00:00:00,0.0,22.0,22.0,23.0,0.0,0.0,23.0,0.0
2021-08-23 01:00:00,0.0,21.0,21.0,23.0,0.0,0.0,23.0,0.0
2021-08-23 02:00:00,0.0,23.0,23.0,23.0,0.0,0.0,23.0,0.0
2021-08-23 03:00:00,0.0,21.0,21.0,24.0,0.0,0.0,24.0,0.0
2021-08-23 04:00:00,0.0,22.0,22.0,22.0,0.0,0.0,22.0,0.0
2021-08-23 05:00:00,0.0,22.0,22.0,22.0,0.0,0.0,22.0,0.0
2021-08-23 06:00:00,0.0,23.0,23.0,21.0,0.0,0.0,21.0,0.0
2021-08-23 07:00:00,0.0,60.0,60.0,58.0,0.0,0.0,58.0,0.0
2021-08-23 08:00:00,0.0,174.0,174.0,167.0,0.0,0.0,167.0,0.0
2021-08-23 09:00:00,0.0,183.0,183.0,180.0,0.0,0.0,180.0,0.0
2021-08-23 10:00:00,0.0,144.0,144.0,170.0,0.0,0.0,170.0,0.0
2021-08-23 11:00:00,0.0,155.0,155.0,184.0,0.0,0.0,184.0,0.0
2021-08-23 12:00:00,0.0,97.0,97.0,116.0,0.0,0.0,116.0,0.0
2021-08-23 13:00:00,0.0,153.0,153.0,184.0,0.0,0.0,184.0,0.0
2021-08-23 14:00:00,0.0,146.0,146.0,184.0,0.0,0.0,184.0,0.0
2021-08-23 15:00:00,0.0,133.0,133.0,180.0,0.0,0.0,180.0,0.0
2021-08-23 16:00:00,0.0,116.0,116.0,172.0,0.0,0.0,172.0,0.0
2021-08-23 17:00:00,0.0,100.0,100.0,142.0,0.0,0.0,142.0,0.0
2021-08-23 18:00:00,0.0,92.0,92.0,156.0,0.0,0.0,156.0,0.0
2021-08-23 19:00:00,0.0,89.0,89.0,129.0,0.0,0.0,129.0,0.0
2021-08-23 20:00:00,0.0,98.0,98.0,112.0,0.0,0.0,112.0,0.0
2021-08-23 21:00:00,0.0,112.0,112.0,111.0,0.0,0.0,111.0,0.0
2021-08-23 22:00:00,0.0,95.0,95.0,109.0,0.0,0.0,109.0,0.0
2021-08-23 23:00:00,0.0,96.0,96.0,96.0,0.0,0.0,96.0,0.0
2021-08-23 00:00:00,0.05,22.0,22.0,23.0,0.0,0.0,23.0,0.0
2021-08-23 01:00:00,0.05,21.0,21.0,23.0,0.0,0.0,23.0,0.0
2021-08-23 02:00:00,0.05,23.0,23.0,23.0,0.0,0.0,23.0,0.0
2021-08-23 03:00:00,0.05,21.0,21.0,24.0,0.0,0.0,24.0,0.0
2021-08-23 04:00:00,0.05,22.0,22.0,22.0,0.0,0.0,22.0,0.0
2021-08-23 05:00:00,0.05,22.0,22.0,22.0,0.0,0.0,22.0,0.0
2021-08-23 06:00:00,0.05,23.0,23.0,21.0,0.0,0.0,21.0,0.0
2021-08-23 07:00:00,0.05,60.0,69.29999980000002,58.0,0.0,9.299999800000023,67.29999980000002,0.0
2021-08-23 08:00:00,0.05,174.0,173.8500001,167.0,0.14999990000001162,0.0,166.8500001,0.0
2021-08-23 09:00:00,0.05,183.0,173.8500001,180.0,9.149999900000012,0.0,170.8500001,0.14999990000001162
2021-08-23 10:00:00,0.05,144.0,144.0,170.0,0.0,0.0,170.0,0.0
2021-08-23 11:00:00,0.05,155.0,155.0,184.0,0.0,0.0,184.0,0.0
2021-08-23 12:00:00,0.05,97.0,97.0,116.0,0.0,0.0,116.0,0.0
2021-08-23 13:00:00,0.05,153.0,153.0,184.0,0.0,0.0,184.0,0.0
2021-08-23 14:00:00,0.05,146.0,146.0,184.0,0.0,0.0,184.0,0.0
2021-08-23 15:00:00,0.05,133.0,133.0,180.0,0.0,0.0,180.0,0.0
2021-08-23 16:00:00,0.05,116.0,116.0,172.0,0.0,0.0,172.0,0.0
2021-08-23 17:00:00,0.05,100.0,100.0,142.0,0.0,0.0,142.0,0.0
2021-08-23 18:00:00,0.05,92.0,92.0,156.0,0.0,0.0,156.0,0.0
2021-08-23 19:00:00,0.05,89.0,89.0,129.0,0.0,0.0,129.0,0.0
2021-08-23 20:00:00,0.05,98.0,98.0,112.0,0.0,0.0,112.0,0.0
2021-08-23 21:00:00,0.05,112.0,112.0,111.0,0.0,0.0,111.0,0.0
2021-08-23 22:00:00,0.05,95.0,95.0,109.0,0.0,0.0,109.0,0.0
2021-08-23 23:00:00,0.05,96.0,96.0,96.0,0.0,0.0,96.0,0.0
2021-08-23 00:00:00,0.1,22.0,22.0,23.0,0.0,0.0,23.0,0.0
2021-08-23 01:00:00,0.1,21.0,21.0,23.0,0.0,0.0,23.0,0.0
2021-08-23 02:00:00,0.1,23.0,23.0,23.0,0.0,0.0,23.0,0.0
2021-08-23 03:00:00,0.1,21.0,21.0,24.0,0.0,0.0,24.0,0.0
2021-08-23 04:00:00,0.1,22.0,22.0,22.0,0.0,0.0,22.0,0.0
2021-08-23 05:00:00,0.1,22.0,22.0,22.0,0.0,0.0,22.0,0.0
2021-08-23 06:00:00,0.1,23.0,23.0,21.0,0.0,0.0,21.0,0.0
2021-08-23 07:00:00,0.1,60.0,69.29999990000002,58.0,0.0,9.299999900000017,67.29999990000002,0.0
2021-08-23 08:00:00,0.1,174.0,164.70000009999998,167.0,9.299999900000017,0.0,157.70000009999998,0.0
2021-08-23 09:00:00,0.1,183.0,164.70000009999998,180.0,18.299999900000017,0.0,161.70000009999998,0.2999999000000173
2021-08-23 10:00:00,0.1,144.0,152.59999980000003,170.0,0.0,8.599999800000035,178.59999980000003,0.0
2021-08-23 11:00:00,0.1,155.0,164.70000009999998,184.0,0.0,9.700000099999983,193.70000009999998,0.0
2021-08-23 12:00:00,0.1,97.0,97.0,116.0,0.0,0.0,116.0,0.0
2021-08-23 13:00:00,0.1,153.0,153.0,184.0,0.0,0.0,184.0,0.0
2021-08-23 14:00:00,0.1,146.0,146.0,184.0,0.0,0.0,184.0,0.0
2021-08-23 15:00:00,0.1,133.0,133.0,180.0,0.0,0.0,180.0,0.0
2021-08-23 16:00:00,0.1,116.0,116.0,172.0,0.0,0.0,172.0,0.0
2021-08-23 17:00:00,0.1,100.0,100.0,142.0,0.0,0.0,142.0,0.0
2021-08-23 18:00:00,0.1,92.0,92.0,156.0,0.0,0.0,156.0,0.0
2021-08-23 19:00:00,0.1,89.0,89.0,129.0,0.0,0.0,129.0,0.0
2021-08-23 20:00:00,0.1,98.0,98.0,112.0,0.0,0.0,112.0,0.0
2021-08-23 21:00:00,0.1,112.0,112.0,111.0,0.0,0.0,111.0,0.0
2021-08-23 22:00:00,0.1,95.0,95.0,109.0,0.0,0.0,109.0,0.0
2021-08-23 23:00:00,0.1,96.0,96.0,96.0,0.0,0.0,96.0,0.0
2021-08-23 00:00:00,0.2,22.0,22.0,23.0,0.0,0.0,23.0,0.0
2021-08-23 01:00:00,0.2,21.0,21.0,23.0,0.0,0.0,23.0,0.0
2021-08-23 02:00:00,0.2,23.0,23.0,23.0,0.0,0.0,23.0,0.0
2021-08-23 03:00:00,0.2,21.0,21.0,24.0,0.0,0.0,24.0,0.0
2021-08-23 04:00:00,0.2,22.0,22.0,22.0,0.0,0.0,22.0,0.0
2021-08-23 05:00:00,0.2,22.0,22.0,22.0,0.0,0.0,22.0,0.0
2021-08-23 06:00:00,0.2,23.0,23.0,21.0,0.0,0.0,21.0,0.0
2021-08-23 07:00:00,0.2,60.0,78.3,58.0,0.0,18.3,76.3,0.0
2021-08-23 08:00:00,0.2,174.0,151.05000009999998,167.0,22.949999900000023,0.0,144.05000009999998,0.0
2021-08-23 09:00:00,0.2,183.0,151.05000009999998,180.0,31.949999900000023,0.0,148.05000009999998,0.0
2021-08-23 10:00:00,0.2,144.0,151.05000009999998,170.0,11.249999900000024,18.3,177.05000009999998,0.0
2021-08-23 11:00:00,0.2,155.0,151.05000009999998,184.0,22.249999700000068,18.299999800000045,180.05000009999998,0.0
2021-08-23 12:00:00,0.2,97.0,115.3,116.0,0.0,18.3,134.3,0.0
2021-08-23 13:00:00,0.2,153.0,151.05000009999998,184.0,17.149999500000114,15.19999960000009,182.05000009999998,0.0
2021-08-23 14:00:00,0.2,146.0,146.0,184.0,0.0,0.0,184.0,0.0
2021-08-23 15:00:00,0.2,133.0,150.14999950000012,180.0,0.0,17.149999500000114,197.14999950000012,0.0
2021-08-23 16:00:00,0.2,116.0,116.0,172.0,0.0,0.0,172.0,0.0
2021-08-23 17:00:00,0.2,100.0,100.0,142.0,0.0,0.0,142.0,0.0
2021-08-23 18:00:00,0.2,92.0,92.0,156.0,0.0,0.0,156.0,0.0
2021-08-23 19:00:00,0.2,89.0,89.0,129.0,0.0,0.0,129.0,0.0
2021-08-23 20:00:00,0.2,98.0,98.0,112.0,0.0,0.0,112.0,0.0
2021-08-23 21:00:00,0.2,112.0,112.0,111.0,0.0,0.0,111.0,0.0
2021-08-23 22:00:00,0.2,95.0,95.0,109.0,0.0,0.0,109.0,0.0
2021-08-23 23:00:00,0.2,96.0,96.0,96.0,0.0,0.0,96.0,0.0
2021-08-24 00:00:00,0.0,70.0,70.0,65.0,0.0,0.0,65.0,0.0
2021-08-24 01:00:00,0.0,96.0,96.0,105.0,0.0,0.0,105.0,0.0
2021-08-24 02:00:00,0.0,98.0,98.0,110.0,0.0,0.0,110.0,0.0
2021-08-24 03:00:00,0.0,92.0,92.0,105.0,0.0,0.0,105.0,0.0
2021-08-24 04:00:00,0.0,93.0,93.0,108.0,0.0,0.0,108.0,0.0
2021-08-24 05:00:00,0.0,86.0,86.0,88.0,0.0,0.0,88.0,0.0
2021-08-24 06:00:00,0.0,94.0,94.0,109.0,0.0,0.0,109.0,0.0
2021-08-24 07:00:00,0.0,125.0,125.0,131.0,0.0,0.0,131.0,0.0
2021-08-24 08:00:00,0.0,164.0,164.0,187.0,0.0,0.0,187.0,0.0
2021-08-24 09:00:00,0.0,163.0,163.0,181.0,0.0,0.0,181.0,0.0
2021-08-24 10:00:00,0.0,153.0,153.0,171.0,0.0,0.0,171.0,0.0
2021-08-24 11:00:00,0.0,169.0,169.0,183.0,0.0,0.0,183.0,0.0
2021-08-24 12:00:00,0.0,110.0,110.0,115.0,0.0,0.0,115.0,0.0
2021-08-24 13:00:00,0.0,162.0,162.0,174.0,0.0,0.0,174.0,0.0
2021-08-24 14:00:00,0.0,161.0,161.0,186.0,0.0,0.0,186.0,0.0
2021-08-24 15:00:00,0.0,150.0,150.0,175.0,0.0,0.0,175.0,0.0
2021-08-24 16:00:00,0.0,152.0,152.0,184.0,0.0,0.0,184.0,0.0
2021-08-24 17:00:00,0.0,113.0,113.0,139.0,0.0,0.0,139.0,0.0
2021-08-24 18:00:00,0.0,149.0,149.0,152.0,0.0,0.0,152.0,0.0
2021-08-24 19:00:00,0.0,138.0,138.0,150.0,0.0,0.0,150.0,0.0
2021-08-24 20:00:00,0.0,120.0,120.0,121.0,0.0,0.0,121.0,0.0
2021-08-24 21:00:00,0.0,118.0,118.0,121.0,0.0,0.0,121.0,0.0
2021-08-24 22:00:00,0.0,110.0,110.0,113.0,0.0,0.0,113.0,0.0
2021-08-24 23:00:00,0.0,104.0,104.0,99.0,0.0,0.0,99.0,0.0
2021-08-24 00:00:00,0.05,70.0,70.0,65.0,0.0,0.0,65.0,0.0
2021-08-24 01:00:00,0.05,96.0,96.0,105.0,0.0,0.0,105.0,0.0
2021-08-24 02:00:00,0.05,98.0,98.0,110.0,0.0,0.0,110.0,0.0
2021-08-24 03:00:00,0.05,92.0,92.0,105.0,0.0,0.0,105.0,0.0
2021-08-24 04:00:00,0.05,93.0,93.0,108.0,0.0,0.0,108.0,0.0
2021-08-24 05:00:00,0.05,86.0,86.0,88.0,0.0,0.0,88.0,0.0
2021-08-24 06:00:00,0.05,94.0,94.0,109.0,0.0,0.0,109.0,0.0
2021-08-24 07:00:00,0.05,125.0,125.0,131.0,0.0,0.0,131.0,0.0
2021-08-24 08:00:00,0.05,164.0,160.5500001,187.0,3.4499998999999946,0.0,183.5500001,0.0
2021-08-24 09:00:00,0.05,163.0,160.5500001,181.0,2.4499998999999946,0.0,178.5500001,0.0
2021-08-24 10:00:00,0.05,153.0,158.8999998,171.0,0.0,5.899999799999989,176.8999998,0.0
2021-08-24 11:00:00,0.05,169.0,160.5500001,183.0,8.449999899999995,0.0,174.5500001,0.0
2021-08-24 12:00:00,0.05,110.0,118.4499999,115.0,0.0,8.449999899999995,123.4499999,0.0
2021-08-24 13:00:00,0.05,162.0,160.5500001,174.0,1.4499998999999946,0.0,172.5500001,0.0
2021-08-24 14:00:00,0.05,161.0,160.5500001,186.0,0.44999989999999457,0.0,185.5500001,0.0
2021-08-24 15:00:00,0.05,150.0,151.4499999,175.0,0.0,1.4499998999999946,176.4499999,0.0
2021-08-24 16:00:00,0.05,152.0,152.4499999,184.0,0.0,0.44999989999999457,184.4499999,0.0
2021-08-24 17:00:00,0.05,113.0,113.0,139.0,0.0,0.0,139.0,0.0
2021-08-24 18:00:00,0.05,149.0,149.0,152.0,0.0,0.0,152.0,0.0
2021-08-24 19:00:00,0.05,138.0,138.0,150.0,0.0,0.0,150.0,0.0
2021-08-24 20:00:00,0.05,120.0,120.0,121.0,0.0,0.0,121.0,0.0
2021-08-24 21:00:00,0.05,118.0,118.0,121.0,0.0,0.0,121.0,0.0
2021-08-24 22:00:00,0.05,110.0,110.0,113.0,0.0,0.0,113.0,0.0
2021-08-24 23:00:00,0.05,104.0,104.0,99.0,0.0,0.0,99.0,0.0
2021-08-24 00:00:00,0.1,70.0,70.0,65.0,0.0,0.0,65.0,0.0
2021-08-24 01:00:00,0.1,96.0,96.0,105.0,0.0,0.0,105.0,0.0
2021-08-24 02:00:00,0.1,98.0,98.0,110.0,0.0,0.0,110.0,0.0
2021-08-24 03:00:00,0.1,92.0,92.0,105.0,0.0,0.0,105.0,0.0
2021-08-24 04:00:00,0.1,93.0,93.0,108.0,0.0,0.0,108.0,0.0
2021-08-24 05:00:00,0.1,86.0,86.0,88.0,0.0,0.0,88.0,0.0
2021-08-24 06:00:00,0.1,94.0,94.0,109.0,0.0,0.0,109.0,0.0
2021-08-24 07:00:00,0.1,125.0,141.9,131.0,0.0,16.900000000000002,147.9,0.0
2021-08-24 08:00:00,0.1,164.0,152.2000001,187.0,11.799999899999989,0.0,175.2000001,0.0
2021-08-24 09:00:00,0.1,163.0,152.2000001,181.0,10.799999899999989,0.0,170.2000001,0.0
2021-08-24 10:00:00,0.1,153.0,152.2000001,171.0,6.4999996999999645,5.699999799999976,170.2000001,0.0
2021-08-24 11:00:00,0.1,169.0,152.2000001,183.0,16.79999989999999,0.0,166.2000001,0.0
2021-08-24 12:00:00,0.1,110.0,126.9,115.0,0.0,16.900000000000002,131.9,0.0
2021-08-24 13:00:00,0.1,162.0,152.2000001,174.0,16.19999949999994,6.399999599999951,164.2000001,0.0
2021-08-24 14:00:00,0.1,161.0,152.2000001,186.0,8.799999899999989,0.0,177.2000001,0.0
2021-08-24 15:00:00,0.1,150.0,152.2000001,175.0,14.699999899999991,16.900000000000002,177.2000001,0.0
2021-08-24 16:00:00,0.1,152.0,152.2000001,184.0,7.899999299999916,8.099999399999927,184.2000001,0.0
2021-08-24 17:00:00,0.1,113.0,129.9,139.0,0.0,16.900000000000002,155.9,0.0
2021-08-24 18:00:00,0.1,149.0,152.2000001,152.0,2.4999990999998936,5.699999199999905,155.2000001,0.0
2021-08-24 19:00:00,0.1,138.0,140.49999909999988,150.0,0.0,2.4999990999998936,152.49999909999988,0.0
2021-08-24 20:00:00,0.1,120.0,120.0,121.0,0.0,0.0,121.0,0.0
2021-08-24 21:00:00,0.1,118.0,118.0,121.0,0.0,0.0,121.0,0.0
2021-08-24 22:00:00,0.1,110.0,110.0,113.0,0.0,0.0,113.0,0.0
2021-08-24 23:00:00,0.1,104.0,104.0,99.0,0.0,0.0,99.0,0.0
2021-08-24 00:00:00,0.2,70.0,70.0,65.0,0.0,0.0,65.0,0.0
2021-08-24 01:00:00,0.2,96.0,96.0,105.0,0.0,0.0,105.0,0.0
2021-08-24 02:00:00,0.2,98.0,98.0,110.0,0.0,0.0,110.0,0.0
2021-08-24 03:00:00,0.2,92.0,92.0,105.0,0.0,0.0,105.0,0.0
2021-08-24 04:00:00,0.2,93.0,93.0,108.0,0.0,0.0,108.0,0.0
2021-08-24 05:00:00,0.2,86.0,86.0,88.0,0.0,0.0,88.0,0.0
2021-08-24 06:00:00,0.2,94.0,94.0,109.0,0.0,0.0,109.0,0.0
2021-08-24 07:00:00,0.2,125.0,141.9,131.0,0.0,16.900000000000002,147.9,0.0
2021-08-24 08:00:00,0.2,164.0,151.03000009999997,187.0,12.969999900000033,0.0,174.03000009999997,0.0
2021-08-24 09:00:00,0.2,163.0,151.03000009999997,181.0,11.969999900000033,0.0,169.03000009999997,0.0
2021-08-24 10:00:00,0.2,153.0,151.03000009999997,171.0,10.009999700000098,8.039999800000064,169.03000009999997,0.0
2021-08-24 11:00:00,0.2,169.0,151.03000009999997,183.0,17.969999900000033,0.0,165.03000009999997,0.0
2021-08-24 12:00:00,0.2,110.0,126.9,115.0,0.0,16.900000000000002,131.9,0.0
2021-08-24 13:00:00,0.2,162.0,151.03000009999997,174.0,22.049999500000162,11.079999600000129,163.03000009999997,0.0
2021-08-24 14:00:00,0.2,161.0,151.03000009999997,186.0,15.119999400000193,5.14999950000016,176.03000009999997,0.0
2021-08-24 15:00:00,0.2,150.0,151.03000009999997,175.0,15.869999900000035,16.900000000000002,176.03000009999997,0.0
2021-08-24 16:00:00,0.2,152.0,151.03000009999997,184.0,16.089999300000226,15.119999400000193,183.03000009999997,0.0
2021-08-24 17:00:00,0.2,113.0,129.9,139.0,0.0,16.900000000000002,155.9,0.0
2021-08-24 18:00:00,0.2,149.0,151.03000009999997,152.0,13.029999100000293,15.05999920000026,154.03000009999997,0.0
2021-08-24 19:00:00,0.2,138.0,151.02999910000028,150.0,0.0,13.029999100000293,163.02999910000028,0.0
2021-08-24 20:00:00,0.2,120.0,120.0,121.0,0.0,0.0,121.0,0.0
2021-08-24 21:00:00,0.2,118.0,118.0,121.0,0.0,0.0,121.0,0.0
2021-08-24 22:00:00,0.2,110.0,110.0,113.0,0.0,0.0,113.0,0.0
2021-08-24 23:00:00,0.2,104.0,104.0,99.0,0.0,0.0,99.0,0.0
2021-08-25 00:00:00,0.0,65.0,65.0,77.0,0.0,0.0,77.0,0.0
2021-08-25 01:00:00,0.0,95.0,95.0,104.0,0.0,0.0,104.0,0.0
2021-08-25 02:00:00,0.0,103.0,103.0,109.0,0.0,0.0,109.0,0.0
2021-08-25 03:00:00,0.0,91.0,91.0,99.0,0.0,0.0,99.0,0.0
2021-08-25 04:00:00,0.0,95.0,95.0,109.0,0.0,0.0,109.0,0.0
2021-08-25 05:00:00,0.0,83.0,83.0,91.0,0.0,0.0,91.0,0.0
2021-08-25 06:00:00,0.0,101.0,101.0,104.0,0.0,0.0,104.0,0.0
2021-08-25 07:00:00,0.0,125.0,125.0,139.0,0.0,0.0,139.0,0.0
2021-08-25 08:00:00,0.0,163.0,163.0,174.0,0.0,0.0,174.0,0.0
2021-08-25 09:00:00,0.0,169.0,169.0,171.0,0.0,0.0,171.0,0.0
2021-08-25 10:00:00,0.0,159.0,159.0,177.0,0.0,0.0,177.0,0.0
2021-08-25 11:00:00,0.0,173.0,173.0,173.0,0.0,0.0,173.0,0.0
2021-08-25 12:00:00,0.0,102.0,102.0,110.0,0.0,0.0,110.0,0.0
2021-08-25 13:00:00,0.0,171.0,171.0,174.0,0.0,0.0,174.0,0.0
2021-08-25 14:00:00,0.0,179.0,179.0,177.0,0.0,0.0,177.0,0.0
2021-08-25 15:00:00,0.0,170.0,170.0,169.0,0.0,0.0,169.0,0.0
2021-08-25 16:00:00,0.0,166.0,166.0,162.0,0.0,0.0,162.0,0.0
2021-08-25 17:00:00,0.0,141.0,141.0,146.0,0.0,0.0,146.0,0.0
2021-08-25 18:00:00,0.0,164.0,164.0,167.0,0.0,0.0,167.0,0.0
2021-08-25 19:00:00,0.0,143.0,143.0,139.0,0.0,0.0,139.0,0.0
2021-08-25 20:00:00,0.0,120.0,120.0,111.0,0.0,0.0,111.0,0.0
2021-08-25 21:00:00,0.0,115.0,115.0,121.0,0.0,0.0,121.0,0.0
2021-08-25 22:00:00,0.0,112.0,112.0,110.0,0.0,0.0,110.0,0.0
2021-08-25 23:00:00,0.0,105.0,105.0,105.0,0.0,0.0,105.0,0.0
2021-08-25 00:00:00,0.05,65.0,65.0,77.0,0.0,0.0,77.0,0.0
2021-08-25 01:00:00,0.05,95.0,95.0,104.0,0.0,0.0,104.0,0.0
2021-08-25 02:00:00,0.05,103.0,103.0,109.0,0.0,0.0,109.0,0.0
2021-08-25 03:00:00,0.05,91.0,91.0,99.0,0.0,0.0,99.0,0.0
2021-08-25 04:00:00,0.05,95.0,95.0,109.0,0.0,0.0,109.0,0.0
2021-08-25 05:00:00,0.05,83.0,83.0,91.0,0.0,0.0,91.0,0.0
2021-08-25 06:00:00,0.05,101.0,101.0,104.0,0.0,0.0,104.0,0.0
2021-08-25 07:00:00,0.05,125.0,125.0,139.0,0.0,0.0,139.0,0.0
2021-08-25 08:00:00,0.05,163.0,163.0,174.0,0.0,0.0,174.0,0.0
2021-08-25 09:00:00,0.05,169.0,169.0,171.0,0.0,0.0,171.0,0.0
2021-08-25 10:00:00,0.05,159.0,159.0,177.0,0.0,0.0,177.0,0.0
2021-08-25 11:00:00,0.05,173.0,170.0500001,173.0,2.9499998999999946,0.0,170.0500001,0.0
2021-08-25 12:00:00,0.05,102.0,110.74999949999997,110.0,0.0,8.749999499999973,118.74999949999997,0.0
2021-08-25 13:00:00,0.05,171.0,170.0500001,174.0,0.9499998999999946,0.0,173.0500001,0.0
2021-08-25 14:00:00,0.05,179.0,170.0500001,177.0,8.949999899999995,0.0,168.0500001,0.09999989999999492
2021-08-25 15:00:00,0.05,170.0,170.0500001,169.0,0.0,0.05000010000000543,169.0500001,0.0
2021-08-25 16:00:00,0.05,166.0,170.0500001,162.0,0.0,4.050000100000005,166.0500001,0.0
2021-08-25 17:00:00,0.05,141.0,141.0,146.0,0.0,0.0,146.0,0.0
2021-08-25 18:00:00,0.05,164.0,164.0,167.0,0.0,0.0,167.0,0.0
2021-08-25 19:00:00,0.05,143.0,143.0,139.0,0.0,0.0,139.0,0.0
2021-08-25 20:00:00,0.05,120.0,120.0,111.0,0.0,0.0,111.0,0.0
2021-08-25 21:00:00,0.05,115.0,115.0,121.0,0.0,0.0,121.0,0.0
2021-08-25 22:00:00,0.05,112.0,112.0,110.0,0.0,0.0,110.0,0.0
2021-08-25 23:00:00,0.05,105.0,105.0,105.0,0.0,0.0,105.0,0.0
2021-08-25 00:00:00,0.1,65.0,65.0,77.0,0.0,0.0,77.0,0.0
2021-08-25 01:00:00,0.1,95.0,95.0,104.0,0.0,0.0,104.0,0.0
2021-08-25 02:00:00,0.1,103.0,103.0,109.0,0.0,0.0,109.0,0.0
2021-08-25 03:00:00,0.1,91.0,91.0,99.0,0.0,0.0,99.0,0.0
2021-08-25 04:00:00,0.1,95.0,95.0,109.0,0.0,0.0,109.0,0.0
2021-08-25 05:00:00,0.1,83.0,83.0,91.0,0.0,0.0,91.0,0.0
2021-08-25 06:00:00,0.1,101.0,101.0,104.0,0.0,0.0,104.0,0.0
2021-08-25 07:00:00,0.1,125.0,142.9,139.0,0.0,17.900000000000002,156.9,0.0
2021-08-25 08:00:00,0.1,163.0,161.1000001,174.0,1.8999999000000116,0.0,172.1000001,0.0
2021-08-25 09:00:00,0.1,169.0,161.1000001,171.0,16.00000009999999,8.100000199999979,163.1000001,0.0
2021-08-25 10:00:00,0.1,159.0,161.1000001,177.0,0.0,2.1000000999999884,179.1000001,0.0
2021-08-25 11:00:00,0.1,173.0,161.1000001,173.0,11.899999900000012,0.0,161.1000001,0.0
2021-08-25 12:00:00,0.1,102.0,119.9,110.0,0.0,17.900000000000002,127.9,0.0
2021-08-25 13:00:00,0.1,171.0,161.1000001,174.0,9.899999900000012,0.0,164.1000001,0.0
2021-08-25 14:00:00,0.1,179.0,161.1000001,177.0,17.89999990000001,0.0,159.1000001,0.19999990000001233
2021-08-25 15:00:00,0.1,170.0,161.1000001,169.0,17.0,8.100000099999988,160.1000001,0.09999999999999787
2021-08-25 16:00:00,0.1,166.0,161.1000001,162.0,8.399999200000089,3.499999300000077,157.1000001,0.0
2021-08-25 17:00:00,0.1,141.0,158.9,146.0,0.0,17.900000000000002,163.9,0.0
2021-08-25 18:00:00,0.1,164.0,161.1000001,167.0,10.399999100000098,7.499999200000087,164.1000001,0.0
2021-08-25 19:00:00,0.1,143.0,153.3999991000001,139.0,0.0,10.399999100000098,149.3999991000001,0.0
2021-08-25 20:00:00,0.1,120.0,120.0,111.0,0.0,0.0,111.0,0.0
2021-08-25 21:00:00,0.1,115.0,115.0,121.0,0.0,0.0,121.0,0.0
2021-08-25 22:00:00,0.1,112.0,112.0,110.0,0.0,0.0,110.0,0.0
2021-08-25 23:00:00,0.1,105.0,105.0,105.0,0.0,0.0,105.0,0.0
2021-08-25 00:00:00,0.2,65.0,65.0,77.0,0.0,0.0,77.0,0.0
2021-08-25 01:00:00,0.2,95.0,95.0,104.0,0.0,0.0,104.0,0.0
2021-08-25 02:00:00,0.2,103.0,103.0,109.0,0.0,0.0,109.0,0.0
2021-08-25 03:00:00,0.2,91.0,91.0,99.0,0.0,0.0,99.0,0.0
2021-08-25 04:00:00,0.2,95.0,95.0,109.0,0.0,0.0,109.0,0.0
2021-08-25 05:00:00,0.2,83.0,83.0,91.0,0.0,0.0,91.0,0.0
2021-08-25 06:00:00,0.2,101.0,101.0,104.0,0.0,0.0,104.0,0.0
2021-08-25 07:00:00,0.2,125.0,142.9,139.0,0.0,17.900000000000002,156.9,0.0
2021-08-25 08:00:00,0.2,163.0,160.3300001,174.0,2.6699998999999934,0.0,171.3300001,0.0
2021-08-25 09:00:00,0.2,169.0,160.3300001,171.0,15.230000100000009,6.560000200000015,162.3300001,0.0
2021-08-25 10:00:00,0.2,159.0,160.3300001,177.0,0.0,1.3300001000000066,178.3300001,0.0
2021-08-25 11:00:00,0.2,173.0,160.3300001,173.0,12.669999899999993,0.0,160.3300001,0.0
2021-08-25 12:00:00,0.2,102.0,119.9,110.0,0.0,17.900000000000002,127.9,0.0
2021-08-25 13:00:00,0.2,171.0,160.3300001,174.0,10.669999899999993,0.0,163.3300001,0.0
2021-08-25 14:00:00,0.2,179.0,160.3300001,177.0,18.669999899999993,0.0,158.3300001,0.0
2021-08-25 15:00:00,0.2,170.0,160.3300001,169.0,17.900000000000002,8.230000100000009,159.3300001,0.0
2021-08-25 16:00:00,0.2,166.0,160.3300001,162.0,13.659999199999941,7.989999299999948,156.3300001,0.0
2021-08-25 17:00:00,0.2,141.0,158.9,146.0,0.0,17.900000000000002,163.9,0.0
2021-08-25 18:00:00,0.2,164.0,160.3300001,167.0,17.329999099999934,13.659999199999941,163.3300001,0.0
2021-08-25 19:00:00,0.2,143.0,160.32999909999992,139.0,0.0,17.329999099999934,156.32999909999992,0.0
2021-08-25 20:00:00,0.2,120.0,120.0,111.0,0.0,0.0,111.0,0.0
2021-08-25 21:00:00,0.2,115.0,115.0,121.0,0.0,0.0,121.0,0.0
2021-08-25 22:00:00,0.2,112.0,112.0,110.0,0.0,0.0,110.0,0.0
2021-08-25 23:00:00,0.2,105.0,105.0,105.0,0.0,0.0,105.0,0.0
2021-08-26 00:00:00,0.0,71.0,71.0,72.0,0.0,0.0,72.0,0.0
2021-08-26 01:00:00,0.0,102.0,102.0,103.0,0.0,0.0,103.0,0.0
2021-08-26 02:00:00,0.0,109.0,109.0,115.0,0.0,0.0,115.0,0.0
2021-08-26 03:00:00,0.0,109.0,109.0,99.0,0.0,0.0,99.0,0.0
2021-08-26 04:00:00,0.0,104.0,104.0,110.0,0.0,0.0,110.0,0.0
2021-08-26 05:00:00,0.0,88.0,88.0,92.0,0.0,0.0,92.0,0.0
2021-08-26 06:00:00,0.0,109.0,109.0,105.0,0.0,0.0,105.0,0.0
2021-08-26 07:00:00,0.0,123.0,123.0,134.0,0.0,0.0,134.0,0.0
2021-08-26 08:00:00,0.0,174.0,174.0,183.0,0.0,0.0,183.0,0.0
2021-08-26 09:00:00,0.0,174.0,174.0,195.0,0.0,0.0,195.0,0.0
2021-08-26 10:00:00,0.0,163.0,163.0,180.0,0.0,0.0,180.0,0.0
2021-08-26 11:00:00,0.0,177.0,177.0,188.0,0.0,0.0,188.0,0.0
2021-08-26 12:00:00,0.0,105.0,105.0,111.0,0.0,0.0,111.0,0.0
2021-08-26 13:00:00,0.0,168.0,168.0,183.0,0.0,0.0,183.0,0.0
2021-08-26 14:00:00,0.0,175.0,175.0,185.0,0.0,0.0,185.0,0.0
2021-08-26 15:00:00,0.0,170.0,170.0,188.0,0.0,0.0,188.0,0.0
2021-08-26 16:00:00,0.0,166.0,166.0,173.0,0.0,0.0,173.0,0.0
2021-08-26 17:00:00,0.0,130.0,130.0,132.0,0.0,0.0,132.0,0.0
2021-08-26 18:00:00,0.0,152.0,152.0,162.0,0.0,0.0,162.0,0.0
2021-08-26 19:00:00,0.0,147.0,147.0,156.0,0.0,0.0,156.0,0.0
2021-08-26 20:00:00,0.0,128.0,128.0,116.0,0.0,0.0,116.0,0.0
2021-08-26 21:00:00,0.0,121.0,121.0,125.0,0.0,0.0,125.0,0.0
2021-08-26 22:00:00,0.0,116.0,116.0,111.0,0.0,0.0,111.0,0.0
2021-08-26 23:00:00,0.0,110.0,110.0,105.0,0.0,0.0,105.0,0.0
2021-08-26 00:00:00,0.05,71.0,71.0,72.0,0.0,0.0,72.0,0.0
2021-08-26 01:00:00,0.05,102.0,102.0,103.0,0.0,0.0,103.0,0.0
2021-08-26 02:00:00,0.05,109.0,109.0,115.0,0.0,0.0,115.0,0.0
2021-08-26 03:00:00,0.05,109.0,109.0,99.0,0.0,0.0,99.0,0.0
2021-08-26 04:00:00,0.05,104.0,104.0,110.0,0.0,0.0,110.0,0.0
2021-08-26 05:00:00,0.05,88.0,88.0,92.0,0.0,0.0,92.0,0.0
2021-08-26 06:00:00,0.05,109.0,109.0,105.0,0.0,0.0,105.0,0.0
2021-08-26 07:00:00,0.05,123.0,129.5499997,134.0,0.0,6.549999700000001,140.5499997,0.0
2021-08-26 08:00:00,0.05,174.0,168.1500001,183.0,5.8499999,0.0,177.1500001,0.0
2021-08-26 09:00:00,0.05,174.0,168.1500001,195.0,5.8499999,0.0,189.1500001,0.0
2021-08-26 10:00:00,0.05,163.0,168.1500001,180.0,0.0,5.1500001,185.1500001,0.0
2021-08-26 11:00:00,0.05,177.0,168.1500001,188.0,8.8499999,0.0,179.1500001,0.0
2021-08-26 12:00:00,0.05,105.0,120.2499995,111.0,0.0,15.249999500000001,126.2499995,0.0
2021-08-26 13:00:00,0.05,168.0,168.1500001,183.0,0.0,0.15000009999999975,183.1500001,0.0
2021-08-26 14:00:00,0.05,175.0,168.1500001,185.0,6.8499999,0.0,178.1500001,0.0
2021-08-26 15:00:00,0.05,170.0,168.1500001,188.0,1.8499999000000003,0.0,186.1500001,0.0
2021-08-26 16:00:00,0.05,166.0,168.1500001,173.0,0.0,2.1500000999999997,175.1500001,0.0
2021-08-26 17:00:00,0.05,130.0,130.0,132.0,0.0,0.0,132.0,0.0
2021-08-26 18:00:00,0.05,152.0,152.0,162.0,0.0,0.0,162.0,0.0
2021-08-26 19:00:00,0.05,147.0,147.0,156.0,0.0,0.0,156.0,0.0
2021-08-26 20:00:00,0.05,128.0,128.0,116.0,0.0,0.0,116.0,0.0
2021-08-26 21:00:00,0.05,121.0,121.0,125.0,0.0,0.0,125.0,0.0
2021-08-26 22:00:00,0.05,116.0,116.0,111.0,0.0,0.0,111.0,0.0
2021-08-26 23:00:00,0.05,110.0,110.0,105.0,0.0,0.0,105.0,0.0
2021-08-26 00:00:00,0.1,71.0,71.0,72.0,0.0,0.0,72.0,0.0
2021-08-26 01:00:00,0.1,102.0,102.0,103.0,0.0,0.0,103.0,0.0
2021-08-26 02:00:00,0.1,109.0,109.0,115.0,0.0,0.0,115.0,0.0
2021-08-26 03:00:00,0.1,109.0,109.0,99.0,0.0,0.0,99.0,0.0
2021-08-26 04:00:00,0.1,104.0,104.0,110.0,0.0,0.0,110.0,0.0
2021-08-26 05:00:00,0.1,88.0,88.0,92.0,0.0,0.0,92.0,0.0
2021-08-26 06:00:00,0.1,109.0,109.0,105.0,0.0,0.0,105.0,0.0
2021-08-26 07:00:00,0.1,123.0,140.7,134.0,0.0,17.7,151.7,0.0
2021-08-26 08:00:00,0.1,174.0,162.25000009999997,183.0,11.749999900000034,0.0,171.25000009999997,0.0
2021-08-26 09:00:00,0.1,174.0,162.25000009999997,195.0,11.749999900000034,0.0,183.25000009999997,0.0
2021-08-26 10:00:00,0.1,163.0,162.25000009999997,180.0,6.549999700000104,5.799999800000069,179.25000009999997,0.0
2021-08-26 11:00:00,0.1,177.0,162.25000009999997,188.0,14.749999900000034,0.0,173.25000009999997,0.0
2021-08-26 12:00:00,0.1,105.0,122.7,111.0,0.0,17.7,128.7,0.0
2021-08-26 13:00:00,0.1,168.0,162.25000009999997,183.0,9.349999500000173,3.599999600000139,177.25000009999997,0.0
2021-08-26 14:00:00,0.1,175.0,162.25000009999997,185.0,12.849999300000242,0.09999940000020757,172.25000009999997,0.0
2021-08-26 15:00:00,0.1,170.0,162.25000009999997,188.0,17.0,9.250000099999966,180.25000009999997,0.0
2021-08-26 16:00:00,0.1,166.0,162.25000009999997,173.0,16.599999200000276,12.849999300000242,169.25000009999997,0.0
2021-08-26 17:00:00,0.1,130.0,147.7,132.0,0.0,17.7,149.7,0.0
2021-08-26 18:00:00,0.1,152.0,162.25000009999997,162.0,5.649999100000311,15.899999200000277,172.25000009999997,0.0
2021-08-26 19:00:00,0.1,147.0,152.64999910000031,156.0,0.0,5.649999100000311,161.64999910000031,0.0
2021-08-26 20:00:00,0.1,128.0,128.0,116.0,0.0,0.0,116.0,0.0
2021-08-26 21:00:00,0.1,121.0,121.0,125.0,0.0,0.0,125.0,0.0
2021-08-26 22:00:00,0.1,116.0,116.0,111.0,0.0,0.0,111.0,0.0
2021-08-26 23:00:00,0.1,110.0,110.0,105.0,0.0,0.0,105.0,0.0
2021-08-26 00:00:00,0.2,71.0,71.0,72.0,0.0,0.0,72.0,0.0
2021-08-26 01:00:00,0.2,102.0,102.0,103.0,0.0,0.0,103.0,0.0
2021-08-26 02:00:00,0.2,109.0,109.0,115.0,0.0,0.0,115.0,0.0
2021-08-26 03:00:00,0.2,109.0,109.0,99.0,0.0,0.0,99.0,0.0
2021-08-26 04:00:00,0.2,104.0,104.0,110.0,0.0,0.0,110.0,0.0
2021-08-26 05:00:00,0.2,88.0,88.0,92.0,0.0,0.0,92.0,0.0
2021-08-26 06:00:00,0.2,109.0,109.0,105.0,0.0,0.0,105.0,0.0
2021-08-26 07:00:00,0.2,123.0,140.7,134.0,0.0,17.7,151.7,0.0
2021-08-26 08:00:00,0.2,174.0,162.02500010000003,183.0,11.974999899999972,0.0,171.02500010000003,0.0
2021-08-26 09:00:00,0.2,174.0,162.02500010000003,195.0,11.974999899999972,0.0,183.02500010000003,0.0
2021-08-26 10:00:00,0.2,163.0,162.02500010000003,180.0,7.224999699999916,6.249999799999944,179.02500010000003,0.0
2021-08-26 11:00:00,0.2,177.0,162.02500010000003,188.0,14.974999899999972,0.0,173.02500010000003,0.0
2021-08-26 12:00:00,0.2,105.0,122.7,111.0,0.0,17.7,128.7,0.0
2021-08-26 13:00:00,0.2,168.0,162.02500010000003,183.0,10.47499949999986,4.499999599999889,177.02500010000003,0.0
2021-08-26 14:00:00,0.2,175.0,162.02500010000003,185.0,13.724999299999805,0.7499993999998331,172.02500010000003,0.0
2021-08-26 15:00:00,0.2,170.0,162.02500010000003,188.0,17.7,9.725000100000027,180.02500010000003,0.0
2021-08-26 16:00:00,0.2,166.0,162.02500010000003,173.0,17.699999199999777,13.724999299999805,169.02500010000003,0.0
2021-08-26 17:00:00,0.2,130.0,147.7,132.0,0.0,17.7,149.7,0.0
2021-08-26 18:00:00,0.2,152.0,162.02500010000003,162.0,7.674999099999749,17.699999199999777,172.02500010000003,0.0
2021-08-26 19:00:00,0.2,147.0,154.67499909999975,156.0,0.0,7.674999099999749,163.67499909999975,0.0
2021-08-26 20:00:00,0.2,128.0,128.0,116.0,0.0,0.0,116.0,0.0
2021-08-26 21:00:00,0.2,121.0,121.0,125.0,0.0,0.0,125.0,0.0
2021-08-26 22:00:00,0.2,116.0,116.0,111.0,0.0,0.0,111.0,0.0
2021-08-26 23:00:00,0.2,110.0,110.0,105.0,0.0,0.0,105.0,0.0
2021-08-27 00:00:00,0.0,73.0,73.0,72.0,0.0,0.0,72.0,0.0
2021-08-27 01:00:00,0.0,101.0,101.0,102.0,0.0,0.0,102.0,0.0
2021-08-27 02:00:00,0.0,107.0,107.0,111.0,0.0,0.0,111.0,0.0
2021-08-27 03:00:00,0.0,102.0,102.0,102.0,0.0,0.0,102.0,0.0
2021-08-27 04:00:00,0.0,99.0,99.0,108.0,0.0,0.0,108.0,0.0
2021-08-27 05:00:00,0.0,88.0,88.0,86.0,0.0,0.0,86.0,0.0
2021-08-27 06:00:00,0.0,111.0,111.0,101.0,0.0,0.0,101.0,0.0
2021-08-27 07:00:00,0.0,127.0,127.0,125.0,0.0,0.0,125.0,0.0
2021-08-27 08:00:00,0.0,171.0,171.0,181.0,0.0,0.0,181.0,0.0
2021-08-27 09:00:00,0.0,165.0,165.0,176.0,0.0,0.0,176.0,0.0
2021-08-27 10:00:00,0.0,157.0,157.0,169.0,0.0,0.0,169.0,0.0
2021-08-27 11:00:00,0.0,187.0,187.0,175.0,0.0,0.0,175.0,0.0
2021-08-27 12:00:00,0.0,111.0,111.0,106.0,0.0,0.0,106.0,0.0
2021-08-27 13:00:00,0.0,177.0,177.0,173.0,0.0,0.0,173.0,0.0
2021-08-27 14:00:00,0.0,175.0,175.0,165.0,0.0,0.0,165.0,0.0
2021-08-27 15:00:00,0.0,159.0,159.0,162.0,0.0,0.0,162.0,0.0
2021-08-27 16:00:00,0.0,171.0,171.0,156.0,0.0,0.0,156.0,0.0
2021-08-27 17:00:00,0.0,134.0,134.0,142.0,0.0,0.0,142.0,0.0
2021-08-27 18:00:00,0.0,155.0,155.0,143.0,0.0,0.0,143.0,0.0
2021-08-27 19:00:00,0.0,125.0,125.0,127.0,0.0,0.0,127.0,0.0
2021-08-27 20:00:00,0.0,114.0,114.0,108.0,0.0,0.0,108.0,0.0
2021-08-27 21:00:00,0.0,118.0,118.0,107.0,0.0,0.0,107.0,0.0
2021-08-27 22:00:00,0.0,106.0,106.0,96.0,0.0,0.0,96.0,0.0
2021-08-27 23:00:00,0.0,98.0,98.0,102.0,0.0,0.0,102.0,0.0
2021-08-27 00:00:00,0.05,73.0,73.0,72.0,0.0,0.0,72.0,0.0
2021-08-27 01:00:00,0.05,101.0,101.0,102.0,0.0,0.0,102.0,0.0
2021-08-27 02:00:00,0.05,107.0,107.0,111.0,0.0,0.0,111.0,0.0
2021-08-27 03:00:00,0.05,102.0,102.0,102.0,0.0,0.0,102.0,0.0
2021-08-27 04:00:00,0.05,99.0,99.0,108.0,0.0,0.0,108.0,0.0
2021-08-27 05:00:00,0.05,88.0,88.0,86.0,0.0,0.0,86.0,0.0
2021-08-27 06:00:00,0.05,111.0,111.0,101.0,0.0,0.0,101.0,0.0
2021-08-27 07:00:00,0.05,127.0,127.0,125.0,0.0,0.0,125.0,0.0
2021-08-27 08:00:00,0.05,171.0,171.0,181.0,0.0,0.0,181.0,0.0
2021-08-27 09:00:00,0.05,165.0,165.0,176.0,0.0,0.0,176.0,0.0
2021-08-27 10:00:00,0.05,157.0,157.0,169.0,0.0,0.0,169.0,0.0
2021-08-27 11:00:00,0.05,187.0,177.6500001,175.0,9.3499999,0.0,165.6500001,0.5999999000000003
2021-08-27 12:00:00,0.05,111.0,120.3499999,106.0,0.0,9.3499999,115.3499999,0.0
2021-08-27 13:00:00,0.05,177.0,177.0,173.0,0.0,0.0,173.0,0.0
2021-08-27 14:00:00,0.05,175.0,175.0,165.0,0.0,0.0,165.0,0.0
2021-08-27 15:00:00,0.05,159.0,159.0,162.0,0.0,0.0,162.0,0.0
2021-08-27 16:00:00,0.05,171.0,171.0,156.0,0.0,0.0,156.0,0.0
2021-08-27 17:00:00,0.05,134.0,134.0,142.0,0.0,0.0,142.0,0.0
2021-08-27 18:00:00,0.05,155.0,155.0,143.0,0.0,0.0,143.0,0.0
2021-08-27 19:00:00,0.05,125.0,125.0,127.0,0.0,0.0,127.0,0.0
2021-08-27 20:00:00,0.05,114.0,114.0,108.0,0.0,0.0,108.0,0.0
2021-08-27 21:00:00,0.05,118.0,118.0,107.0,0.0,0.0,107.0,0.0
2021-08-27 22:00:00,0.05,106.0,106.0,96.0,0.0,0.0,96.0,0.0
2021-08-27 23:00:00,0.05,98.0,98.0,102.0,0.0,0.0,102.0,0.0
2021-08-27 00:00:00,0.1,73.0,73.0,72.0,0.0,0.0,72.0,0.0
2021-08-27 01:00:00,0.1,101.0,101.0,102.0,0.0,0.0,102.0,0.0
2021-08-27 02:00:00,0.1,107.0,107.0,111.0,0.0,0.0,111.0,0.0
2021-08-27 03:00:00,0.1,102.0,102.0,102.0,0.0,0.0,102.0,0.0
2021-08-27 04:00:00,0.1,99.0,99.0,108.0,0.0,0.0,108.0,0.0
2021-08-27 05:00:00,0.1,88.0,88.0,86.0,0.0,0.0,86.0,0.0
2021-08-27 06:00:00,0.1,111.0,111.0,101.0,0.0,0.0,101.0,0.0
2021-08-27 07:00:00,0.1,127.0,127.0,125.0,0.0,0.0,125.0,0.0
2021-08-27 08:00:00,0.1,171.0,168.3000001,181.0,2.6999998999999946,0.0,178.3000001,0.0
2021-08-27 09:00:00,0.1,165.0,167.6999999,176.0,0.0,2.6999998999999946,178.6999999,0.0
2021-08-27 10:00:00,0.1,157.0,165.6999998,169.0,0.0,8.69999979999999,177.6999998,0.0
2021-08-27 11:00:00,0.1,187.0,168.3000001,175.0,18.699999899999995,0.0,156.3000001,1.1999998999999946
2021-08-27 12:00:00,0.1,111.0,129.7,106.0,0.0,18.7,124.7,0.0
2021-08-27 13:00:00,0.1,177.0,168.3000001,173.0,8.699999899999995,0.0,164.3000001,0.0
2021-08-27 14:00:00,0.1,175.0,168.3000001,165.0,6.699999899999995,0.0,158.3000001,0.0
2021-08-27 15:00:00,0.1,159.0,165.6999999,162.0,0.0,6.699999899999995,168.6999999,0.0
2021-08-27 16:00:00,0.1,171.0,168.3000001,156.0,2.6999998999999946,0.0,153.3000001,0.0
2021-08-27 17:00:00,0.1,134.0,136.6999999,142.0,0.0,2.6999998999999946,144.6999999,0.0
2021-08-27 18:00:00,0.1,155.0,155.0,143.0,0.0,0.0,143.0,0.0
2021-08-27 19:00:00,0.1,125.0,125.0,127.0,0.0,0.0,127.0,0.0
2021-08-27 20:00:00,0.1,114.0,114.0,108.0,0.0,0.0,108.0,0.0
2021-08-27 21:00:00,0.1,118.0,118.0,107.0,0.0,0.0,107.0,0.0
2021-08-27 22:00:00,0.1,106.0,106.0,96.0,0.0,0.0,96.0,0.0
2021-08-27 23:00:00,0.1,98.0,98.0,102.0,0.0,0.0,102.0,0.0
2021-08-27 00:00:00,0.2,73.0,73.0,72.0,0.0,0.0,72.0,0.0
2021-08-27 01:00:00,0.2,101.0,101.0,102.0,0.0,0.0,102.0,0.0
2021-08-27 02:00:00,0.2,107.0,107.0,111.0,0.0,0.0,111.0,0.0
2021-08-27 03:00:00,0.2,102.0,102.0,102.0,0.0,0.0,102.0,0.0
2021-08-27 04:00:00,0.2,99.0,99.0,108.0,0.0,0.0,108.0,0.0
2021-08-27 05:00:00,0.2,88.0,88.0,86.0,0.0,0.0,86.0,0.0
2021-08-27 06:00:00,0.2,111.0,111.0,101.0,0.0,0.0,101.0,0.0
2021-08-27 07:00:00,0.2,127.0,145.7,125.0,0.0,18.7,143.7,0.0
2021-08-27 08:00:00,0.2,171.0,160.9000001,181.0,10.0999999,0.0,170.9000001,0.0
2021-08-27 09:00:00,0.2,165.0,160.9000001,176.0,8.600000099999999,4.500000199999999,171.9000001,0.0
2021-08-27 10:00:00,0.2,157.0,160.9000001,169.0,0.0,3.9000000999999997,172.9000001,0.0
2021-08-27 11:00:00,0.2,187.0,160.9000001,175.0,26.0999999,0.0,148.9000001,0.0
2021-08-27 12:00:00,0.2,111.0,129.7,106.0,0.0,18.7,124.7,0.0
2021-08-27 13:00:00,0.2,177.0,160.9000001,173.0,16.0999999,0.0,156.9000001,0.0
2021-08-27 14:00:00,0.2,175.0,160.9000001,165.0,14.0999999,0.0,150.9000001,0.0
2021-08-27 15:00:00,0.2,159.0,160.9000001,162.0,16.7999999,18.7,163.9000001,0.0
2021-08-27 16:00:00,0.2,171.0,160.9000001,156.0,20.599999300000004,10.499999400000004,145.9000001,0.0
2021-08-27 17:00:00,0.2,134.0,152.7,142.0,0.0,18.7,160.7,0.0
2021-08-27 18:00:00,0.2,155.0,160.9000001,143.0,12.799999100000004,18.699999200000004,148.9000001,0.0
2021-08-27 19:00:00,0.2,125.0,137.7999991,127.0,0.0,12.799999100000004,139.7999991,0.0
2021-08-27 20:00:00,0.2,114.0,114.0,108.0,0.0,0.0,108.0,0.0
2021-08-27 21:00:00,0.2,118.0,118.0,107.0,0.0,0.0,107.0,0.0
2021-08-27 22:00:00,0.2,106.0,106.0,96.0,0.0,0.0,96.0,0.0
2021-08-27 23:00:00,0.2,98.0,98.0,102.0,0.0,0.0,102.0,0.0
2021-08-28 00:00:00,0.0,63.0,63.0,72.0,0.0,0.0,72.0,0.0
2021-08-28 01:00:00,0.0,95.0,95.0,104.0,0.0,0.0,104.0,0.0
2021-08-28 02:00:00,0.0,104.0,104.0,111.0,0.0,0.0,111.0,0.0
2021-08-28 03:00:00,0.0,94.0,94.0,102.0,0.0,0.0,102.0,0.0
2021-08-28 04:00:00,0.0,104.0,104.0,103.0,0.0,0.0,103.0,0.0
2021-08-28 05:00:00,0.0,95.0,95.0,87.0,0.0,0.0,87.0,0.0
2021-08-28 06:00:00,0.0,99.0,99.0,98.0,0.0,0.0,98.0,0.0
2021-08-28 07:00:00,0.0,69.0,69.0,66.0,0.0,0.0,66.0,0.0
2021-08-28 08:00:00,0.0,23.0,23.0,35.0,0.0,0.0,35.0,0.0
2021-08-28 09:00:00,0.0,21.0,21.0,36.0,0.0,0.0,36.0,0.0
2021-08-28 10:00:00,0.0,21.0,21.0,38.0,0.0,0.0,38.0,0.0
2021-08-28 11:00:00,0.0,23.0,23.0,37.0,0.0,0.0,37.0,0.0
2021-08-28 12:00:00,0.0,22.0,22.0,38.0,0.0,0.0,38.0,0.0
2021-08-28 13:00:00,0.0,21.0,21.0,38.0,0.0,0.0,38.0,0.0
2021-08-28 14:00:00,0.0,23.0,23.0,38.0,0.0,0.0,38.0,0.0
2021-08-28 15:00:00,0.0,22.0,22.0,38.0,0.0,0.0,38.0,0.0
2021-08-28 16:00:00,0.0,22.0,22.0,46.0,0.0,0.0,46.0,0.0
2021-08-28 17:00:00,0.0,22.0,22.0,22.0,0.0,0.0,22.0,0.0
2021-08-28 18:00:00,0.0,25.0,25.0,0.0,0.0,0.0,0.0,0.0
2021-08-28 19:00:00,0.0,21.0,21.0,0.0,0.0,0.0,0.0,0.0
2021-08-28 20:00:00,0.0,22.0,22.0,0.0,0.0,0.0,0.0,0.0
2021-08-28 21:00:00,0.0,23.0,23.0,0.0,0.0,0.0,0.0,0.0
2021-08-28 22:00:00,0.0,25.0,25.0,0.0,0.0,0.0,0.0,0.0
2021-08-28 23:00:00,0.0,22.0,22.0,0.0,0.0,0.0,0.0,0.0
2021-08-28 00:00:00,0.05,63.0,63.0,72.0,0.0,0.0,72.0,0.0
2021-08-28 01:00:00,0.05,95.0,95.0,104.0,0.0,0.0,104.0,0.0
2021-08-28 02:00:00,0.05,104.0,104.0,111.0,0.0,0.0,111.0,0.0
2021-08-28 03:00:00,0.05,94.0,94.0,102.0,0.0,0.0,102.0,0.0
2021-08-28 04:00:00,0.05,104.0,104.0,103.0,0.0,0.0,103.0,0.0
2021-08-28 05:00:00,0.05,95.0,95.0,87.0,0.0,0.0,87.0,0.0
2021-08-28 06:00:00,0.05,99.0,99.0,98.0,0.0,0.0,98.0,0.0
2021-08-28 07:00:00,0.05,69.0,69.0,66.0,0.0,0.0,66.0,0.0
2021-08-28 08:00:00,0.05,23.0,23.0,35.0,0.0,0.0,35.0,0.0
2021-08-28 09:00:00,0.05,21.0,21.0,36.0,0.0,0.0,36.0,0.0
2021-08-28 10:00:00,0.05,21.0,21.0,38.0,0.0,0.0,38.0,0.0
2021-08-28 11:00:00,0.05,23.0,23.0,37.0,0.0,0.0,37.0,0.0
2021-08-28 12:00:00,0.05,22.0,22.0,38.0,0.0,0.0,38.0,0.0
2021-08-28 13:00:00,0.05,21.0,21.0,38.0,0.0,0.0,38.0,0.0
2021-08-28 14:00:00,0.05,23.0,23.0,38.0,0.0,0.0,38.0,0.0
2021-08-28 15:00:00,0.05,22.0,22.0,38.0,0.0,0.0,38.0,0.0
2021-08-28 16:00:00,0.05,22.0,22.0,46.0,0.0,0.0,46.0,0.0
2021-08-28 17:00:00,0.05,22.0,22.0,22.0,0.0,0.0,22.0,0.0
2021-08-28 18:00:00,0.05,25.0,25.0,0.0,0.0,0.0,0.0,0.0
2021-08-28 19:00:00,0.05,21.0,21.0,0.0,0.0,0.0,0.0,0.0
2021-08-28 20:00:00,0.05,22.0,22.0,0.0,0.0,0.0,0.0,0.0
2021-08-28 21:00:00,0.05,23.0,23.0,0.0,0.0,0.0,0.0,0.0
2021-08-28 22:00:00,0.05,25.0,25.0,0.0,0.0,0.0,0.0,0.0
2021-08-28 23:00:00,0.05,22.0,22.0,0.0,0.0,0.0,0.0,0.0
2021-08-28 00:00:00,0.1,63.0,63.0,72.0,0.0,0.0,72.0,0.0
2021-08-28 01:00:00,0.1,95.0,95.0,104.0,0.0,0.0,104.0,0.0
2021-08-28 02:00:00,0.1,104.0,104.0,111.0,0.0,0.0,111.0,0.0
2021-08-28 03:00:00,0.1,94.0,94.0,102.0,0.0,0.0,102.0,0.0
2021-08-28 04:00:00,0.1,104.0,104.0,103.0,0.0,0.0,103.0,0.0
2021-08-28 05:00:00,0.1,95.0,95.0,87.0,0.0,0.0,87.0,0.0
2021-08-28 06:00:00,0.1,99.0,99.0,98.0,0.0,0.0,98.0,0.0
2021-08-28 07:00:00,0.1,69.0,69.0,66.0,0.0,0.0,66.0,0.0
2021-08-28 08:00:00,0.1,23.0,23.0,35.0,0.0,0.0,35.0,0.0
2021-08-28 09:00:00,0.1,21.0,21.0,36.0,0.0,0.0,36.0,0.0
2021-08-28 10:00:00,0.1,21.0,21.0,38.0,0.0,0.0,38.0,0.0
2021-08-28 11:00:00,0.1,23.0,23.0,37.0,0.0,0.0,37.0,0.0
2021-08-28 12:00:00,0.1,22.0,22.0,38.0,0.0,0.0,38.0,0.0
2021-08-28 13:00:00,0.1,21.0,21.0,38.0,0.0,0.0,38.0,0.0
2021-08-28 14:00:00,0.1,23.0,23.0,38.0,0.0,0.0,38.0,0.0
2021-08-28 15:00:00,0.1,22.0,22.0,38.0,0.0,0.0,38.0,0.0
2021-08-28 16:00:00,0.1,22.0,22.0,46.0,0.0,0.0,46.0,0.0
2021-08-28 17:00:00,0.1,22.0,22.0,22.0,0.0,0.0,22.0,0.0
2021-08-28 18:00:00,0.1,25.0,25.0,0.0,0.0,0.0,0.0,0.0
2021-08-28 19:00:00,0.1,21.0,21.0,0.0,0.0,0.0,0.0,0.0
2021-08-28 20:00:00,0.1,22.0,22.0,0.0,0.0,0.0,0.0,0.0
2021-08-28 21:00:00,0.1,23.0,23.0,0.0,0.0,0.0,0.0,0.0
2021-08-28 22:00:00,0.1,25.0,25.0,0.0,0.0,0.0,0.0,0.0
2021-08-28 23:00:00,0.1,22.0,22.0,0.0,0.0,0.0,0.0,0.0
2021-08-28 00:00:00,0.2,63.0,63.0,72.0,0.0,0.0,72.0,0.0
2021-08-28 01:00:00,0.2,95.0,95.0,104.0,0.0,0.0,104.0,0.0
2021-08-28 02:00:00,0.2,104.0,104.0,111.0,0.0,0.0,111.0,0.0
2021-08-28 03:00:00,0.2,94.0,94.0,102.0,0.0,0.0,102.0,0.0
2021-08-28 04:00:00,0.2,104.0,104.0,103.0,0.0,0.0,103.0,0.0
2021-08-28 05:00:00,0.2,95.0,95.0,87.0,0.0,0.0,87.0,0.0
2021-08-28 06:00:00,0.2,99.0,99.0,98.0,0.0,0.0,98.0,0.0
2021-08-28 07:00:00,0.2,69.0,69.0,66.0,0.0,0.0,66.0,0.0
2021-08-28 08:00:00,0.2,23.0,23.0,35.0,0.0,0.0,35.0,0.0
2021-08-28 09:00:00,0.2,21.0,21.0,36.0,0.0,0.0,36.0,0.0
2021-08-28 10:00:00,0.2,21.0,21.0,38.0,0.0,0.0,38.0,0.0
2021-08-28 11:00:00,0.2,23.0,23.0,37.0,0.0,0.0,37.0,0.0
2021-08-28 12:00:00,0.2,22.0,22.0,38.0,0.0,0.0,38.0,0.0
2021-08-28 13:00:00,0.2,21.0,21.0,38.0,0.0,0.0,38.0,0.0
2021-08-28 14:00:00,0.2,23.0,23.0,38.0,0.0,0.0,38.0,0.0
2021-08-28 15:00:00,0.2,22.0,22.0,38.0,0.0,0.0,38.0,0.0
2021-08-28 16:00:00,0.2,22.0,22.0,46.0,0.0,0.0,46.0,0.0
2021-08-28 17:00:00,0.2,22.0,22.0,22.0,0.0,0.0,22.0,0.0
2021-08-28 18:00:00,0.2,25.0,25.0,0.0,0.0,0.0,0.0,0.0
2021-08-28 19:00:00,0.2,21.0,21.0,0.0,0.0,0.0,0.0,0.0
2021-08-28 20:00:00,0.2,22.0,22.0,0.0,0.0,0.0,0.0,0.0
2021-08-28 21:00:00,0.2,23.0,23.0,0.0,0.0,0.0,0.0,0.0
2021-08-28 22:00:00,0.2,25.0,25.0,0.0,0.0,0.0,0.0,0.0
2021-08-28 23:00:00,0.2,22.0,22.0,0.0,0.0,0.0,0.0,0.0
2021-08-29 00:00:00,0.0,22.0,22.0,0.0,0.0,0.0,0.0,0.0
2021-08-29 01:00:00,0.0,23.0,23.0,0.0,0.0,0.0,0.0,0.0
2021-08-29 02:00:00,0.0,24.0,24.0,0.0,0.0,0.0,0.0,0.0
2021-08-29 03:00:00,0.0,23.0,23.0,0.0,0.0,0.0,0.0,0.0
2021-08-29 04:00:00,0.0,22.0,22.0,0.0,0.0,0.0,0.0,0.0
2021-08-29 05:00:00,0.0,24.0,24.0,0.0,0.0,0.0,0.0,0.0
2021-08-29 06:00:00,0.0,22.0,22.0,0.0,0.0,0.0,0.0,0.0
2021-08-29 07:00:00,0.0,22.0,22.0,0.0,0.0,0.0,0.0,0.0
2021-08-29 08:00:00,0.0,22.0,22.0,0.0,0.0,0.0,0.0,0.0
2021-08-29 09:00:00,0.0,24.0,24.0,0.0,0.0,0.0,0.0,0.0
2021-08-29 10:00:00,0.0,22.0,22.0,0.0,0.0,0.0,0.0,0.0
2021-08-29 11:00:00,0.0,22.0,22.0,17.0,0.0,0.0,17.0,0.0
2021-08-29 12:00:00,0.0,23.0,23.0,22.0,0.0,0.0,22.0,0.0
2021-08-29 13:00:00,0.0,24.0,24.0,19.0,0.0,0.0,19.0,0.0
2021-08-29 14:00:00,0.0,23.0,23.0,22.0,0.0,0.0,22.0,0.0
2021-08-29 15:00:00,0.0,23.0,23.0,21.0,0.0,0.0,21.0,0.0
2021-08-29 16:00:00,0.0,25.0,25.0,22.0,0.0,0.0,22.0,0.0
2021-08-29 17:00:00,0.0,22.0,22.0,26.0,0.0,0.0,26.0,0.0
2021-08-29 18:00:00,0.0,22.0,22.0,24.0,0.0,0.0,24.0,0.0
2021-08-29 19:00:00,0.0,22.0,22.0,21.0,0.0,0.0,21.0,0.0
2021-08-29 20:00:00,0.0,24.0,24.0,20.0,0.0,0.0,20.0,0.0
2021-08-29 21:00:00,0.0,22.0,22.0,20.0,0.0,0.0,20.0,0.0
2021-08-29 22:00:00,0.0,23.0,23.0,22.0,0.0,0.0,22.0,0.0
2021-08-29 23:00:00,0.0,23.0,23.0,20.0,0.0,0.0,20.0,0.0
2021-08-29 00:00:00,0.05,22.0,22.0,0.0,0.0,0.0,0.0,0.0
2021-08-29 01:00:00,0.05,23.0,23.0,0.0,0.0,0.0,0.0,0.0
2021-08-29 02:00:00,0.05,24.0,24.0,0.0,0.0,0.0,0.0,0.0
2021-08-29 03:00:00,0.05,23.0,23.0,0.0,0.0,0.0,0.0,0.0
2021-08-29 04:00:00,0.05,22.0,22.0,0.0,0.0,0.0,0.0,0.0
2021-08-29 05:00:00,0.05,24.0,24.0,0.0,0.0,0.0,0.0,0.0
2021-08-29 06:00:00,0.05,22.0,22.0,0.0,0.0,0.0,0.0,0.0
2021-08-29 07:00:00,0.05,22.0,22.0,0.0,0.0,0.0,0.0,0.0
2021-08-29 08:00:00,0.05,22.0,22.0,0.0,0.0,0.0,0.0,0.0
2021-08-29 09:00:00,0.05,24.0,24.0,0.0,0.0,0.0,0.0,0.0
2021-08-29 10:00:00,0.05,22.0,22.0,0.0,0.0,0.0,0.0,0.0
2021-08-29 11:00:00,0.05,22.0,22.0,17.0,0.0,0.0,17.0,0.0
2021-08-29 12:00:00,0.05,23.0,23.0,22.0,0.0,0.0,22.0,0.0
2021-08-29 13:00:00,0.05,24.0,24.0,19.0,0.0,0.0,19.0,0.0
2021-08-29 14:00:00,0.05,23.0,23.0,22.0,0.0,0.0,22.0,0.0
2021-08-29 15:00:00,0.05,23.0,23.9999999,21.0,0.0,0.9999998999999988,21.9999999,0.0
2021-08-29 16:00:00,0.05,25.0,24.0000001,22.0,0.9999998999999988,0.0,21.0000001,0.0
2021-08-29 17:00:00,0.05,22.0,22.0,26.0,0.0,0.0,26.0,0.0
2021-08-29 18:00:00,0.05,22.0,22.0,24.0,0.0,0.0,24.0,0.0
2021-08-29 19:00:00,0.05,22.0,22.0,21.0,0.0,0.0,21.0,0.0
2021-08-29 20:00:00,0.05,24.0,24.0,20.0,0.0,0.0,20.0,0.0
2021-08-29 21:00:00,0.05,22.0,22.0,20.0,0.0,0.0,20.0,0.0
2021-08-29 22:00:00,0.05,23.0,23.0,22.0,0.0,0.0,22.0,0.0
2021-08-29 23:00:00,0.05,23.0,23.0,20.0,0.0,0.0,20.0,0.0
2021-08-29 00:00:00,0.1,22.0,22.0,0.0,0.0,0.0,0.0,0.0
2021-08-29 01:00:00,0.1,23.0,23.0,0.0,0.0,0.0,0.0,0.0
2021-08-29 02:00:00,0.1,24.0,24.0,0.0,0.0,0.0,0.0,0.0
2021-08-29 03:00:00,0.1,23.0,23.0,0.0,0.0,0.0,0.0,0.0
2021-08-29 04:00:00,0.1,22.0,22.0,0.0,0.0,0.0,0.0,0.0
2021-08-29 05:00:00,0.1,24.0,24.0,0.0,0.0,0.0,0.0,0.0
2021-08-29 06:00:00,0.1,22.0,22.0,0.0,0.0,0.0,0.0,0.0
2021-08-29 07:00:00,0.1,22.0,22.0,0.0,0.0,0.0,0.0,0.0
2021-08-29 08:00:00,0.1,22.0,22.0,0.0,0.0,0.0,0.0,0.0
2021-08-29 09:00:00,0.1,24.0,24.0,0.0,0.0,0.0,0.0,0.0
2021-08-29 10:00:00,0.1,22.0,22.0,0.0,0.0,0.0,0.0,0.0
2021-08-29 11:00:00,0.1,22.0,22.0,17.0,0.0,0.0,17.0,0.0
2021-08-29 12:00:00,0.1,23.0,23.0,22.0,0.0,0.0,22.0,0.0
2021-08-29 13:00:00,0.1,24.0,24.0,19.0,0.0,0.0,19.0,0.0
2021-08-29 14:00:00,0.1,23.0,23.0,22.0,0.0,0.0,22.0,0.0
2021-08-29 15:00:00,0.1,23.0,23.9999999,21.0,0.0,0.9999998999999988,21.9999999,0.0
2021-08-29 16:00:00,0.1,25.0,24.0000001,22.0,0.9999998999999988,0.0,21.0000001,0.0
2021-08-29 17:00:00,0.1,22.0,22.0,26.0,0.0,0.0,26.0,0.0
2021-08-29 18:00:00,0.1,22.0,22.0,24.0,0.0,0.0,24.0,0.0
2021-08-29 19:00:00,0.1,22.0,22.0,21.0,0.0,0.0,21.0,0.0
2021-08-29 20:00:00,0.1,24.0,24.0,20.0,0.0,0.0,20.0,0.0
2021-08-29 21:00:00,0.1,22.0,22.0,20.0,0.0,0.0,20.0,0.0
2021-08-29 22:00:00,0.1,23.0,23.0,22.0,0.0,0.0,22.0,0.0
2021-08-29 23:00:00,0.1,23.0,23.0,20.0,0.0,0.0,20.0,0.0
2021-08-29 00:00:00,0.2,22.0,22.0,0.0,0.0,0.0,0.0,0.0
2021-08-29 01:00:00,0.2,23.0,23.0,0.0,0.0,0.0,0.0,0.0
2021-08-29 02:00:00,0.2,24.0,24.0,0.0,0.0,0.0,0.0,0.0
2021-08-29 03:00:00,0.2,23.0,23.0,0.0,0.0,0.0,0.0,0.0
2021-08-29 04:00:00,0.2,22.0,22.0,0.0,0.0,0.0,0.0,0.0
2021-08-29 05:00:00,0.2,24.0,24.0,0.0,0.0,0.0,0.0,0.0
2021-08-29 06:00:00,0.2,22.0,22.0,0.0,0.0,0.0,0.0,0.0
2021-08-29 07:00:00,0.2,22.0,22.0,0.0,0.0,0.0,0.0,0.0
2021-08-29 08:00:00,0.2,22.0,22.0,0.0,0.0,0.0,0.0,0.0
2021-08-29 09:00:00,0.2,24.0,24.0,0.0,0.0,0.0,0.0,0.0
2021-08-29 10:00:00,0.2,22.0,22.0,0.0,0.0,0.0,0.0,0.0
2021-08-29 11:00:00,0.2,22.0,22.0,17.0,0.0,0.0,17.0,0.0
2021-08-29 12:00:00,0.2,23.0,23.0,22.0,0.0,0.0,22.0,0.0
2021-08-29 13:00:00,0.2,24.0,24.0,19.0,0.0,0.0,19.0,0.0
2021-08-29 14:00:00,0.2,23.0,23.0,22.0,0.0,0.0,22.0,0.0
2021-08-29 15:00:00,0.2,23.0,23.9999999,21.0,0.0,0.9999998999999988,21.9999999,0.0
2021-08-29 16:00:00,0.2,25.0,24.0000001,22.0,0.9999998999999988,0.0,21.0000001,0.0
2021-08-29 17:00:00,0.2,22.0,22.0,26.0,0.0,0.0,26.0,0.0
2021-08-29 18:00:00,0.2,22.0,22.0,24.0,0.0,0.0,24.0,0.0
2021-08-29 19:00:00,0.2,22.0,22.0,21.0,0.0,0.0,21.0,0.0
2021-08-29 20:00:00,0.2,24.0,24.0,20.0,0.0,0.0,20.0,0.0
2021-08-29 21:00:00,0.2,22.0,22.0,20.0,0.0,0.0,20.0,0.0
2021-08-29 22:00:00,0.2,23.0,23.0,22.0,0.0,0.0,22.0,0.0
2021-08-29 23:00:00,0.2,23.0,23.0,20.0,0.0,0.0,20.0,0.0
2021-08-30 00:00:00,0.0,23.0,23.0,20.0,0.0,0.0,20.0,0.0
2021-08-30 01:00:00,0.0,23.0,23.0,21.0,0.0,0.0,21.0,0.0
2021-08-30 02:00:00,0.0,23.0,23.0,21.0,0.0,0.0,21.0,0.0
2021-08-30 03:00:00,0.0,24.0,24.0,20.0,0.0,0.0,20.0,0.0
2021-08-30 04:00:00,0.0,22.0,22.0,20.0,0.0,0.0,20.0,0.0
2021-08-30 05:00:00,0.0,22.0,22.0,20.0,0.0,0.0,20.0,0.0
2021-08-30 06:00:00,0.0,21.0,21.0,21.0,0.0,0.0,21.0,0.0
2021-08-30 07:00:00,0.0,58.0,58.0,52.0,0.0,0.0,52.0,0.0
2021-08-30 08:00:00,0.0,167.0,167.0,167.0,0.0,0.0,167.0,0.0
2021-08-30 09:00:00,0.0,180.0,180.0,170.0,0.0,0.0,170.0,0.0
2021-08-30 10:00:00,0.0,170.0,170.0,171.0,0.0,0.0,171.0,0.0
2021-08-30 11:00:00,0.0,184.0,184.0,171.0,0.0,0.0,171.0,0.0
2021-08-30 12:00:00,0.0,116.0,116.0,114.0,0.0,0.0,114.0,0.0
2021-08-30 13:00:00,0.0,184.0,184.0,172.0,0.0,0.0,172.0,0.0
2021-08-30 14:00:00,0.0,184.0,184.0,171.0,0.0,0.0,171.0,0.0
2021-08-30 15:00:00,0.0,180.0,180.0,160.0,0.0,0.0,160.0,0.0
2021-08-30 16:00:00,0.0,172.0,172.0,170.0,0.0,0.0,170.0,0.0
2021-08-30 17:00:00,0.0,142.0,142.0,140.0,0.0,0.0,140.0,0.0
2021-08-30 18:00:00,0.0,156.0,156.0,168.0,0.0,0.0,168.0,0.0
2021-08-30 19:00:00,0.0,129.0,129.0,144.0,0.0,0.0,144.0,0.0
2021-08-30 20:00:00,0.0,112.0,112.0,128.0,0.0,0.0,128.0,0.0
2021-08-30 21:00:00,0.0,111.0,111.0,129.0,0.0,0.0,129.0,0.0
2021-08-30 22:00:00,0.0,109.0,109.0,116.0,0.0,0.0,116.0,0.0
2021-08-30 23:00:00,0.0,96.0,96.0,105.0,0.0,0.0,105.0,0.0
2021-08-30 00:00:00,0.05,23.0,23.0,20.0,0.0,0.0,20.0,0.0
2021-08-30 01:00:00,0.05,23.0,23.0,21.0,0.0,0.0,21.0,0.0
2021-08-30 02:00:00,0.05,23.0,23.0,21.0,0.0,0.0,21.0,0.0
2021-08-30 03:00:00,0.05,24.0,24.0,20.0,0.0,0.0,20.0,0.0
2021-08-30 04:00:00,0.05,22.0,22.0,20.0,0.0,0.0,20.0,0.0
2021-08-30 05:00:00,0.05,22.0,22.0,20.0,0.0,0.0,20.0,0.0
2021-08-30 06:00:00,0.05,21.0,21.0,21.0,0.0,0.0,21.0,0.0
2021-08-30 07:00:00,0.05,58.0,63.199999899999995,52.0,0.0,5.199999899999995,57.199999899999995,0.0
2021-08-30 08:00:00,0.05,167.0,167.0,167.0,0.0,0.0,167.0,0.0
2021-08-30 09:00:00,0.05,180.0,174.8000001,170.0,5.199999899999995,0.0,164.8000001,0.0
2021-08-30 10:00:00,0.05,170.0,174.8000001,171.0,0.0,4.800000100000005,175.8000001,0.0
2021-08-30 11:00:00,0.05,184.0,174.8000001,171.0,9.199999899999995,0.0,161.8000001,0.6499998999999939
2021-08-30 12:00:00,0.05,116.0,134.4,114.0,0.0,18.400000000000002,132.4,0.0
2021-08-30 13:00:00,0.05,184.0,174.8000001,172.0,9.199999899999995,0.0,162.8000001,0.5999998999999949
2021-08-30 14:00:00,0.05,184.0,174.8000001,171.0,9.199999899999995,0.0,161.8000001,0.6499998999999939
2021-08-30 15:00:00,0.05,180.0,174.8000001,160.0,6.799999399999965,1.5999994999999707,154.8000001,0.0
2021-08-30 16:00:00,0.05,172.0,174.8000001,170.0,0.0,2.8000001000000054,172.8000001,0.0
2021-08-30 17:00:00,0.05,142.0,148.79999939999996,140.0,0.0,6.799999399999965,146.79999939999996,0.0
2021-08-30 18:00:00,0.05,156.0,156.0,168.0,0.0,0.0,168.0,0.0
2021-08-30 19:00:00,0.05,129.0,129.0,144.0,0.0,0.0,144.0,0.0
2021-08-30 20:00:00,0.05,112.0,112.0,128.0,0.0,0.0,128.0,0.0
2021-08-30 21:00:00,0.05,111.0,111.0,129.0,0.0,0.0,129.0,0.0
2021-08-30 22:00:00,0.05,109.0,109.0,116.0,0.0,0.0,116.0,0.0
2021-08-30 23:00:00,0.05,96.0,96.0,105.0,0.0,0.0,105.0,0.0
2021-08-30 00:00:00,0.1,23.0,23.0,20.0,0.0,0.0,20.0,0.0
2021-08-30 01:00:00,0.1,23.0,23.0,21.0,0.0,0.0,21.0,0.0
2021-08-30 02:00:00,0.1,23.0,23.0,21.0,0.0,0.0,21.0,0.0
2021-08-30 03:00:00,0.1,24.0,24.0,20.0,0.0,0.0,20.0,0.0
2021-08-30 04:00:00,0.1,22.0,22.0,20.0,0.0,0.0,20.0,0.0
2021-08-30 05:00:00,0.1,22.0,22.0,20.0,0.0,0.0,20.0,0.0
2021-08-30 06:00:00,0.1,21.0,21.0,21.0,0.0,0.0,21.0,0.0
2021-08-30 07:00:00,0.1,58.0,76.39999920000005,52.0,0.0,18.399999200000046,70.39999920000005,0.0
2021-08-30 08:00:00,0.1,167.0,168.6250001,167.0,0.3999992000000461,2.02499930000004,168.6250001,0.0
2021-08-30 09:00:00,0.1,180.0,168.6250001,170.0,18.0,6.625000099999994,158.6250001,1.0
2021-08-30 10:00:00,0.1,170.0,168.6250001,171.0,2.02499930000004,0.6499994000000342,169.6250001,0.0
2021-08-30 11:00:00,0.1,184.0,168.6250001,171.0,15.374999900000006,0.0,155.6250001,0.0
2021-08-30 12:00:00,0.1,116.0,134.4,114.0,0.0,18.400000000000002,132.4,0.0
2021-08-30 13:00:00,0.1,184.0,168.6250001,172.0,15.374999900000006,0.0,156.6250001,0.0
2021-08-30 14:00:00,0.1,184.0,168.6250001,171.0,15.374999900000006,0.0,155.6250001,0.0
2021-08-30 15:00:00,0.1,180.0,168.6250001,160.0,18.0,6.625000099999994,148.6250001,2.0
2021-08-30 16:00:00,0.1,172.0,168.6250001,170.0,17.2,13.825000099999993,166.6250001,0.1999999999999993
2021-08-30 17:00:00,0.1,142.0,160.4,140.0,0.0,18.400000000000002,158.4,0.0
2021-08-30 18:00:00,0.1,156.0,168.6250001,168.0,4.174999900000003,16.799999999999997,180.62500010000002,0.0
2021-08-30 19:00:00,0.1,129.0,133.1749999,144.0,0.0,4.174999900000003,148.1749999,0.0
2021-08-30 20:00:00,0.1,112.0,112.0,128.0,0.0,0.0,128.0,0.0
2021-08-30 21:00:00,0.1,111.0,111.0,129.0,0.0,0.0,129.0,0.0
2021-08-30 22:00:00,0.1,109.0,109.0,116.0,0.0,0.0,116.0,0.0
2021-08-30 23:00:00,0.1,96.0,96.0,105.0,0.0,0.0,105.0,0.0
2021-08-30 00:00:00,0.2,23.0,23.0,20.0,0.0,0.0,20.0,0.0
2021-08-30 01:00:00,0.2,23.0,23.0,21.0,0.0,0.0,21.0,0.0
2021-08-30 02:00:00,0.2,23.0,23.0,21.0,0.0,0.0,21.0,0.0
2021-08-30 03:00:00,0.2,24.0,24.0,20.0,0.0,0.0,20.0,0.0
2021-08-30 04:00:00,0.2,22.0,22.0,20.0,0.0,0.0,20.0,0.0
2021-08-30 05:00:00,0.2,22.0,22.0,20.0,0.0,0.0,20.0,0.0
2021-08-30 06:00:00,0.2,21.0,21.0,21.0,0.0,0.0,21.0,0.0
2021-08-30 07:00:00,0.2,58.0,76.4,52.0,0.0,18.400000000000002,70.4,0.0
2021-08-30 08:00:00,0.2,167.0,168.4250001,167.0,0.0,1.4250001000000054,168.4250001,0.0
2021-08-30 09:00:00,0.2,180.0,168.4250001,170.0,18.400000000000002,6.825000100000008,158.4250001,0.0
2021-08-30 10:00:00,0.2,170.0,168.4250001,171.0,1.5749998999999946,0.0,169.4250001,0.0
2021-08-30 11:00:00,0.2,184.0,168.4250001,171.0,15.574999899999995,0.0,155.4250001,0.0
2021-08-30 12:00:00,0.2,116.0,134.4,114.0,0.0,18.400000000000002,132.4,0.0
2021-08-30 13:00:00,0.2,184.0,168.4250001,172.0,15.574999899999995,0.0,156.4250001,0.0
2021-08-30 14:00:00,0.2,184.0,168.4250001,171.0,15.574999899999995,0.0,155.4250001,0.0
2021-08-30 15:00:00,0.2,180.0,168.4250001,160.0,18.400000000000002,6.825000100000008,148.4250001,0.0
2021-08-30 16:00:00,0.2,172.0,168.4250001,170.0,18.39999919999995,14.824999299999956,166.4250001,0.0
2021-08-30 17:00:00,0.2,142.0,160.4,140.0,0.0,18.400000000000002,158.4,0.0
2021-08-30 18:00:00,0.2,156.0,168.4250001,168.0,5.974999099999945,18.39999919999995,180.4250001,0.0
2021-08-30 19:00:00,0.2,129.0,134.97499909999993,144.0,0.0,5.974999099999945,149.97499909999993,0.0
2021-08-30 20:00:00,0.2,112.0,112.0,128.0,0.0,0.0,128.0,0.0
2021-08-30 21:00:00,0.2,111.0,111.0,129.0,0.0,0.0,129.0,0.0
2021-08-30 22:00:00,0.2,109.0,109.0,116.0,0.0,0.0,116.0,0.0
2021-08-30 23:00:00,0.2,96.0,96.0,105.0,0.0,0.0,105.0,0.0
2021-08-31 00:00:00,0.0,65.0,65.0,73.0,0.0,0.0,73.0,0.0
2021-08-31 01:00:00,0.0,105.0,105.0,106.0,0.0,0.0,106.0,0.0
2021-08-31 02:00:00,0.0,110.0,110.0,108.0,0.0,0.0,108.0,0.0
2021-08-31 03:00:00,0.0,105.0,105.0,101.0,0.0,0.0,101.0,0.0
2021-08-31 04:00:00,0.0,108.0,108.0,110.0,0.0,0.0,110.0,0.0
2021-08-31 05:00:00,0.0,88.0,88.0,93.0,0.0,0.0,93.0,0.0
2021-08-31 06:00:00,0.0,109.0,109.0,113.0,0.0,0.0,113.0,0.0
2021-08-31 07:00:00,0.0,131.0,131.0,123.0,0.0,0.0,123.0,0.0
2021-08-31 08:00:00,0.0,187.0,187.0,167.0,0.0,0.0,167.0,0.0
2021-08-31 09:00:00,0.0,181.0,181.0,169.0,0.0,0.0,169.0,0.0
2021-08-31 10:00:00,0.0,171.0,171.0,176.0,0.0,0.0,176.0,0.0
2021-08-31 11:00:00,0.0,183.0,183.0,165.0,0.0,0.0,165.0,0.0
2021-08-31 12:00:00,0.0,115.0,115.0,112.0,0.0,0.0,112.0,0.0
2021-08-31 13:00:00,0.0,174.0,174.0,174.0,0.0,0.0,174.0,0.0
2021-08-31 14:00:00,0.0,186.0,186.0,182.0,0.0,0.0,182.0,0.0
2021-08-31 15:00:00,0.0,175.0,175.0,157.0,0.0,0.0,157.0,0.0
2021-08-31 16:00:00,0.0,184.0,184.0,167.0,0.0,0.0,167.0,0.0
2021-08-31 17:00:00,0.0,139.0,139.0,125.0,0.0,0.0,125.0,0.0
2021-08-31 18:00:00,0.0,152.0,152.0,156.0,0.0,0.0,156.0,0.0
2021-08-31 19:00:00,0.0,150.0,150.0,148.0,0.0,0.0,148.0,0.0
2021-08-31 20:00:00,0.0,121.0,121.0,147.0,0.0,0.0,147.0,0.0
2021-08-31 21:00:00,0.0,121.0,121.0,131.0,0.0,0.0,131.0,0.0
2021-08-31 22:00:00,0.0,113.0,113.0,119.0,0.0,0.0,119.0,0.0
2021-08-31 23:00:00,0.0,99.0,99.0,112.0,0.0,0.0,112.0,0.0
2021-08-31 00:00:00,0.05,65.0,65.0,73.0,0.0,0.0,73.0,0.0
2021-08-31 01:00:00,0.05,105.0,105.0,106.0,0.0,0.0,106.0,0.0
2021-08-31 02:00:00,0.05,110.0,110.0,108.0,0.0,0.0,108.0,0.0
2021-08-31 03:00:00,0.05,105.0,105.0,101.0,0.0,0.0,101.0,0.0
2021-08-31 04:00:00,0.05,108.0,108.0,110.0,0.0,0.0,110.0,0.0
2021-08-31 05:00:00,0.05,88.0,88.0,93.0,0.0,0.0,93.0,0.0
2021-08-31 06:00:00,0.05,109.0,109.0,113.0,0.0,0.0,113.0,0.0
2021-08-31 07:00:00,0.05,131.0,137.0499997,123.0,0.0,6.049999700000001,129.0499997,0.0
2021-08-31 08:00:00,0.05,187.0,177.6500001,167.0,9.3499999,0.0,157.6500001,0.9999999000000006
2021-08-31 09:00:00,0.05,181.0,177.6500001,169.0,3.3499999000000003,0.0,165.6500001,0.0
2021-08-31 10:00:00,0.05,171.0,177.6500001,176.0,0.0,6.6500001,182.6500001,0.0
2021-08-31 11:00:00,0.05,183.0,177.6500001,165.0,5.3499999,0.0,159.6500001,0.0
2021-08-31 12:00:00,0.05,115.0,128.6999998,112.0,0.0,13.6999998,125.6999998,0.0
2021-08-31 13:00:00,0.05,174.0,174.0,174.0,0.0,0.0,174.0,0.0
2021-08-31 14:00:00,0.05,186.0,177.6500001,182.0,8.3499999,0.0,173.6500001,0.0
2021-08-31 15:00:00,0.05,175.0,177.6500001,157.0,0.0,2.6500000999999997,159.6500001,0.0
2021-08-31 16:00:00,0.05,184.0,177.6500001,167.0,6.3499999,0.0,160.6500001,0.0
2021-08-31 17:00:00,0.05,139.0,142.6999998,125.0,0.0,3.6999998000000005,128.6999998,0.0
2021-08-31 18:00:00,0.05,152.0,152.0,156.0,0.0,0.0,156.0,0.0
2021-08-31 19:00:00,0.05,150.0,150.0,148.0,0.0,0.0,148.0,0.0
2021-08-31 20:00:00,0.05,121.0,121.0,147.0,0.0,0.0,147.0,0.0
2021-08-31 21:00:00,0.05,121.0,121.0,131.0,0.0,0.0,131.0,0.0
2021-08-31 22:00:00,0.05,113.0,113.0,119.0,0.0,0.0,119.0,0.0
2021-08-31 23:00:00,0.05,99.0,99.0,112.0,0.0,0.0,112.0,0.0
2021-08-31 00:00:00,0.1,65.0,65.0,73.0,0.0,0.0,73.0,0.0
2021-08-31 01:00:00,0.1,105.0,105.0,106.0,0.0,0.0,106.0,0.0
2021-08-31 02:00:00,0.1,110.0,110.0,108.0,0.0,0.0,108.0,0.0
2021-08-31 03:00:00,0.1,105.0,105.0,101.0,0.0,0.0,101.0,0.0
2021-08-31 04:00:00,0.1,108.0,108.0,110.0,0.0,0.0,110.0,0.0
2021-08-31 05:00:00,0.1,88.0,88.0,93.0,0.0,0.0,93.0,0.0
2021-08-31 06:00:00,0.1,109.0,109.0,113.0,0.0,0.0,113.0,0.0
2021-08-31 07:00:00,0.1,131.0,149.7,123.0,0.0,18.7,141.7,0.0
2021-08-31 08:00:00,0.1,187.0,170.96250010000003,167.0,16.037499899999972,0.0,150.96250010000003,0.0
2021-08-31 09:00:00,0.1,181.0,170.96250010000003,169.0,10.037499899999972,0.0,158.96250010000003,0.0
2021-08-31 10:00:00,0.1,171.0,170.96250010000003,176.0,7.412499699999916,7.374999799999944,175.96250010000003,0.0
2021-08-31 11:00:00,0.1,183.0,170.96250010000003,165.0,12.037499899999972,0.0,152.96250010000003,0.0
2021-08-31 12:00:00,0.1,115.0,133.7,112.0,0.0,18.7,130.7,0.0
2021-08-31 13:00:00,0.1,174.0,170.96250010000003,174.0,3.7874994999998606,0.7499995999998887,170.96250010000003,0.0
2021-08-31 14:00:00,0.1,186.0,170.96250010000003,182.0,15.037499899999972,0.0,166.96250010000003,0.0
2021-08-31 15:00:00,0.1,175.0,170.96250010000003,157.0,17.5,13.462500100000028,152.96250010000003,1.799999999999999
2021-08-31 16:00:00,0.1,184.0,170.96250010000003,167.0,18.399999199999776,5.362499299999804,153.96250010000003,1.6999991999997768
2021-08-31 17:00:00,0.1,139.0,156.5,125.0,0.0,17.5,142.5,0.0
2021-08-31 18:00:00,0.1,152.0,170.39999919999977,156.0,0.0,18.399999199999776,174.39999919999977,0.0
2021-08-31 19:00:00,0.1,150.0,150.0,148.0,0.0,0.0,148.0,0.0
2021-08-31 20:00:00,0.1,121.0,121.0,147.0,0.0,0.0,147.0,0.0
2021-08-31 21:00:00,0.1,121.0,121.0,131.0,0.0,0.0,131.0,0.0
2021-08-31 22:00:00,0.1,113.0,113.0,119.0,0.0,0.0,119.0,0.0
2021-08-31 23:00:00,0.1,99.0,99.0,112.0,0.0,0.0,112.0,0.0
2021-08-31 00:00:00,0.2,65.0,65.0,73.0,0.0,0.0,73.0,0.0
2021-08-31 01:00:00,0.2,105.0,105.0,106.0,0.0,0.0,106.0,0.0
2021-08-31 02:00:00,0.2,110.0,110.0,108.0,0.0,0.0,108.0,0.0
2021-08-31 03:00:00,0.2,105.0,105.0,101.0,0.0,0.0,101.0,0.0
2021-08-31 04:00:00,0.2,108.0,108.0,110.0,0.0,0.0,110.0,0.0
2021-08-31 05:00:00,0.2,88.0,88.0,93.0,0.0,0.0,93.0,0.0
2021-08-31 06:00:00,0.2,109.0,109.0,113.0,0.0,0.0,113.0,0.0
2021-08-31 07:00:00,0.2,131.0,149.7,123.0,0.0,18.7,141.7,0.0
2021-08-31 08:00:00,0.2,187.0,170.77500010000003,167.0,16.224999899999972,0.0,150.77500010000003,0.0
2021-08-31 09:00:00,0.2,181.0,170.77500010000003,169.0,10.224999899999972,0.0,158.77500010000003,0.0
2021-08-31 10:00:00,0.2,171.0,170.77500010000003,176.0,7.974999699999916,7.749999799999944,175.77500010000003,0.0
2021-08-31 11:00:00,0.2,183.0,170.77500010000003,165.0,12.224999899999972,0.0,152.77500010000003,0.0
2021-08-31 12:00:00,0.2,115.0,133.7,112.0,0.0,18.7,130.7,0.0
2021-08-31 13:00:00,0.2,174.0,170.77500010000003,174.0,4.724999499999861,1.4999995999998887,170.77500010000003,0.0
2021-08-31 14:00:00,0.2,186.0,170.77500010000003,182.0,15.224999899999972,0.0,166.77500010000003,0.0
2021-08-31 15:00:00,0.2,175.0,170.77500010000003,157.0,18.7,14.475000100000027,152.77500010000003,0.0
2021-08-31 16:00:00,0.2,184.0,170.77500010000003,167.0,18.699999199999777,5.474999299999805,153.77500010000003,0.0
2021-08-31 17:00:00,0.2,139.0,157.7,125.0,0.0,18.7,143.7,0.0
2021-08-31 18:00:00,0.2,152.0,170.69999919999978,156.0,0.0,18.699999199999777,174.69999919999978,0.0
2021-08-31 19:00:00,0.2,150.0,150.0,148.0,0.0,0.0,148.0,0.0
2021-08-31 20:00:00,0.2,121.0,121.0,147.0,0.0,0.0,147.0,0.0
2021-08-31 21:00:00,0.2,121.0,121.0,131.0,0.0,0.0,131.0,0.0
2021-08-31 22:00:00,0.2,113.0,113.0,119.0,0.0,0.0,119.0,0.0
2021-08-31 23:00:00,0.2,99.0,99.0,112.0,0.0,0.0,112.0,0.0
2021-09-01 00:00:00,0.0,77.0,77.0,74.0,0.0,0.0,74.0,0.0
2021-09-01 01:00:00,0.0,104.0,104.0,109.0,0.0,0.0,109.0,0.0
2021-09-01 02:00:00,0.0,109.0,109.0,114.0,0.0,0.0,114.0,0.0
2021-09-01 03:00:00,0.0,99.0,99.0,99.0,0.0,0.0,99.0,0.0
2021-09-01 04:00:00,0.0,109.0,109.0,115.0,0.0,0.0,115.0,0.0
2021-09-01 05:00:00,0.0,91.0,91.0,92.0,0.0,0.0,92.0,0.0
2021-09-01 06:00:00,0.0,104.0,104.0,116.0,0.0,0.0,116.0,0.0
2021-09-01 07:00:00,0.0,139.0,139.0,124.0,0.0,0.0,124.0,0.0
2021-09-01 08:00:00,0.0,174.0,174.0,180.0,0.0,0.0,180.0,0.0
2021-09-01 09:00:00,0.0,171.0,171.0,182.0,0.0,0.0,182.0,0.0
2021-09-01 10:00:00,0.0,177.0,177.0,185.0,0.0,0.0,185.0,0.0
2021-09-01 11:00:00,0.0,173.0,173.0,174.0,0.0,0.0,174.0,0.0
2021-09-01 12:00:00,0.0,110.0,110.0,117.0,0.0,0.0,117.0,0.0
2021-09-01 13:00:00,0.0,174.0,174.0,182.0,0.0,0.0,182.0,0.0
2021-09-01 14:00:00,0.0,177.0,177.0,184.0,0.0,0.0,184.0,0.0
2021-09-01 15:00:00,0.0,169.0,169.0,173.0,0.0,0.0,173.0,0.0
2021-09-01 16:00:00,0.0,162.0,162.0,176.0,0.0,0.0,176.0,0.0
2021-09-01 17:00:00,0.0,146.0,146.0,139.0,0.0,0.0,139.0,0.0
2021-09-01 18:00:00,0.0,167.0,167.0,163.0,0.0,0.0,163.0,0.0
2021-09-01 19:00:00,0.0,139.0,139.0,152.0,0.0,0.0,152.0,0.0
2021-09-01 20:00:00,0.0,111.0,111.0,129.0,0.0,0.0,129.0,0.0
2021-09-01 21:00:00,0.0,121.0,121.0,131.0,0.0,0.0,131.0,0.0
2021-09-01 22:00:00,0.0,110.0,110.0,119.0,0.0,0.0,119.0,0.0
2021-09-01 23:00:00,0.0,105.0,105.0,114.0,0.0,0.0,114.0,0.0
2021-09-01 00:00:00,0.05,77.0,77.0,74.0,0.0,0.0,74.0,0.0
2021-09-01 01:00:00,0.05,104.0,104.0,109.0,0.0,0.0,109.0,0.0
2021-09-01 02:00:00,0.05,109.0,109.0,114.0,0.0,0.0,114.0,0.0
2021-09-01 03:00:00,0.05,99.0,99.0,99.0,0.0,0.0,99.0,0.0
2021-09-01 04:00:00,0.05,109.0,109.0,115.0,0.0,0.0,115.0,0.0
2021-09-01 05:00:00,0.05,91.0,91.0,92.0,0.0,0.0,92.0,0.0
2021-09-01 06:00:00,0.05,104.0,104.0,116.0,0.0,0.0,116.0,0.0
2021-09-01 07:00:00,0.05,139.0,151.0999992,124.0,0.0,12.099999200000003,136.0999992,0.0
2021-09-01 08:00:00,0.05,174.0,168.1500001,180.0,5.8499999,0.0,174.1500001,0.0
2021-09-01 09:00:00,0.05,171.0,168.1500001,182.0,6.2499993000000025,3.3999994000000022,179.1500001,0.0
2021-09-01 10:00:00,0.05,177.0,168.1500001,185.0,8.8499999,0.0,176.1500001,0.0
2021-09-01 11:00:00,0.05,173.0,168.1500001,174.0,4.8499999,0.0,169.1500001,0.0
2021-09-01 12:00:00,0.05,110.0,127.7,117.0,0.0,17.7,134.7,0.0
2021-09-01 13:00:00,0.05,174.0,168.1500001,182.0,5.8499999,0.0,176.1500001,0.0
2021-09-01 14:00:00,0.05,177.0,168.1500001,184.0,8.8499999,0.0,175.1500001,0.0
2021-09-01 15:00:00,0.05,169.0,168.1500001,173.0,0.8499999000000003,0.0,172.1500001,0.0
2021-09-01 16:00:00,0.05,162.0,168.1500001,176.0,1.1500000999999997,7.3000001999999995,182.1500001,0.0
2021-09-01 17:00:00,0.05,146.0,146.8499999,139.0,0.0,0.8499999000000003,139.8499999,0.0
2021-09-01 18:00:00,0.05,167.0,168.1500001,163.0,0.0,1.1500000999999997,164.1500001,0.0
2021-09-01 19:00:00,0.05,139.0,139.0,152.0,0.0,0.0,152.0,0.0
2021-09-01 20:00:00,0.05,111.0,111.0,129.0,0.0,0.0,129.0,0.0
2021-09-01 21:00:00,0.05,121.0,121.0,131.0,0.0,0.0,131.0,0.0
2021-09-01 22:00:00,0.05,110.0,110.0,119.0,0.0,0.0,119.0,0.0
2021-09-01 23:00:00,0.05,105.0,105.0,114.0,0.0,0.0,114.0,0.0
2021-09-01 00:00:00,0.1,77.0,77.0,74.0,0.0,0.0,74.0,0.0
2021-09-01 01:00:00,0.1,104.0,104.0,109.0,0.0,0.0,109.0,0.0
2021-09-01 02:00:00,0.1,109.0,109.0,114.0,0.0,0.0,114.0,0.0
2021-09-01 03:00:00,0.1,99.0,99.0,99.0,0.0,0.0,99.0,0.0
2021-09-01 04:00:00,0.1,109.0,109.0,115.0,0.0,0.0,115.0,0.0
2021-09-01 05:00:00,0.1,91.0,91.0,92.0,0.0,0.0,92.0,0.0
2021-09-01 06:00:00,0.1,104.0,104.0,116.0,0.0,0.0,116.0,0.0
2021-09-01 07:00:00,0.1,139.0,156.7,124.0,0.0,17.7,141.7,0.0
2021-09-01 08:00:00,0.1,174.0,163.8000001,180.0,10.199999899999995,0.0,169.8000001,0.0
2021-09-01 09:00:00,0.1,171.0,163.8000001,182.0,7.500000100000005,0.30000020000001015,174.8000001,0.0
2021-09-01 10:00:00,0.1,177.0,163.8000001,185.0,13.199999899999995,0.0,171.8000001,0.0
2021-09-01 11:00:00,0.1,173.0,163.8000001,174.0,9.199999899999995,0.0,164.8000001,0.0
2021-09-01 12:00:00,0.1,110.0,127.7,117.0,0.0,17.7,134.7,0.0
2021-09-01 13:00:00,0.1,174.0,163.8000001,182.0,14.599999499999974,4.39999959999998,171.8000001,0.0
2021-09-01 14:00:00,0.1,177.0,163.8000001,184.0,16.09999929999996,2.8999993999999667,170.8000001,0.0
2021-09-01 15:00:00,0.1,169.0,163.8000001,173.0,16.900000000000002,11.700000100000008,167.8000001,0.0
2021-09-01 16:00:00,0.1,162.0,163.8000001,176.0,14.299999199999956,16.09999929999996,177.8000001,0.0
2021-09-01 17:00:00,0.1,146.0,163.7,139.0,0.0,17.7,156.7,0.0
2021-09-01 18:00:00,0.1,167.0,163.8000001,163.0,16.699999099999953,13.499999199999959,159.8000001,0.39999909999995253
2021-09-01 19:00:00,0.1,139.0,155.69999909999996,152.0,0.0,16.699999099999953,168.69999909999996,0.0
2021-09-01 20:00:00,0.1,111.0,111.0,129.0,0.0,0.0,129.0,0.0
2021-09-01 21:00:00,0.1,121.0,121.0,131.0,0.0,0.0,131.0,0.0
2021-09-01 22:00:00,0.1,110.0,110.0,119.0,0.0,0.0,119.0,0.0
2021-09-01 23:00:00,0.1,105.0,105.0,114.0,0.0,0.0,114.0,0.0
2021-09-01 00:00:00,0.2,77.0,77.0,74.0,0.0,0.0,74.0,0.0
2021-09-01 01:00:00,0.2,104.0,104.0,109.0,0.0,0.0,109.0,0.0
2021-09-01 02:00:00,0.2,109.0,109.0,114.0,0.0,0.0,114.0,0.0
2021-09-01 03:00:00,0.2,99.0,99.0,99.0,0.0,0.0,99.0,0.0
2021-09-01 04:00:00,0.2,109.0,109.0,115.0,0.0,0.0,115.0,0.0
2021-09-01 05:00:00,0.2,91.0,91.0,92.0,0.0,0.0,92.0,0.0
2021-09-01 06:00:00,0.2,104.0,104.0,116.0,0.0,0.0,116.0,0.0
2021-09-01 07:00:00,0.2,139.0,156.7,124.0,0.0,17.7,141.7,0.0
2021-09-01 08:00:00,0.2,174.0,163.6900001,180.0,10.309999900000008,0.0,169.6900001,0.0
2021-09-01 09:00:00,0.2,171.0,163.6900001,182.0,7.390000099999991,0.08000019999998287,174.6900001,0.0
2021-09-01 10:00:00,0.2,177.0,163.6900001,185.0,13.309999900000008,0.0,171.6900001,0.0
2021-09-01 11:00:00,0.2,173.0,163.6900001,174.0,9.309999900000008,0.0,164.6900001,0.0
2021-09-01 12:00:00,0.2,110.0,127.7,117.0,0.0,17.7,134.7,0.0
2021-09-01 13:00:00,0.2,174.0,163.6900001,182.0,15.149999500000042,4.839999600000034,171.6900001,0.0
2021-09-01 14:00:00,0.2,177.0,163.6900001,184.0,13.309999900000008,0.0,170.6900001,0.0
2021-09-01 15:00:00,0.2,169.0,163.6900001,173.0,20.45999940000005,15.149999500000042,167.6900001,0.0
2021-09-01 16:00:00,0.2,162.0,163.6900001,176.0,14.379999200000068,16.06999930000006,177.6900001,0.0
2021-09-01 17:00:00,0.2,146.0,163.6900001,139.0,0.0099999000000075,17.7,156.6900001,0.0
2021-09-01 18:00:00,0.2,167.0,163.6900001,163.0,17.689999100000076,14.379999200000068,159.6900001,0.0
2021-09-01 19:00:00,0.2,139.0,156.69999900000008,152.0,0.0,17.699999000000084,169.69999900000008,0.0
2021-09-01 20:00:00,0.2,111.0,111.0,129.0,0.0,0.0,129.0,0.0
2021-09-01 21:00:00,0.2,121.0,121.0,131.0,0.0,0.0,131.0,0.0
2021-09-01 22:00:00,0.2,110.0,110.0,119.0,0.0,0.0,119.0,0.0
2021-09-01 23:00:00,0.2,105.0,105.0,114.0,0.0,0.0,114.0,0.0
2021-09-02 00:00:00,0.0,72.0,72.0,79.0,0.0,0.0,79.0,0.0
2021-09-02 01:00:00,0.0,103.0,103.0,112.0,0.0,0.0,112.0,0.0
2021-09-02 02:00:00,0.0,115.0,115.0,114.0,0.0,0.0,114.0,0.0
2021-09-02 03:00:00,0.0,99.0,99.0,106.0,0.0,0.0,106.0,0.0
2021-09-02 04:00:00,0.0,110.0,110.0,114.0,0.0,0.0,114.0,0.0
2021-09-02 05:00:00,0.0,92.0,92.0,93.0,0.0,0.0,93.0,0.0
2021-09-02 06:00:00,0.0,105.0,105.0,115.0,0.0,0.0,115.0,0.0
2021-09-02 07:00:00,0.0,134.0,134.0,141.0,0.0,0.0,141.0,0.0
2021-09-02 08:00:00,0.0,183.0,183.0,166.0,0.0,0.0,166.0,0.0
2021-09-02 09:00:00,0.0,195.0,195.0,184.0,0.0,0.0,184.0,0.0
2021-09-02 10:00:00,0.0,180.0,180.0,179.0,0.0,0.0,179.0,0.0
2021-09-02 11:00:00,0.0,188.0,188.0,182.0,0.0,0.0,182.0,0.0
2021-09-02 12:00:00,0.0,111.0,111.0,112.0,0.0,0.0,112.0,0.0
2021-09-02 13:00:00,0.0,183.0,183.0,174.0,0.0,0.0,174.0,0.0
2021-09-02 14:00:00,0.0,185.0,185.0,192.0,0.0,0.0,192.0,0.0
2021-09-02 15:00:00,0.0,188.0,188.0,170.0,0.0,0.0,170.0,0.0
2021-09-02 16:00:00,0.0,173.0,173.0,174.0,0.0,0.0,174.0,0.0
2021-09-02 17:00:00,0.0,132.0,132.0,132.0,0.0,0.0,132.0,0.0
2021-09-02 18:00:00,0.0,162.0,162.0,159.0,0.0,0.0,159.0,0.0
2021-09-02 19:00:00,0.0,156.0,156.0,161.0,0.0,0.0,161.0,0.0
2021-09-02 20:00:00,0.0,116.0,116.0,132.0,0.0,0.0,132.0,0.0
2021-09-02 21:00:00,0.0,125.0,125.0,131.0,0.0,0.0,131.0,0.0
2021-09-02 22:00:00,0.0,111.0,111.0,114.0,0.0,0.0,114.0,0.0
2021-09-02 23:00:00,0.0,105.0,105.0,119.0,0.0,0.0,119.0,0.0
2021-09-02 00:00:00,0.05,72.0,72.0,79.0,0.0,0.0,79.0,0.0
2021-09-02 01:00:00,0.05,103.0,103.0,112.0,0.0,0.0,112.0,0.0
2021-09-02 02:00:00,0.05,115.0,115.0,114.0,0.0,0.0,114.0,0.0
2021-09-02 03:00:00,0.05,99.0,99.0,106.0,0.0,0.0,106.0,0.0
2021-09-02 04:00:00,0.05,110.0,110.0,114.0,0.0,0.0,114.0,0.0
2021-09-02 05:00:00,0.05,92.0,92.0,93.0,0.0,0.0,93.0,0.0
2021-09-02 06:00:00,0.05,105.0,105.0,115.0,0.0,0.0,115.0,0.0
2021-09-02 07:00:00,0.05,134.0,138.4999998,141.0,0.0,4.499999800000012,145.4999998,0.0
2021-09-02 08:00:00,0.05,183.0,183.0,166.0,0.0,0.0,166.0,0.0
2021-09-02 09:00:00,0.05,195.0,185.2500001,184.0,9.749999900000006,0.0,174.2500001,0.5499999000000049
2021-09-02 10:00:00,0.05,180.0,185.2500001,179.0,0.0,5.250000099999994,184.2500001,0.0
2021-09-02 11:00:00,0.05,188.0,185.2500001,182.0,2.749999900000006,0.0,179.2500001,0.0
2021-09-02 12:00:00,0.05,111.0,113.7499999,112.0,0.0,2.749999900000006,114.7499999,0.0
2021-09-02 13:00:00,0.05,183.0,185.2500001,174.0,0.0,2.250000099999994,176.2500001,0.0
2021-09-02 14:00:00,0.05,185.0,185.2500001,192.0,0.0,0.25000009999999406,192.2500001,0.0
2021-09-02 15:00:00,0.05,188.0,185.2500001,170.0,2.749999900000006,0.0,167.2500001,0.0
2021-09-02 16:00:00,0.05,173.0,173.24999970000002,174.0,0.0,0.2499997000000178,174.24999970000002,0.0
2021-09-02 17:00:00,0.05,132.0,132.0,132.0,0.0,0.0,132.0,0.0
2021-09-02 18:00:00,0.05,162.0,162.0,159.0,0.0,0.0,159.0,0.0
2021-09-02 19:00:00,0.05,156.0,156.0,161.0,0.0,0.0,161.0,0.0
2021-09-02 20:00:00,0.05,116.0,116.0,132.0,0.0,0.0,132.0,0.0
2021-09-02 21:00:00,0.05,125.0,125.0,131.0,0.0,0.0,131.0,0.0
2021-09-02 22:00:00,0.05,111.0,111.0,114.0,0.0,0.0,114.0,0.0
2021-09-02 23:00:00,0.05,105.0,105.0,119.0,0.0,0.0,119.0,0.0
2021-09-02 00:00:00,0.1,72.0,72.0,79.0,0.0,0.0,79.0,0.0
2021-09-02 01:00:00,0.1,103.0,103.0,112.0,0.0,0.0,112.0,0.0
2021-09-02 02:00:00,0.1,115.0,115.0,114.0,0.0,0.0,114.0,0.0
2021-09-02 03:00:00,0.1,99.0,99.0,106.0,0.0,0.0,106.0,0.0
2021-09-02 04:00:00,0.1,110.0,110.0,114.0,0.0,0.0,114.0,0.0
2021-09-02 05:00:00,0.1,92.0,92.0,93.0,0.0,0.0,93.0,0.0
2021-09-02 06:00:00,0.1,105.0,105.0,115.0,0.0,0.0,115.0,0.0
2021-09-02 07:00:00,0.1,134.0,153.5,141.0,0.0,19.5,160.5,0.0
2021-09-02 08:00:00,0.1,183.0,175.5000001,166.0,7.499999900000006,0.0,158.5000001,0.0
2021-09-02 09:00:00,0.1,195.0,175.5000001,184.0,19.499999900000006,0.0,164.5000001,1.0999999000000038
2021-09-02 10:00:00,0.1,180.0,175.5000001,179.0,11.999999700000018,7.499999800000012,174.5000001,0.0
2021-09-02 11:00:00,0.1,188.0,175.5000001,182.0,12.499999900000006,0.0,169.5000001,0.0
2021-09-02 12:00:00,0.1,111.0,130.5,112.0,0.0,19.5,131.5,0.0
2021-09-02 13:00:00,0.1,183.0,175.5000001,174.0,12.49999950000003,4.999999600000024,166.5000001,0.0
2021-09-02 14:00:00,0.1,185.0,175.5000001,192.0,15.69999930000004,6.199999400000035,182.5000001,0.0
2021-09-02 15:00:00,0.1,188.0,175.5000001,170.0,18.8,6.300000099999995,157.5000001,1.8000000000000007
2021-09-02 16:00:00,0.1,173.0,175.5000001,174.0,13.199999200000047,15.69999930000004,176.5000001,0.0
2021-09-02 17:00:00,0.1,132.0,150.8,132.0,0.0,18.8,150.8,0.0
2021-09-02 18:00:00,0.1,162.0,175.19999920000004,159.0,0.0,13.199999200000047,172.19999920000004,0.0
2021-09-02 19:00:00,0.1,156.0,156.0,161.0,0.0,0.0,161.0,0.0
2021-09-02 20:00:00,0.1,116.0,116.0,132.0,0.0,0.0,132.0,0.0
2021-09-02 21:00:00,0.1,125.0,125.0,131.0,0.0,0.0,131.0,0.0
2021-09-02 22:00:00,0.1,111.0,111.0,114.0,0.0,0.0,114.0,0.0
2021-09-02 23:00:00,0.1,105.0,105.0,119.0,0.0,0.0,119.0,0.0
2021-09-02 00:00:00,0.2,72.0,72.0,79.0,0.0,0.0,79.0,0.0
2021-09-02 01:00:00,0.2,103.0,103.0,112.0,0.0,0.0,112.0,0.0
2021-09-02 02:00:00,0.2,115.0,115.0,114.0,0.0,0.0,114.0,0.0
2021-09-02 03:00:00,0.2,99.0,99.0,106.0,0.0,0.0,106.0,0.0
2021-09-02 04:00:00,0.2,110.0,110.0,114.0,0.0,0.0,114.0,0.0
2021-09-02 05:00:00,0.2,92.0,92.0,93.0,0.0,0.0,93.0,0.0
2021-09-02 06:00:00,0.2,105.0,105.0,115.0,0.0,0.0,115.0,0.0
2021-09-02 07:00:00,0.2,134.0,153.5,141.0,0.0,19.5,160.5,0.0
2021-09-02 08:00:00,0.2,183.0,174.85714295714286,166.0,8.142857042857145,0.0,157.85714295714286,0.0
2021-09-02 09:00:00,0.2,195.0,174.85714295714286,184.0,20.142857042857145,0.0,163.85714295714286,0.0
2021-09-02 10:00:00,0.2,180.0,174.85714295714286,179.0,13.928571128571434,8.78571408571429,173.85714295714286,0.0
2021-09-02 11:00:00,0.2,188.0,174.85714295714286,182.0,13.142857042857145,0.0,168.85714295714286,0.0
2021-09-02 12:00:00,0.2,111.0,130.5,112.0,0.0,19.5,131.5,0.0
2021-09-02 13:00:00,0.2,183.0,174.85714295714286,174.0,15.714285214285724,7.571428171428579,165.85714295714286,0.0
2021-09-02 14:00:00,0.2,185.0,174.85714295714286,192.0,19.499999300000013,9.357142257142868,181.85714295714286,0.0
2021-09-02 15:00:00,0.2,188.0,174.85714295714286,170.0,19.5,6.357142957142855,156.85714295714286,0.0
2021-09-02 16:00:00,0.2,173.0,174.85714295714286,174.0,17.642856342857158,19.499999300000013,175.85714295714286,0.0
2021-09-02 17:00:00,0.2,132.0,151.5,132.0,0.0,19.5,151.5,0.0
2021-09-02 18:00:00,0.2,162.0,174.85714295714286,159.0,4.785713385714303,17.642856342857158,171.85714295714286,0.0
2021-09-02 19:00:00,0.2,156.0,160.7857133857143,161.0,0.0,4.785713385714303,165.7857133857143,0.0
2021-09-02 20:00:00,0.2,116.0,116.0,132.0,0.0,0.0,132.0,0.0
2021-09-02 21:00:00,0.2,125.0,125.0,131.0,0.0,0.0,131.0,0.0
2021-09-02 22:00:00,0.2,111.0,111.0,114.0,0.0,0.0,114.0,0.0
2021-09-02 23:00:00,0.2,105.0,105.0,119.0,0.0,0.0,119.0,0.0
2021-09-03 00:00:00,0.0,72.0,72.0,69.0,0.0,0.0,69.0,0.0
2021-09-03 01:00:00,0.0,102.0,102.0,109.0,0.0,0.0,109.0,0.0
2021-09-03 02:00:00,0.0,111.0,111.0,112.0,0.0,0.0,112.0,0.0
2021-09-03 03:00:00,0.0,102.0,102.0,110.0,0.0,0.0,110.0,0.0
2021-09-03 04:00:00,0.0,108.0,108.0,107.0,0.0,0.0,107.0,0.0
2021-09-03 05:00:00,0.0,86.0,86.0,93.0,0.0,0.0,93.0,0.0
2021-09-03 06:00:00,0.0,101.0,101.0,107.0,0.0,0.0,107.0,0.0
2021-09-03 07:00:00,0.0,125.0,125.0,134.0,0.0,0.0,134.0,0.0
2021-09-03 08:00:00,0.0,181.0,181.0,170.0,0.0,0.0,170.0,0.0
2021-09-03 09:00:00,0.0,176.0,176.0,171.0,0.0,0.0,171.0,0.0
2021-09-03 10:00:00,0.0,169.0,169.0,163.0,0.0,0.0,163.0,0.0
2021-09-03 11:00:00,0.0,175.0,175.0,187.0,0.0,0.0,187.0,0.0
2021-09-03 12:00:00,0.0,106.0,106.0,108.0,0.0,0.0,108.0,0.0
2021-09-03 13:00:00,0.0,173.0,173.0,169.0,0.0,0.0,169.0,0.0
2021-09-03 14:00:00,0.0,165.0,165.0,178.0,0.0,0.0,178.0,0.0
2021-09-03 15:00:00,0.0,162.0,162.0,154.0,0.0,0.0,154.0,0.0
2021-09-03 16:00:00,0.0,156.0,156.0,161.0,0.0,0.0,161.0,0.0
2021-09-03 17:00:00,0.0,142.0,142.0,147.0,0.0,0.0,147.0,0.0
2021-09-03 18:00:00,0.0,143.0,143.0,154.0,0.0,0.0,154.0,0.0
2021-09-03 19:00:00,0.0,127.0,127.0,143.0,0.0,0.0,143.0,0.0
2021-09-03 20:00:00,0.0,108.0,108.0,115.0,0.0,0.0,115.0,0.0
2021-09-03 21:00:00,0.0,107.0,107.0,110.0,0.0,0.0,110.0,0.0
2021-09-03 22:00:00,0.0,96.0,96.0,105.0,0.0,0.0,105.0,0.0
2021-09-03 23:00:00,0.0,102.0,102.0,101.0,0.0,0.0,101.0,0.0
2021-09-03 00:00:00,0.05,72.0,72.0,69.0,0.0,0.0,69.0,0.0
2021-09-03 01:00:00,0.05,102.0,102.0,109.0,0.0,0.0,109.0,0.0
2021-09-03 02:00:00,0.05,111.0,111.0,112.0,0.0,0.0,112.0,0.0
2021-09-03 03:00:00,0.05,102.0,102.0,110.0,0.0,0.0,110.0,0.0
2021-09-03 04:00:00,0.05,108.0,108.0,107.0,0.0,0.0,107.0,0.0
2021-09-03 05:00:00,0.05,86.0,86.0,93.0,0.0,0.0,93.0,0.0
2021-09-03 06:00:00,0.05,101.0,101.0,107.0,0.0,0.0,107.0,0.0
2021-09-03 07:00:00,0.05,125.0,135.14999970000005,134.0,0.0,10.149999700000052,144.14999970000005,0.0
2021-09-03 08:00:00,0.05,181.0,171.95000009999998,170.0,9.049999900000017,0.0,160.95000009999998,0.5499999000000173
2021-09-03 09:00:00,0.05,176.0,171.95000009999998,171.0,4.049999900000017,0.0,166.95000009999998,0.0
2021-09-03 10:00:00,0.05,169.0,171.95000009999998,163.0,0.0,2.9500000999999827,165.95000009999998,0.0
2021-09-03 11:00:00,0.05,175.0,171.95000009999998,187.0,3.0499999000000173,0.0,183.95000009999998,0.0
2021-09-03 12:00:00,0.05,106.0,109.04999990000002,108.0,0.0,3.0499999000000173,111.04999990000002,0.0
2021-09-03 13:00:00,0.05,173.0,171.95000009999998,169.0,1.0499999000000173,0.0,167.95000009999998,0.0
2021-09-03 14:00:00,0.05,165.0,166.04999990000002,178.0,0.0,1.0499999000000173,179.04999990000002,0.0
2021-09-03 15:00:00,0.05,162.0,162.0,154.0,0.0,0.0,154.0,0.0
2021-09-03 16:00:00,0.05,156.0,156.0,161.0,0.0,0.0,161.0,0.0
2021-09-03 17:00:00,0.05,142.0,142.0,147.0,0.0,0.0,147.0,0.0
2021-09-03 18:00:00,0.05,143.0,143.0,154.0,0.0,0.0,154.0,0.0
2021-09-03 19:00:00,0.05,127.0,127.0,143.0,0.0,0.0,143.0,0.0
2021-09-03 20:00:00,0.05,108.0,108.0,115.0,0.0,0.0,115.0,0.0
2021-09-03 21:00:00,0.05,107.0,107.0,110.0,0.0,0.0,110.0,0.0
2021-09-03 22:00:00,0.05,96.0,96.0,105.0,0.0,0.0,105.0,0.0
2021-09-03 23:00:00,0.05,102.0,102.0,101.0,0.0,0.0,101.0,0.0
2021-09-03 00:00:00,0.1,72.0,72.0,69.0,0.0,0.0,69.0,0.0
2021-09-03 01:00:00,0.1,102.0,102.0,109.0,0.0,0.0,109.0,0.0
2021-09-03 02:00:00,0.1,111.0,111.0,112.0,0.0,0.0,112.0,0.0
2021-09-03 03:00:00,0.1,102.0,102.0,110.0,0.0,0.0,110.0,0.0
2021-09-03 04:00:00,0.1,108.0,108.0,107.0,0.0,0.0,107.0,0.0
2021-09-03 05:00:00,0.1,86.0,86.0,93.0,0.0,0.0,93.0,0.0
2021-09-03 06:00:00,0.1,101.0,101.0,107.0,0.0,0.0,107.0,0.0
2021-09-03 07:00:00,0.1,125.0,143.1,134.0,0.0,18.1,152.1,0.0
2021-09-03 08:00:00,0.1,181.0,164.1000001,170.0,16.89999990000001,0.0,153.1000001,0.0
2021-09-03 09:00:00,0.1,176.0,164.1000001,171.0,11.899999900000012,0.0,159.1000001,0.0
2021-09-03 10:00:00,0.1,169.0,164.1000001,163.0,15.599999700000033,10.699999800000022,158.1000001,0.0
2021-09-03 11:00:00,0.1,175.0,164.1000001,187.0,10.899999900000012,0.0,176.1000001,0.0
2021-09-03 12:00:00,0.1,106.0,124.1,108.0,0.0,18.1,126.1,0.0
2021-09-03 13:00:00,0.1,173.0,164.1000001,169.0,17.299999500000055,8.399999600000044,160.1000001,0.39999950000005313
2021-09-03 14:00:00,0.1,165.0,164.1000001,178.0,0.8999999000000116,0.0,177.1000001,0.0
2021-09-03 15:00:00,0.1,162.0,164.1000001,154.0,15.199999400000067,17.299999500000055,156.1000001,0.0
2021-09-03 16:00:00,0.1,156.0,156.8999999,161.0,0.0,0.8999999000000116,161.8999999,0.0
2021-09-03 17:00:00,0.1,142.0,157.19999940000008,147.0,0.0,15.199999400000067,162.19999940000008,0.0
2021-09-03 18:00:00,0.1,143.0,143.0,154.0,0.0,0.0,154.0,0.0
2021-09-03 19:00:00,0.1,127.0,127.0,143.0,0.0,0.0,143.0,0.0
2021-09-03 20:00:00,0.1,108.0,108.0,115.0,0.0,0.0,115.0,0.0
2021-09-03 21:00:00,0.1,107.0,107.0,110.0,0.0,0.0,110.0,0.0
2021-09-03 22:00:00,0.1,96.0,96.0,105.0,0.0,0.0,105.0,0.0
2021-09-03 23:00:00,0.1,102.0,102.0,101.0,0.0,0.0,101.0,0.0
2021-09-03 00:00:00,0.2,72.0,72.0,69.0,0.0,0.0,69.0,0.0
2021-09-03 01:00:00,0.2,102.0,102.0,109.0,0.0,0.0,109.0,0.0
2021-09-03 02:00:00,0.2,111.0,111.0,112.0,0.0,0.0,112.0,0.0
2021-09-03 03:00:00,0.2,102.0,102.0,110.0,0.0,0.0,110.0,0.0
2021-09-03 04:00:00,0.2,108.0,108.0,107.0,0.0,0.0,107.0,0.0
2021-09-03 05:00:00,0.2,86.0,86.0,93.0,0.0,0.0,93.0,0.0
2021-09-03 06:00:00,0.2,101.0,101.0,107.0,0.0,0.0,107.0,0.0
2021-09-03 07:00:00,0.2,125.0,143.1,134.0,0.0,18.1,152.1,0.0
2021-09-03 08:00:00,0.2,181.0,161.67500009999998,170.0,19.324999900000023,0.0,150.67500009999998,0.0
2021-09-03 09:00:00,0.2,176.0,161.67500009999998,171.0,14.324999900000023,0.0,156.67500009999998,0.0
2021-09-03 10:00:00,0.2,169.0,161.67500009999998,163.0,18.1,10.775000099999978,155.67500009999998,0.0
2021-09-03 11:00:00,0.2,175.0,161.67500009999998,187.0,18.09999960000009,4.774999700000066,173.67500009999998,0.0
2021-09-03 12:00:00,0.2,106.0,124.1,108.0,0.0,18.1,126.1,0.0
2021-09-03 13:00:00,0.2,173.0,161.67500009999998,169.0,29.424999500000112,18.09999960000009,157.67500009999998,0.0
2021-09-03 14:00:00,0.2,165.0,161.67500009999998,178.0,14.974999300000157,11.649999400000134,174.67500009999998,0.0
2021-09-03 15:00:00,0.2,162.0,161.67500009999998,154.0,18.1,17.77500009999998,153.67500009999998,0.0
2021-09-03 16:00:00,0.2,156.0,161.67500009999998,161.0,9.29999920000018,14.974999300000157,166.67500009999998,0.0
2021-09-03 17:00:00,0.2,142.0,160.1,147.0,0.0,18.1,165.1,0.0
2021-09-03 18:00:00,0.2,143.0,152.29999920000017,154.0,0.0,9.29999920000018,163.29999920000017,0.0
2021-09-03 19:00:00,0.2,127.0,127.0,143.0,0.0,0.0,143.0,0.0
2021-09-03 20:00:00,0.2,108.0,108.0,115.0,0.0,0.0,115.0,0.0
2021-09-03 21:00:00,0.2,107.0,107.0,110.0,0.0,0.0,110.0,0.0
2021-09-03 22:00:00,0.2,96.0,96.0,105.0,0.0,0.0,105.0,0.0
2021-09-03 23:00:00,0.2,102.0,102.0,101.0,0.0,0.0,101.0,0.0
2021-09-04 00:00:00,0.0,72.0,72.0,64.0,0.0,0.0,64.0,0.0
2021-09-04 01:00:00,0.0,104.0,104.0,106.0,0.0,0.0,106.0,0.0
2021-09-04 02:00:00,0.0,111.0,111.0,104.0,0.0,0.0,104.0,0.0
2021-09-04 03:00:00,0.0,102.0,102.0,98.0,0.0,0.0,98.0,0.0
2021-09-04 04:00:00,0.0,103.0,103.0,109.0,0.0,0.0,109.0,0.0
2021-09-04 05:00:00,0.0,87.0,87.0,88.0,0.0,0.0,88.0,0.0
2021-09-04 06:00:00,0.0,98.0,98.0,111.0,0.0,0.0,111.0,0.0
2021-09-04 07:00:00,0.0,66.0,66.0,70.0,0.0,0.0,70.0,0.0
2021-09-04 08:00:00,0.0,35.0,35.0,33.0,0.0,0.0,33.0,0.0
2021-09-04 09:00:00,0.0,36.0,36.0,32.0,0.0,0.0,32.0,0.0
2021-09-04 10:00:00,0.0,38.0,38.0,34.0,0.0,0.0,34.0,0.0
2021-09-04 11:00:00,0.0,37.0,37.0,32.0,0.0,0.0,32.0,0.0
2021-09-04 12:00:00,0.0,38.0,38.0,33.0,0.0,0.0,33.0,0.0
2021-09-04 13:00:00,0.0,38.0,38.0,34.0,0.0,0.0,34.0,0.0
2021-09-04 14:00:00,0.0,38.0,38.0,34.0,0.0,0.0,34.0,0.0
2021-09-04 15:00:00,0.0,38.0,38.0,33.0,0.0,0.0,33.0,0.0
2021-09-04 16:00:00,0.0,46.0,46.0,36.0,0.0,0.0,36.0,0.0
2021-09-04 17:00:00,0.0,22.0,22.0,35.0,0.0,0.0,35.0,0.0
2021-09-04 18:00:00,0.0,0.0,0.0,26.0,0.0,0.0,26.0,0.0
2021-09-04 19:00:00,0.0,0.0,0.0,23.0,0.0,0.0,23.0,0.0
2021-09-04 20:00:00,0.0,0.0,0.0,25.0,0.0,0.0,25.0,0.0
2021-09-04 21:00:00,0.0,0.0,0.0,23.0,0.0,0.0,23.0,0.0
2021-09-04 22:00:00,0.0,0.0,0.0,23.0,0.0,0.0,23.0,0.0
2021-09-04 23:00:00,0.0,0.0,0.0,23.0,0.0,0.0,23.0,0.0
2021-09-04 00:00:00,0.05,72.0,72.0,64.0,0.0,0.0,64.0,0.0
2021-09-04 01:00:00,0.05,104.0,104.0,106.0,0.0,0.0,106.0,0.0
2021-09-04 02:00:00,0.05,111.0,111.0,104.0,0.0,0.0,104.0,0.0
2021-09-04 03:00:00,0.05,102.0,102.0,98.0,0.0,0.0,98.0,0.0
2021-09-04 04:00:00,0.05,103.0,103.0,109.0,0.0,0.0,109.0,0.0
2021-09-04 05:00:00,0.05,87.0,87.0,88.0,0.0,0.0,88.0,0.0
2021-09-04 06:00:00,0.05,98.0,98.0,111.0,0.0,0.0,111.0,0.0
2021-09-04 07:00:00,0.05,66.0,66.0,70.0,0.0,0.0,70.0,0.0
2021-09-04 08:00:00,0.05,35.0,35.0,33.0,0.0,0.0,33.0,0.0
2021-09-04 09:00:00,0.05,36.0,36.0,32.0,0.0,0.0,32.0,0.0
2021-09-04 10:00:00,0.05,38.0,38.0,34.0,0.0,0.0,34.0,0.0
2021-09-04 11:00:00,0.05,37.0,37.0,32.0,0.0,0.0,32.0,0.0
2021-09-04 12:00:00,0.05,38.0,38.0,33.0,0.0,0.0,33.0,0.0
2021-09-04 13:00:00,0.05,38.0,38.0,34.0,0.0,0.0,34.0,0.0
2021-09-04 14:00:00,0.05,38.0,38.0,34.0,0.0,0.0,34.0,0.0
2021-09-04 15:00:00,0.05,38.0,38.0,33.0,0.0,0.0,33.0,0.0
2021-09-04 16:00:00,0.05,46.0,46.0,36.0,0.0,0.0,36.0,0.0
2021-09-04 17:00:00,0.05,22.0,22.0,35.0,0.0,0.0,35.0,0.0
2021-09-04 18:00:00,0.05,0.0,0.0,26.0,0.0,0.0,26.0,0.0
2021-09-04 19:00:00,0.05,0.0,0.0,23.0,0.0,0.0,23.0,0.0
2021-09-04 20:00:00,0.05,0.0,0.0,25.0,0.0,0.0,25.0,0.0
2021-09-04 21:00:00,0.05,0.0,0.0,23.0,0.0,0.0,23.0,0.0
2021-09-04 22:00:00,0.05,0.0,0.0,23.0,0.0,0.0,23.0,0.0
2021-09-04 23:00:00,0.05,0.0,0.0,23.0,0.0,0.0,23.0,0.0
2021-09-04 00:00:00,0.1,72.0,72.0,64.0,0.0,0.0,64.0,0.0
2021-09-04 01:00:00,0.1,104.0,104.0,106.0,0.0,0.0,106.0,0.0
2021-09-04 02:00:00,0.1,111.0,111.0,104.0,0.0,0.0,104.0,0.0
2021-09-04 03:00:00,0.1,102.0,102.0,98.0,0.0,0.0,98.0,0.0
2021-09-04 04:00:00,0.1,103.0,103.0,109.0,0.0,0.0,109.0,0.0
2021-09-04 05:00:00,0.1,87.0,87.0,88.0,0.0,0.0,88.0,0.0
2021-09-04 06:00:00,0.1,98.0,98.0,111.0,0.0,0.0,111.0,0.0
2021-09-04 07:00:00,0.1,66.0,66.0,70.0,0.0,0.0,70.0,0.0
2021-09-04 08:00:00,0.1,35.0,35.0,33.0,0.0,0.0,33.0,0.0
2021-09-04 09:00:00,0.1,36.0,36.0,32.0,0.0,0.0,32.0,0.0
2021-09-04 10:00:00,0.1,38.0,38.0,34.0,0.0,0.0,34.0,0.0
2021-09-04 11:00:00,0.1,37.0,37.0,32.0,0.0,0.0,32.0,0.0
2021-09-04 12:00:00,0.1,38.0,38.0,33.0,0.0,0.0,33.0,0.0
2021-09-04 13:00:00,0.1,38.0,38.0,34.0,0.0,0.0,34.0,0.0
2021-09-04 14:00:00,0.1,38.0,38.0,34.0,0.0,0.0,34.0,0.0
2021-09-04 15:00:00,0.1,38.0,38.0,33.0,0.0,0.0,33.0,0.0
2021-09-04 16:00:00,0.1,46.0,46.0,36.0,0.0,0.0,36.0,0.0
2021-09-04 17:00:00,0.1,22.0,22.0,35.0,0.0,0.0,35.0,0.0
2021-09-04 18:00:00,0.1,0.0,0.0,26.0,0.0,0.0,26.0,0.0
2021-09-04 19:00:00,0.1,0.0,0.0,23.0,0.0,0.0,23.0,0.0
2021-09-04 20:00:00,0.1,0.0,0.0,25.0,0.0,0.0,25.0,0.0
2021-09-04 21:00:00,0.1,0.0,0.0,23.0,0.0,0.0,23.0,0.0
2021-09-04 22:00:00,0.1,0.0,0.0,23.0,0.0,0.0,23.0,0.0
2021-09-04 23:00:00,0.1,0.0,0.0,23.0,0.0,0.0,23.0,0.0
2021-09-04 00:00:00,0.2,72.0,72.0,64.0,0.0,0.0,64.0,0.0
2021-09-04 01:00:00,0.2,104.0,104.0,106.0,0.0,0.0,106.0,0.0
2021-09-04 02:00:00,0.2,111.0,111.0,104.0,0.0,0.0,104.0,0.0
2021-09-04 03:00:00,0.2,102.0,102.0,98.0,0.0,0.0,98.0,0.0
2021-09-04 04:00:00,0.2,103.0,103.0,109.0,0.0,0.0,109.0,0.0
2021-09-04 05:00:00,0.2,87.0,87.0,88.0,0.0,0.0,88.0,0.0
2021-09-04 06:00:00,0.2,98.0,98.0,111.0,0.0,0.0,111.0,0.0
2021-09-04 07:00:00,0.2,66.0,66.0,70.0,0.0,0.0,70.0,0.0
2021-09-04 08:00:00,0.2,35.0,35.0,33.0,0.0,0.0,33.0,0.0
2021-09-04 09:00:00,0.2,36.0,36.0,32.0,0.0,0.0,32.0,0.0
2021-09-04 10:00:00,0.2,38.0,38.0,34.0,0.0,0.0,34.0,0.0
2021-09-04 11:00:00,0.2,37.0,37.0,32.0,0.0,0.0,32.0,0.0
2021-09-04 12:00:00,0.2,38.0,38.0,33.0,0.0,0.0,33.0,0.0
2021-09-04 13:00:00,0.2,38.0,38.0,34.0,0.0,0.0,34.0,0.0
2021-09-04 14:00:00,0.2,38.0,38.0,34.0,0.0,0.0,34.0,0.0
2021-09-04 15:00:00,0.2,38.0,38.0,33.0,0.0,0.0,33.0,0.0
2021-09-04 16:00:00,0.2,46.0,46.0,36.0,0.0,0.0,36.0,0.0
2021-09-04 17:00:00,0.2,22.0,22.0,35.0,0.0,0.0,35.0,0.0
2021-09-04 18:00:00,0.2,0.0,0.0,26.0,0.0,0.0,26.0,0.0
2021-09-04 19:00:00,0.2,0.0,0.0,23.0,0.0,0.0,23.0,0.0
2021-09-04 20:00:00,0.2,0.0,0.0,25.0,0.0,0.0,25.0,0.0
2021-09-04 21:00:00,0.2,0.0,0.0,23.0,0.0,0.0,23.0,0.0
2021-09-04 22:00:00,0.2,0.0,0.0,23.0,0.0,0.0,23.0,0.0
2021-09-04 23:00:00,0.2,0.0,0.0,23.0,0.0,0.0,23.0,0.0
2021-09-05 00:00:00,0.0,0.0,0.0,24.0,0.0,0.0,24.0,0.0
2021-09-05 01:00:00,0.0,0.0,0.0,22.0,0.0,0.0,22.0,0.0
2021-09-05 02:00:00,0.0,0.0,0.0,22.0,0.0,0.0,22.0,0.0
2021-09-05 03:00:00,0.0,0.0,0.0,22.0,0.0,0.0,22.0,0.0
2021-09-05 04:00:00,0.0,0.0,0.0,24.0,0.0,0.0,24.0,0.0
2021-09-05 05:00:00,0.0,0.0,0.0,22.0,0.0,0.0,22.0,0.0
2021-09-05 06:00:00,0.0,0.0,0.0,22.0,0.0,0.0,22.0,0.0
2021-09-05 07:00:00,0.0,0.0,0.0,22.0,0.0,0.0,22.0,0.0
2021-09-05 08:00:00,0.0,0.0,0.0,25.0,0.0,0.0,25.0,0.0
2021-09-05 09:00:00,0.0,0.0,0.0,22.0,0.0,0.0,22.0,0.0
2021-09-05 10:00:00,0.0,0.0,0.0,22.0,0.0,0.0,22.0,0.0
2021-09-05 11:00:00,0.0,17.0,17.0,22.0,0.0,0.0,22.0,0.0
2021-09-05 12:00:00,0.0,22.0,22.0,24.0,0.0,0.0,24.0,0.0
2021-09-05 13:00:00,0.0,19.0,19.0,22.0,0.0,0.0,22.0,0.0
2021-09-05 14:00:00,0.0,22.0,22.0,23.0,0.0,0.0,23.0,0.0
2021-09-05 15:00:00,0.0,21.0,21.0,24.0,0.0,0.0,24.0,0.0
2021-09-05 16:00:00,0.0,22.0,22.0,23.0,0.0,0.0,23.0,0.0
2021-09-05 17:00:00,0.0,26.0,26.0,23.0,0.0,0.0,23.0,0.0
2021-09-05 18:00:00,0.0,24.0,24.0,22.0,0.0,0.0,22.0,0.0
2021-09-05 19:00:00,0.0,21.0,21.0,24.0,0.0,0.0,24.0,0.0
2021-09-05 20:00:00,0.0,20.0,20.0,23.0,0.0,0.0,23.0,0.0
2021-09-05 21:00:00,0.0,20.0,20.0,23.0,0.0,0.0,23.0,0.0
2021-09-05 22:00:00,0.0,22.0,22.0,24.0,0.0,0.0,24.0,0.0
2021-09-05 23:00:00,0.0,20.0,20.0,23.0,0.0,0.0,23.0,0.0
2021-09-05 00:00:00,0.05,0.0,0.0,24.0,0.0,0.0,24.0,0.0
2021-09-05 01:00:00,0.05,0.0,0.0,22.0,0.0,0.0,22.0,0.0
2021-09-05 02:00:00,0.05,0.0,0.0,22.0,0.0,0.0,22.0,0.0
2021-09-05 03:00:00,0.05,0.0,0.0,22.0,0.0,0.0,22.0,0.0
2021-09-05 04:00:00,0.05,0.0,0.0,24.0,0.0,0.0,24.0,0.0
2021-09-05 05:00:00,0.05,0.0,0.0,22.0,0.0,0.0,22.0,0.0
2021-09-05 06:00:00,0.05,0.0,0.0,22.0,0.0,0.0,22.0,0.0
2021-09-05 07:00:00,0.05,0.0,0.0,22.0,0.0,0.0,22.0,0.0
2021-09-05 08:00:00,0.05,0.0,0.0,25.0,0.0,0.0,25.0,0.0
2021-09-05 09:00:00,0.05,0.0,0.0,22.0,0.0,0.0,22.0,0.0
2021-09-05 10:00:00,0.05,0.0,0.0,22.0,0.0,0.0,22.0,0.0
2021-09-05 11:00:00,0.05,17.0,17.0,22.0,0.0,0.0,22.0,0.0
2021-09-05 12:00:00,0.05,22.0,22.0,24.0,0.0,0.0,24.0,0.0
2021-09-05 13:00:00,0.05,19.0,19.0,22.0,0.0,0.0,22.0,0.0
2021-09-05 14:00:00,0.05,22.0,22.0,23.0,0.0,0.0,23.0,0.0
2021-09-05 15:00:00,0.05,21.0,21.5999998,24.0,0.0,0.5999997999999991,24.5999998,0.0
2021-09-05 16:00:00,0.05,22.0,22.0,23.0,0.0,0.0,23.0,0.0
2021-09-05 17:00:00,0.05,26.0,24.7000001,23.0,1.2999998999999995,0.0,21.7000001,0.1499998999999994
2021-09-05 18:00:00,0.05,24.0,24.7000001,22.0,0.0,0.7000001000000005,22.7000001,0.0
2021-09-05 19:00:00,0.05,21.0,21.0,24.0,0.0,0.0,24.0,0.0
2021-09-05 20:00:00,0.05,20.0,20.0,23.0,0.0,0.0,23.0,0.0
2021-09-05 21:00:00,0.05,20.0,20.0,23.0,0.0,0.0,23.0,0.0
2021-09-05 22:00:00,0.05,22.0,22.0,24.0,0.0,0.0,24.0,0.0
2021-09-05 23:00:00,0.05,20.0,20.0,23.0,0.0,0.0,23.0,0.0
2021-09-05 00:00:00,0.1,0.0,0.0,24.0,0.0,0.0,24.0,0.0
2021-09-05 01:00:00,0.1,0.0,0.0,22.0,0.0,0.0,22.0,0.0
2021-09-05 02:00:00,0.1,0.0,0.0,22.0,0.0,0.0,22.0,0.0
2021-09-05 03:00:00,0.1,0.0,0.0,22.0,0.0,0.0,22.0,0.0
2021-09-05 04:00:00,0.1,0.0,0.0,24.0,0.0,0.0,24.0,0.0
2021-09-05 05:00:00,0.1,0.0,0.0,22.0,0.0,0.0,22.0,0.0
2021-09-05 06:00:00,0.1,0.0,0.0,22.0,0.0,0.0,22.0,0.0
2021-09-05 07:00:00,0.1,0.0,0.0,22.0,0.0,0.0,22.0,0.0
2021-09-05 08:00:00,0.1,0.0,0.0,25.0,0.0,0.0,25.0,0.0
2021-09-05 09:00:00,0.1,0.0,0.0,22.0,0.0,0.0,22.0,0.0
2021-09-05 10:00:00,0.1,0.0,0.0,22.0,0.0,0.0,22.0,0.0
2021-09-05 11:00:00,0.1,17.0,17.0,22.0,0.0,0.0,22.0,0.0
2021-09-05 12:00:00,0.1,22.0,22.0,24.0,0.0,0.0,24.0,0.0
2021-09-05 13:00:00,0.1,19.0,19.0,22.0,0.0,0.0,22.0,0.0
2021-09-05 14:00:00,0.1,22.0,22.0,23.0,0.0,0.0,23.0,0.0
2021-09-05 15:00:00,0.1,21.0,21.0,24.0,0.0,0.0,24.0,0.0
2021-09-05 16:00:00,0.1,22.0,22.7999997,23.0,0.0,0.7999997000000008,23.7999997,0.0
2021-09-05 17:00:00,0.1,26.0,23.4000001,23.0,2.5999999000000003,0.0,20.4000001,0.2999999
2021-09-05 18:00:00,0.1,24.0,23.4000001,22.0,0.5999999000000003,0.0,21.4000001,0.0
2021-09-05 19:00:00,0.1,21.0,23.4000001,24.0,0.0,2.4000000999999997,26.4000001,0.0
2021-09-05 20:00:00,0.1,20.0,20.0,23.0,0.0,0.0,23.0,0.0
2021-09-05 21:00:00,0.1,20.0,20.0,23.0,0.0,0.0,23.0,0.0
2021-09-05 22:00:00,0.1,22.0,22.0,24.0,0.0,0.0,24.0,0.0
2021-09-05 23:00:00,0.1,20.0,20.0,23.0,0.0,0.0,23.0,0.0
2021-09-05 00:00:00,0.2,0.0,0.0,24.0,0.0,0.0,24.0,0.0
2021-09-05 01:00:00,0.2,0.0,0.0,22.0,0.0,0.0,22.0,0.0
2021-09-05 02:00:00,0.2,0.0,0.0,22.0,0.0,0.0,22.0,0.0
2021-09-05 03:00:00,0.2,0.0,0.0,22.0,0.0,0.0,22.0,0.0
2021-09-05 04:00:00,0.2,0.0,0.0,24.0,0.0,0.0,24.0,0.0
2021-09-05 05:00:00,0.2,0.0,0.0,22.0,0.0,0.0,22.0,0.0
2021-09-05 06:00:00,0.2,0.0,0.0,22.0,0.0,0.0,22.0,0.0
2021-09-05 07:00:00,0.2,0.0,0.0,22.0,0.0,0.0,22.0,0.0
2021-09-05 08:00:00,0.2,0.0,0.0,25.0,0.0,0.0,25.0,0.0
2021-09-05 09:00:00,0.2,0.0,0.0,22.0,0.0,0.0,22.0,0.0
2021-09-05 10:00:00,0.2,0.0,1.3999992999999917,22.0,0.0,1.3999992999999917,23.39999929999999,0.0
2021-09-05 11:00:00,0.2,17.0,17.0,22.0,0.0,0.0,22.0,0.0
2021-09-05 12:00:00,0.2,22.0,22.0000001,24.0,1.3999992999999917,1.399999399999993,24.0000001,0.0
2021-09-05 13:00:00,0.2,19.0,21.6,22.0,0.0,2.6,24.6,0.0
2021-09-05 14:00:00,0.2,22.0,22.0000001,23.0,2.399999499999994,2.3999995999999952,23.0000001,0.0
2021-09-05 15:00:00,0.2,21.0,22.0000001,24.0,1.599999899999999,2.6,25.0000001,0.0
2021-09-05 16:00:00,0.2,22.0,22.0000001,23.0,2.3999995999999952,2.3999996999999964,23.0000001,0.0
2021-09-05 17:00:00,0.2,26.0,22.0000001,23.0,3.999999899999999,0.0,19.0000001,0.0
2021-09-05 18:00:00,0.2,24.0,22.0000001,22.0,1.9999998999999988,0.0,20.0000001,0.0
2021-09-05 19:00:00,0.2,21.0,22.0000001,24.0,0.0,1.0000001000000012,25.0000001,0.0
2021-09-05 20:00:00,0.2,20.0,20.0,23.0,0.0,0.0,23.0,0.0
2021-09-05 21:00:00,0.2,20.0,20.0,23.0,0.0,0.0,23.0,0.0
2021-09-05 22:00:00,0.2,22.0,22.0,24.0,0.0,0.0,24.0,0.0
2021-09-05 23:00:00,0.2,20.0,20.0,23.0,0.0,0.0,23.0,0.0
2021-09-06 00:00:00,0.0,20.0,20.0,22.0,0.0,0.0,22.0,0.0
2021-09-06 01:00:00,0.0,21.0,21.0,22.0,0.0,0.0,22.0,0.0
2021-09-06 02:00:00,0.0,21.0,21.0,24.0,0.0,0.0,24.0,0.0
2021-09-06 03:00:00,0.0,20.0,20.0,22.0,0.0,0.0,22.0,0.0
2021-09-06 04:00:00,0.0,20.0,20.0,22.0,0.0,0.0,22.0,0.0
2021-09-06 05:00:00,0.0,20.0,20.0,23.0,0.0,0.0,23.0,0.0
2021-09-06 06:00:00,0.0,21.0,21.0,24.0,0.0,0.0,24.0,0.0
2021-09-06 07:00:00,0.0,52.0,52.0,52.0,0.0,0.0,52.0,0.0
2021-09-06 08:00:00,0.0,167.0,167.0,171.0,0.0,0.0,171.0,0.0
2021-09-06 09:00:00,0.0,170.0,170.0,157.0,0.0,0.0,157.0,0.0
2021-09-06 10:00:00,0.0,171.0,171.0,171.0,0.0,0.0,171.0,0.0
2021-09-06 11:00:00,0.0,171.0,171.0,176.0,0.0,0.0,176.0,0.0
2021-09-06 12:00:00,0.0,114.0,114.0,109.0,0.0,0.0,109.0,0.0
2021-09-06 13:00:00,0.0,172.0,172.0,160.0,0.0,0.0,160.0,0.0
2021-09-06 14:00:00,0.0,171.0,171.0,160.0,0.0,0.0,160.0,0.0
2021-09-06 15:00:00,0.0,160.0,160.0,158.0,0.0,0.0,158.0,0.0
2021-09-06 16:00:00,0.0,170.0,170.0,146.0,0.0,0.0,146.0,0.0
2021-09-06 17:00:00,0.0,140.0,140.0,128.0,0.0,0.0,128.0,0.0
2021-09-06 18:00:00,0.0,168.0,168.0,152.0,0.0,0.0,152.0,0.0
2021-09-06 19:00:00,0.0,144.0,144.0,135.0,0.0,0.0,135.0,0.0
2021-09-06 20:00:00,0.0,128.0,128.0,121.0,0.0,0.0,121.0,0.0
2021-09-06 21:00:00,0.0,129.0,129.0,123.0,0.0,0.0,123.0,0.0
2021-09-06 22:00:00,0.0,116.0,116.0,110.0,0.0,0.0,110.0,0.0
2021-09-06 23:00:00,0.0,105.0,105.0,104.0,0.0,0.0,104.0,0.0
2021-09-06 00:00:00,0.05,20.0,20.0,22.0,0.0,0.0,22.0,0.0
2021-09-06 01:00:00,0.05,21.0,21.0,22.0,0.0,0.0,22.0,0.0
2021-09-06 02:00:00,0.05,21.0,21.0,24.0,0.0,0.0,24.0,0.0
2021-09-06 03:00:00,0.05,20.0,20.0,22.0,0.0,0.0,22.0,0.0
2021-09-06 04:00:00,0.05,20.0,20.0,22.0,0.0,0.0,22.0,0.0
2021-09-06 05:00:00,0.05,20.0,20.0,23.0,0.0,0.0,23.0,0.0
2021-09-06 06:00:00,0.05,21.0,21.0,24.0,0.0,0.0,24.0,0.0
2021-09-06 07:00:00,0.05,52.0,66.9999991,52.0,0.0,14.999999100000004,66.9999991,0.0
2021-09-06 08:00:00,0.05,167.0,163.4000001,171.0,6.499999100000004,2.8999992000000034,167.4000001,0.0
2021-09-06 09:00:00,0.05,170.0,163.4000001,157.0,8.5,1.9000000999999997,150.4000001,0.6499999999999995
2021-09-06 10:00:00,0.05,171.0,163.4000001,171.0,7.5999999,0.0,163.4000001,0.0
2021-09-06 11:00:00,0.05,171.0,163.4000001,176.0,7.5999999,0.0,168.4000001,0.0
2021-09-06 12:00:00,0.05,114.0,131.2,109.0,0.0,17.2,126.2,0.0
2021-09-06 13:00:00,0.05,172.0,163.4000001,160.0,8.5999999,0.0,151.4000001,0.5999999000000003
2021-09-06 14:00:00,0.05,171.0,163.4000001,160.0,7.5999999,0.0,152.4000001,0.0
2021-09-06 15:00:00,0.05,160.0,163.4000001,158.0,4.100000099999999,7.500000199999999,161.4000001,0.0
2021-09-06 16:00:00,0.05,170.0,163.4000001,146.0,8.5,1.9000000999999997,139.4000001,1.1999999999999993
2021-09-06 17:00:00,0.05,140.0,157.2,128.0,0.0,17.2,145.2,0.0
2021-09-06 18:00:00,0.05,168.0,163.4000001,152.0,4.5999999,0.0,147.4000001,0.0
2021-09-06 19:00:00,0.05,144.0,144.0,135.0,0.0,0.0,135.0,0.0
2021-09-06 20:00:00,0.05,128.0,128.0,121.0,0.0,0.0,121.0,0.0
2021-09-06 21:00:00,0.05,129.0,129.0,123.0,0.0,0.0,123.0,0.0
2021-09-06 22:00:00,0.05,116.0,116.0,110.0,0.0,0.0,110.0,0.0
2021-09-06 23:00:00,0.05,105.0,105.0,104.0,0.0,0.0,104.0,0.0
2021-09-06 00:00:00,0.1,20.0,20.0,22.0,0.0,0.0,22.0,0.0
2021-09-06 01:00:00,0.1,21.0,21.0,22.0,0.0,0.0,22.0,0.0
2021-09-06 02:00:00,0.1,21.0,21.0,24.0,0.0,0.0,24.0,0.0
2021-09-06 03:00:00,0.1,20.0,20.0,22.0,0.0,0.0,22.0,0.0
2021-09-06 04:00:00,0.1,20.0,20.0,22.0,0.0,0.0,22.0,0.0
2021-09-06 05:00:00,0.1,20.0,20.0,23.0,0.0,0.0,23.0,0.0
2021-09-06 06:00:00,0.1,21.0,21.0,24.0,0.0,0.0,24.0,0.0
2021-09-06 07:00:00,0.1,52.0,69.2,52.0,0.0,17.2,69.2,0.0
2021-09-06 08:00:00,0.1,167.0,161.28888898888889,171.0,5.7111110111111145,0.0,165.28888898888889,0.0
2021-09-06 09:00:00,0.1,170.0,161.28888898888889,157.0,11.488888988888885,2.7777779777777702,148.28888898888889,0.0
2021-09-06 10:00:00,0.1,171.0,161.28888898888889,171.0,9.711111011111115,0.0,161.28888898888889,0.0
2021-09-06 11:00:00,0.1,171.0,161.28888898888889,176.0,9.711111011111115,0.0,166.28888898888889,0.0
2021-09-06 12:00:00,0.1,114.0,131.2,109.0,0.0,17.2,126.2,0.0
2021-09-06 13:00:00,0.1,172.0,161.28888898888889,160.0,10.711111011111115,0.0,149.28888898888889,0.0
2021-09-06 14:00:00,0.1,171.0,161.28888898888889,160.0,9.711111011111115,0.0,150.28888898888889,0.0
2021-09-06 15:00:00,0.1,160.0,161.28888898888889,158.0,15.911111011111114,17.2,159.28888898888889,0.1111110111111131
2021-09-06 16:00:00,0.1,170.0,161.28888898888889,146.0,11.377777077777804,2.6666660666666893,137.28888898888889,0.0
2021-09-06 17:00:00,0.1,140.0,157.2,128.0,0.0,17.2,145.2,0.0
2021-09-06 18:00:00,0.1,168.0,161.28888898888889,152.0,16.799999100000033,10.088888088888918,145.28888898888889,1.5999991000000318
2021-09-06 19:00:00,0.1,144.0,160.79999910000004,135.0,0.0,16.799999100000033,151.79999910000004,0.0
2021-09-06 20:00:00,0.1,128.0,128.0,121.0,0.0,0.0,121.0,0.0
2021-09-06 21:00:00,0.1,129.0,129.0,123.0,0.0,0.0,123.0,0.0
2021-09-06 22:00:00,0.1,116.0,116.0,110.0,0.0,0.0,110.0,0.0
2021-09-06 23:00:00,0.1,105.0,105.0,104.0,0.0,0.0,104.0,0.0
2021-09-06 00:00:00,0.2,20.0,20.0,22.0,0.0,0.0,22.0,0.0
2021-09-06 01:00:00,0.2,21.0,21.0,22.0,0.0,0.0,22.0,0.0
2021-09-06 02:00:00,0.2,21.0,21.0,24.0,0.0,0.0,24.0,0.0
2021-09-06 03:00:00,0.2,20.0,20.0,22.0,0.0,0.0,22.0,0.0
2021-09-06 04:00:00,0.2,20.0,20.0,22.0,0.0,0.0,22.0,0.0
2021-09-06 05:00:00,0.2,20.0,20.0,23.0,0.0,0.0,23.0,0.0
2021-09-06 06:00:00,0.2,21.0,21.0,24.0,0.0,0.0,24.0,0.0
2021-09-06 07:00:00,0.2,52.0,69.2,52.0,0.0,17.2,69.2,0.0
2021-09-06 08:00:00,0.2,167.0,161.24444454444446,171.0,5.7555554555555375,0.0,165.24444454444446,0.0
2021-09-06 09:00:00,0.2,170.0,161.24444454444446,157.0,11.444444544444462,2.6888890888889243,148.24444454444446,0.0
2021-09-06 10:00:00,0.2,171.0,161.24444454444446,171.0,9.755555455555537,0.0,161.24444454444446,0.0
2021-09-06 11:00:00,0.2,171.0,161.24444454444446,176.0,9.755555455555537,0.0,166.24444454444446,0.0
2021-09-06 12:00:00,0.2,114.0,131.2,109.0,0.0,17.2,126.2,0.0
2021-09-06 13:00:00,0.2,172.0,161.24444454444446,160.0,10.755555455555537,0.0,149.24444454444446,0.0
2021-09-06 14:00:00,0.2,171.0,161.24444454444446,160.0,9.755555455555537,0.0,150.24444454444446,0.0
2021-09-06 15:00:00,0.2,160.0,161.24444454444446,158.0,15.955555455555537,17.2,159.24444454444446,0.0
2021-09-06 16:00:00,0.2,170.0,161.24444454444446,146.0,11.688888188888765,2.933332733333227,137.24444454444446,0.0
2021-09-06 17:00:00,0.2,140.0,157.2,128.0,0.0,17.2,145.2,0.0
2021-09-06 18:00:00,0.2,168.0,161.24444454444446,152.0,17.19999909999984,10.444443644444302,145.24444454444446,0.0
2021-09-06 19:00:00,0.2,144.0,161.19999909999984,135.0,0.0,17.19999909999984,152.19999909999984,0.0
2021-09-06 20:00:00,0.2,128.0,128.0,121.0,0.0,0.0,121.0,0.0
2021-09-06 21:00:00,0.2,129.0,129.0,123.0,0.0,0.0,123.0,0.0
2021-09-06 22:00:00,0.2,116.0,116.0,110.0,0.0,0.0,110.0,0.0
2021-09-06 23:00:00,0.2,105.0,105.0,104.0,0.0,0.0,104.0,0.0
2021-09-07 00:00:00,0.0,73.0,73.0,72.0,0.0,0.0,72.0,0.0
2021-09-07 01:00:00,0.0,106.0,106.0,109.0,0.0,0.0,109.0,0.0
2021-09-07 02:00:00,0.0,108.0,108.0,111.0,0.0,0.0,111.0,0.0
2021-09-07 03:00:00,0.0,101.0,101.0,109.0,0.0,0.0,109.0,0.0
2021-09-07 04:00:00,0.0,110.0,110.0,109.0,0.0,0.0,109.0,0.0
2021-09-07 05:00:00,0.0,93.0,93.0,96.0,0.0,0.0,96.0,0.0
2021-09-07 06:00:00,0.0,113.0,113.0,115.0,0.0,0.0,115.0,0.0
2021-09-07 07:00:00,0.0,123.0,123.0,140.0,0.0,0.0,140.0,0.0
2021-09-07 08:00:00,0.0,167.0,167.0,173.0,0.0,0.0,173.0,0.0
2021-09-07 09:00:00,0.0,169.0,169.0,170.0,0.0,0.0,170.0,0.0
2021-09-07 10:00:00,0.0,176.0,176.0,164.0,0.0,0.0,164.0,0.0
2021-09-07 11:00:00,0.0,165.0,165.0,174.0,0.0,0.0,174.0,0.0
2021-09-07 12:00:00,0.0,112.0,112.0,116.0,0.0,0.0,116.0,0.0
2021-09-07 13:00:00,0.0,174.0,174.0,181.0,0.0,0.0,181.0,0.0
2021-09-07 14:00:00,0.0,182.0,182.0,182.0,0.0,0.0,182.0,0.0
2021-09-07 15:00:00,0.0,157.0,157.0,166.0,0.0,0.0,166.0,0.0
2021-09-07 16:00:00,0.0,167.0,167.0,160.0,0.0,0.0,160.0,0.0
2021-09-07 17:00:00,0.0,125.0,125.0,135.0,0.0,0.0,135.0,0.0
2021-09-07 18:00:00,0.0,156.0,156.0,156.0,0.0,0.0,156.0,0.0
2021-09-07 19:00:00,0.0,148.0,148.0,152.0,0.0,0.0,152.0,0.0
2021-09-07 20:00:00,0.0,147.0,147.0,134.0,0.0,0.0,134.0,0.0
2021-09-07 21:00:00,0.0,131.0,131.0,131.0,0.0,0.0,131.0,0.0
2021-09-07 22:00:00,0.0,119.0,119.0,115.0,0.0,0.0,115.0,0.0
2021-09-07 23:00:00,0.0,112.0,112.0,111.0,0.0,0.0,111.0,0.0
2021-09-07 00:00:00,0.05,73.0,73.0,72.0,0.0,0.0,72.0,0.0
2021-09-07 01:00:00,0.05,106.0,106.0,109.0,0.0,0.0,109.0,0.0
2021-09-07 02:00:00,0.05,108.0,108.0,111.0,0.0,0.0,111.0,0.0
2021-09-07 03:00:00,0.05,101.0,101.0,109.0,0.0,0.0,109.0,0.0
2021-09-07 04:00:00,0.05,110.0,110.0,109.0,0.0,0.0,109.0,0.0
2021-09-07 05:00:00,0.05,93.0,93.0,96.0,0.0,0.0,96.0,0.0
2021-09-07 06:00:00,0.05,113.0,113.0,115.0,0.0,0.0,115.0,0.0
2021-09-07 07:00:00,0.05,123.0,123.0,140.0,0.0,0.0,140.0,0.0
2021-09-07 08:00:00,0.05,167.0,170.0999999,173.0,0.0,3.0999999000000003,176.0999999,0.0
2021-09-07 09:00:00,0.05,169.0,169.0,170.0,0.0,0.0,170.0,0.0
2021-09-07 10:00:00,0.05,176.0,172.9000001,164.0,3.0999999000000003,0.0,160.9000001,0.0
2021-09-07 11:00:00,0.05,165.0,165.0,174.0,0.0,0.0,174.0,0.0
2021-09-07 12:00:00,0.05,112.0,115.1999998,116.0,0.0,3.1999998000000005,119.1999998,0.0
2021-09-07 13:00:00,0.05,174.0,172.9000001,181.0,1.0999999000000003,0.0,179.9000001,0.0
2021-09-07 14:00:00,0.05,182.0,172.9000001,182.0,9.0999999,0.0,172.9000001,0.0
2021-09-07 15:00:00,0.05,157.0,158.0999999,166.0,0.0,1.0999999000000003,167.0999999,0.0
2021-09-07 16:00:00,0.05,167.0,172.9000001,160.0,0.0,5.9000001,165.9000001,0.0
2021-09-07 17:00:00,0.05,125.0,125.0,135.0,0.0,0.0,135.0,0.0
2021-09-07 18:00:00,0.05,156.0,156.0,156.0,0.0,0.0,156.0,0.0
2021-09-07 19:00:00,0.05,148.0,148.0,152.0,0.0,0.0,152.0,0.0
2021-09-07 20:00:00,0.05,147.0,147.0,134.0,0.0,0.0,134.0,0.0
2021-09-07 21:00:00,0.05,131.0,131.0,131.0,0.0,0.0,131.0,0.0
2021-09-07 22:00:00,0.05,119.0,119.0,115.0,0.0,0.0,115.0,0.0
2021-09-07 23:00:00,0.05,112.0,112.0,111.0,0.0,0.0,111.0,0.0
2021-09-07 00:00:00,0.1,73.0,73.0,72.0,0.0,0.0,72.0,0.0
2021-09-07 01:00:00,0.1,106.0,106.0,109.0,0.0,0.0,109.0,0.0
2021-09-07 02:00:00,0.1,108.0,108.0,111.0,0.0,0.0,111.0,0.0
2021-09-07 03:00:00,0.1,101.0,101.0,109.0,0.0,0.0,109.0,0.0
2021-09-07 04:00:00,0.1,110.0,110.0,109.0,0.0,0.0,109.0,0.0
2021-09-07 05:00:00,0.1,93.0,93.0,96.0,0.0,0.0,96.0,0.0
2021-09-07 06:00:00,0.1,113.0,113.0,115.0,0.0,0.0,115.0,0.0
2021-09-07 07:00:00,0.1,123.0,136.79999949999998,140.0,0.0,13.799999499999974,153.79999949999998,0.0
2021-09-07 08:00:00,0.1,167.0,163.8000001,173.0,3.1999998999999946,0.0,169.8000001,0.0
2021-09-07 09:00:00,0.1,169.0,163.8000001,170.0,10.599999599999979,5.399999699999984,164.8000001,0.0
2021-09-07 10:00:00,0.1,176.0,163.8000001,164.0,12.199999899999995,0.0,151.8000001,0.0
2021-09-07 11:00:00,0.1,165.0,163.8000001,174.0,1.1999998999999946,0.0,172.8000001,0.0
2021-09-07 12:00:00,0.1,112.0,130.2,116.0,0.0,18.2,134.2,0.0
2021-09-07 13:00:00,0.1,174.0,163.8000001,181.0,10.199999899999995,0.0,170.8000001,0.0
2021-09-07 14:00:00,0.1,182.0,163.8000001,182.0,18.199999899999995,0.0,163.8000001,0.0
2021-09-07 15:00:00,0.1,157.0,163.8000001,166.0,11.39999979999999,18.199999899999995,172.8000001,0.0
2021-09-07 16:00:00,0.1,167.0,163.8000001,160.0,3.1999998999999946,0.0,156.8000001,0.0
2021-09-07 17:00:00,0.1,125.0,136.3999998,135.0,0.0,11.39999979999999,146.3999998,0.0
2021-09-07 18:00:00,0.1,156.0,159.1999999,156.0,0.0,3.1999998999999946,159.1999999,0.0
2021-09-07 19:00:00,0.1,148.0,148.0,152.0,0.0,0.0,152.0,0.0
2021-09-07 20:00:00,0.1,147.0,147.0,134.0,0.0,0.0,134.0,0.0
2021-09-07 21:00:00,0.1,131.0,131.0,131.0,0.0,0.0,131.0,0.0
2021-09-07 22:00:00,0.1,119.0,119.0,115.0,0.0,0.0,115.0,0.0
2021-09-07 23:00:00,0.1,112.0,112.0,111.0,0.0,0.0,111.0,0.0
2021-09-07 00:00:00,0.2,73.0,73.0,72.0,0.0,0.0,72.0,0.0
2021-09-07 01:00:00,0.2,106.0,106.0,109.0,0.0,0.0,109.0,0.0
2021-09-07 02:00:00,0.2,108.0,108.0,111.0,0.0,0.0,111.0,0.0
2021-09-07 03:00:00,0.2,101.0,101.0,109.0,0.0,0.0,109.0,0.0
2021-09-07 04:00:00,0.2,110.0,110.0,109.0,0.0,0.0,109.0,0.0
2021-09-07 05:00:00,0.2,93.0,93.0,96.0,0.0,0.0,96.0,0.0
2021-09-07 06:00:00,0.2,113.0,113.0,115.0,0.0,0.0,115.0,0.0
2021-09-07 07:00:00,0.2,123.0,141.2,140.0,0.0,18.2,158.2,0.0
2021-09-07 08:00:00,0.2,167.0,160.64000009999998,173.0,6.35999990000002,0.0,166.64000009999998,0.0
2021-09-07 09:00:00,0.2,169.0,160.64000009999998,170.0,11.84000009999998,3.48000019999996,161.64000009999998,0.0
2021-09-07 10:00:00,0.2,176.0,160.64000009999998,164.0,15.35999990000002,0.0,148.64000009999998,0.0
2021-09-07 11:00:00,0.2,165.0,160.64000009999998,174.0,4.35999990000002,0.0,169.64000009999998,0.0
2021-09-07 12:00:00,0.2,112.0,130.2,116.0,0.0,18.2,134.2,0.0
2021-09-07 13:00:00,0.2,174.0,160.64000009999998,181.0,13.35999990000002,0.0,167.64000009999998,0.0
2021-09-07 14:00:00,0.2,182.0,160.64000009999998,182.0,21.35999990000002,0.0,160.64000009999998,0.0
2021-09-07 15:00:00,0.2,157.0,160.64000009999998,166.0,14.559999900000019,18.2,169.64000009999998,0.0
2021-09-07 16:00:00,0.2,167.0,160.64000009999998,160.0,20.91999930000014,14.55999940000012,153.64000009999998,0.0
2021-09-07 17:00:00,0.2,125.0,143.2,135.0,0.0,18.2,153.2,0.0
2021-09-07 18:00:00,0.2,156.0,160.64000009999998,156.0,12.639999100000178,17.27999920000016,160.64000009999998,0.0
2021-09-07 19:00:00,0.2,148.0,160.63999910000018,152.0,0.0,12.639999100000178,164.63999910000018,0.0
2021-09-07 20:00:00,0.2,147.0,147.0,134.0,0.0,0.0,134.0,0.0
2021-09-07 21:00:00,0.2,131.0,131.0,131.0,0.0,0.0,131.0,0.0
2021-09-07 22:00:00,0.2,119.0,119.0,115.0,0.0,0.0,115.0,0.0
2021-09-07 23:00:00,0.2,112.0,112.0,111.0,0.0,0.0,111.0,0.0
2021-09-08 00:00:00,0.0,74.0,74.0,72.0,0.0,0.0,72.0,0.0
2021-09-08 01:00:00,0.0,109.0,109.0,110.0,0.0,0.0,110.0,0.0
2021-09-08 02:00:00,0.0,114.0,114.0,118.0,0.0,0.0,118.0,0.0
2021-09-08 03:00:00,0.0,99.0,99.0,112.0,0.0,0.0,112.0,0.0
2021-09-08 04:00:00,0.0,115.0,115.0,113.0,0.0,0.0,113.0,0.0
2021-09-08 05:00:00,0.0,92.0,92.0,97.0,0.0,0.0,97.0,0.0
2021-09-08 06:00:00,0.0,116.0,116.0,118.0,0.0,0.0,118.0,0.0
2021-09-08 07:00:00,0.0,124.0,124.0,135.0,0.0,0.0,135.0,0.0
2021-09-08 08:00:00,0.0,180.0,180.0,171.0,0.0,0.0,171.0,0.0
2021-09-08 09:00:00,0.0,182.0,182.0,160.0,0.0,0.0,160.0,0.0
2021-09-08 10:00:00,0.0,185.0,185.0,152.0,0.0,0.0,152.0,0.0
2021-09-08 11:00:00,0.0,174.0,174.0,156.0,0.0,0.0,156.0,0.0
2021-09-08 12:00:00,0.0,117.0,117.0,25.0,0.0,0.0,25.0,0.0
2021-09-08 13:00:00,0.0,182.0,182.0,152.0,0.0,0.0,152.0,0.0
2021-09-08 14:00:00,0.0,184.0,184.0,165.0,0.0,0.0,165.0,0.0
2021-09-08 15:00:00,0.0,173.0,173.0,165.0,0.0,0.0,165.0,0.0
2021-09-08 16:00:00,0.0,176.0,176.0,166.0,0.0,0.0,166.0,0.0
2021-09-08 17:00:00,0.0,139.0,139.0,144.0,0.0,0.0,144.0,0.0
2021-09-08 18:00:00,0.0,163.0,163.0,164.0,0.0,0.0,164.0,0.0
2021-09-08 19:00:00,0.0,152.0,152.0,150.0,0.0,0.0,150.0,0.0
2021-09-08 20:00:00,0.0,129.0,129.0,103.0,0.0,0.0,103.0,0.0
2021-09-08 21:00:00,0.0,131.0,131.0,122.0,0.0,0.0,122.0,0.0
2021-09-08 22:00:00,0.0,119.0,119.0,106.0,0.0,0.0,106.0,0.0
2021-09-08 23:00:00,0.0,114.0,114.0,101.0,0.0,0.0,101.0,0.0
2021-09-08 00:00:00,0.05,74.0,74.0,72.0,0.0,0.0,72.0,0.0
2021-09-08 01:00:00,0.05,109.0,109.0,110.0,0.0,0.0,110.0,0.0
2021-09-08 02:00:00,0.05,114.0,114.0,118.0,0.0,0.0,118.0,0.0
2021-09-08 03:00:00,0.05,99.0,99.0,112.0,0.0,0.0,112.0,0.0
2021-09-08 04:00:00,0.05,115.0,115.0,113.0,0.0,0.0,113.0,0.0
2021-09-08 05:00:00,0.05,92.0,92.0,97.0,0.0,0.0,97.0,0.0
2021-09-08 06:00:00,0.05,116.0,116.0,118.0,0.0,0.0,118.0,0.0
2021-09-08 07:00:00,0.05,124.0,134.4999998,135.0,0.0,10.499999800000012,145.4999998,0.0
2021-09-08 08:00:00,0.05,180.0,175.7500001,171.0,4.249999900000006,0.0,166.7500001,0.0
2021-09-08 09:00:00,0.05,182.0,175.7500001,160.0,6.249999900000006,0.0,153.7500001,0.0
2021-09-08 10:00:00,0.05,185.0,175.7500001,152.0,9.249999900000006,0.0,142.7500001,1.6499999000000054
2021-09-08 11:00:00,0.05,174.0,175.7500001,156.0,0.0,1.750000099999994,157.7500001,0.0
2021-09-08 12:00:00,0.05,117.0,135.5,25.0,0.0,18.5,43.5,0.0
2021-09-08 13:00:00,0.05,182.0,175.7500001,152.0,6.249999900000006,0.0,145.7500001,0.0
2021-09-08 14:00:00,0.05,184.0,175.7500001,165.0,8.249999900000006,0.0,156.7500001,0.0
2021-09-08 15:00:00,0.05,173.0,175.7500001,165.0,0.7499995000000297,3.4999996000000237,167.7500001,0.0
2021-09-08 16:00:00,0.05,176.0,175.7500001,166.0,0.24999990000000594,0.0,165.7500001,0.0
2021-09-08 17:00:00,0.05,139.0,139.99999940000004,144.0,0.0,0.9999994000000356,144.99999940000004,0.0
2021-09-08 18:00:00,0.05,163.0,163.0,164.0,0.0,0.0,164.0,0.0
2021-09-08 19:00:00,0.05,152.0,152.0,150.0,0.0,0.0,150.0,0.0
2021-09-08 20:00:00,0.05,129.0,129.0,103.0,0.0,0.0,103.0,0.0
2021-09-08 21:00:00,0.05,131.0,131.0,122.0,0.0,0.0,122.0,0.0
2021-09-08 22:00:00,0.05,119.0,119.0,106.0,0.0,0.0,106.0,0.0
2021-09-08 23:00:00,0.05,114.0,114.0,101.0,0.0,0.0,101.0,0.0
2021-09-08 00:00:00,0.1,74.0,74.0,72.0,0.0,0.0,72.0,0.0
2021-09-08 01:00:00,0.1,109.0,109.0,110.0,0.0,0.0,110.0,0.0
2021-09-08 02:00:00,0.1,114.0,114.0,118.0,0.0,0.0,118.0,0.0
2021-09-08 03:00:00,0.1,99.0,99.0,112.0,0.0,0.0,112.0,0.0
2021-09-08 04:00:00,0.1,115.0,115.0,113.0,0.0,0.0,113.0,0.0
2021-09-08 05:00:00,0.1,92.0,92.0,97.0,0.0,0.0,97.0,0.0
2021-09-08 06:00:00,0.1,116.0,116.0,118.0,0.0,0.0,118.0,0.0
2021-09-08 07:00:00,0.1,124.0,142.5,135.0,0.0,18.5,153.5,0.0
2021-09-08 08:00:00,0.1,180.0,170.51250009999998,171.0,9.487499900000017,0.0,161.51250009999998,0.0
2021-09-08 09:00:00,0.1,182.0,170.51250009999998,160.0,11.487499900000017,0.0,148.51250009999998,0.0
2021-09-08 10:00:00,0.1,185.0,170.51250009999998,152.0,16.962499700000052,2.4749998000000346,137.51250009999998,1.7624997000000509
2021-09-08 11:00:00,0.1,174.0,170.51250009999998,156.0,3.4874999000000173,0.0,152.51250009999998,0.0
2021-09-08 12:00:00,0.1,117.0,135.5,25.0,0.0,18.5,43.5,0.0
2021-09-08 13:00:00,0.1,182.0,170.51250009999998,152.0,13.437499500000087,1.9499996000000692,140.51250009999998,0.0
2021-09-08 14:00:00,0.1,184.0,170.51250009999998,165.0,13.487499900000017,0.0,151.51250009999998,0.0
2021-09-08 15:00:00,0.1,173.0,170.51250009999998,165.0,17.3,14.812500099999983,162.51250009999998,0.8000000000000007
2021-09-08 16:00:00,0.1,176.0,170.51250009999998,166.0,17.599999200000138,12.11249930000012,160.51250009999998,0.9999992000001363
2021-09-08 17:00:00,0.1,139.0,157.5,144.0,0.0,18.5,162.5,0.0
2021-09-08 18:00:00,0.1,163.0,170.51250009999998,164.0,8.887499100000156,16.39999920000014,171.51250009999998,0.0
2021-09-08 19:00:00,0.1,152.0,160.88749910000016,150.0,0.0,8.887499100000156,158.88749910000016,0.0
2021-09-08 20:00:00,0.1,129.0,129.0,103.0,0.0,0.0,103.0,0.0
2021-09-08 21:00:00,0.1,131.0,131.0,122.0,0.0,0.0,122.0,0.0
2021-09-08 22:00:00,0.1,119.0,119.0,106.0,0.0,0.0,106.0,0.0
2021-09-08 23:00:00,0.1,114.0,114.0,101.0,0.0,0.0,101.0,0.0
2021-09-08 00:00:00,0.2,74.0,74.0,72.0,0.0,0.0,72.0,0.0
2021-09-08 01:00:00,0.2,109.0,109.0,110.0,0.0,0.0,110.0,0.0
2021-09-08 02:00:00,0.2,114.0,114.0,118.0,0.0,0.0,118.0,0.0
2021-09-08 03:00:00,0.2,99.0,99.0,112.0,0.0,0.0,112.0,0.0
2021-09-08 04:00:00,0.2,115.0,115.0,113.0,0.0,0.0,113.0,0.0
2021-09-08 05:00:00,0.2,92.0,92.0,97.0,0.0,0.0,97.0,0.0
2021-09-08 06:00:00,0.2,116.0,116.0,118.0,0.0,0.0,118.0,0.0
2021-09-08 07:00:00,0.2,124.0,142.5,135.0,0.0,18.5,153.5,0.0
2021-09-08 08:00:00,0.2,180.0,170.2500001,171.0,9.749999900000006,0.0,161.2500001,0.0
2021-09-08 09:00:00,0.2,182.0,170.2500001,160.0,11.749999900000006,0.0,148.2500001,0.0
2021-09-08 10:00:00,0.2,185.0,170.2500001,152.0,17.749999700000018,2.999999800000012,137.2500001,0.0
2021-09-08 11:00:00,0.2,174.0,170.2500001,156.0,3.749999900000006,0.0,152.2500001,0.0
2021-09-08 12:00:00,0.2,117.0,135.5,25.0,0.0,18.5,43.5,0.0
2021-09-08 13:00:00,0.2,182.0,170.2500001,152.0,14.74999950000003,2.9999996000000237,140.2500001,0.0
2021-09-08 14:00:00,0.2,184.0,170.2500001,165.0,13.749999900000006,0.0,151.2500001,0.0
2021-09-08 15:00:00,0.2,173.0,170.2500001,165.0,18.5,15.750000099999994,162.2500001,0.0
2021-09-08 16:00:00,0.2,176.0,170.2500001,166.0,18.499999200000047,12.749999300000042,160.2500001,0.0
2021-09-08 17:00:00,0.2,139.0,157.5,144.0,0.0,18.5,162.5,0.0
2021-09-08 18:00:00,0.2,163.0,170.2500001,164.0,11.249999100000053,18.499999200000047,171.2500001,0.0
2021-09-08 19:00:00,0.2,152.0,163.24999910000005,150.0,0.0,11.249999100000053,161.24999910000005,0.0
2021-09-08 20:00:00,0.2,129.0,129.0,103.0,0.0,0.0,103.0,0.0
2021-09-08 21:00:00,0.2,131.0,131.0,122.0,0.0,0.0,122.0,0.0
2021-09-08 22:00:00,0.2,119.0,119.0,106.0,0.0,0.0,106.0,0.0
2021-09-08 23:00:00,0.2,114.0,114.0,101.0,0.0,0.0,101.0,0.0
2021-09-09 00:00:00,0.0,79.0,79.0,72.0,0.0,0.0,72.0,0.0
2021-09-09 01:00:00,0.0,112.0,112.0,97.0,0.0,0.0,97.0,0.0
2021-09-09 02:00:00,0.0,114.0,114.0,110.0,0.0,0.0,110.0,0.0
2021-09-09 03:00:00,0.0,106.0,106.0,109.0,0.0,0.0,109.0,0.0
2021-09-09 04:00:00,0.0,114.0,114.0,107.0,0.0,0.0,107.0,0.0
2021-09-09 05:00:00,0.0,93.0,93.0,92.0,0.0,0.0,92.0,0.0
2021-09-09 06:00:00,0.0,115.0,115.0,119.0,0.0,0.0,119.0,0.0
2021-09-09 07:00:00,0.0,141.0,141.0,139.0,0.0,0.0,139.0,0.0
2021-09-09 08:00:00,0.0,166.0,166.0,172.0,0.0,0.0,172.0,0.0
2021-09-09 09:00:00,0.0,184.0,184.0,170.0,0.0,0.0,170.0,0.0
2021-09-09 10:00:00,0.0,179.0,179.0,155.0,0.0,0.0,155.0,0.0
2021-09-09 11:00:00,0.0,182.0,182.0,174.0,0.0,0.0,174.0,0.0
2021-09-09 12:00:00,0.0,112.0,112.0,111.0,0.0,0.0,111.0,0.0
2021-09-09 13:00:00,0.0,174.0,174.0,171.0,0.0,0.0,171.0,0.0
2021-09-09 14:00:00,0.0,192.0,192.0,165.0,0.0,0.0,165.0,0.0
2021-09-09 15:00:00,0.0,170.0,170.0,173.0,0.0,0.0,173.0,0.0
2021-09-09 16:00:00,0.0,174.0,174.0,160.0,0.0,0.0,160.0,0.0
2021-09-09 17:00:00,0.0,132.0,132.0,140.0,0.0,0.0,140.0,0.0
2021-09-09 18:00:00,0.0,159.0,159.0,162.0,0.0,0.0,162.0,0.0
2021-09-09 19:00:00,0.0,161.0,161.0,142.0,0.0,0.0,142.0,0.0
2021-09-09 20:00:00,0.0,132.0,132.0,128.0,0.0,0.0,128.0,0.0
2021-09-09 21:00:00,0.0,131.0,131.0,128.0,0.0,0.0,128.0,0.0
2021-09-09 22:00:00,0.0,114.0,114.0,109.0,0.0,0.0,109.0,0.0
2021-09-09 23:00:00,0.0,119.0,119.0,109.0,0.0,0.0,109.0,0.0
2021-09-09 00:00:00,0.05,79.0,79.0,72.0,0.0,0.0,72.0,0.0
2021-09-09 01:00:00,0.05,112.0,112.0,97.0,0.0,0.0,97.0,0.0
2021-09-09 02:00:00,0.05,114.0,114.0,110.0,0.0,0.0,110.0,0.0
2021-09-09 03:00:00,0.05,106.0,106.0,109.0,0.0,0.0,109.0,0.0
2021-09-09 04:00:00,0.05,114.0,114.0,107.0,0.0,0.0,107.0,0.0
2021-09-09 05:00:00,0.05,93.0,93.0,92.0,0.0,0.0,92.0,0.0
2021-09-09 06:00:00,0.05,115.0,115.0,119.0,0.0,0.0,119.0,0.0
2021-09-09 07:00:00,0.05,141.0,141.0,139.0,0.0,0.0,139.0,0.0
2021-09-09 08:00:00,0.05,166.0,166.0,172.0,0.0,0.0,172.0,0.0
2021-09-09 09:00:00,0.05,184.0,182.4000001,170.0,1.5999999000000003,0.0,168.4000001,0.0
2021-09-09 10:00:00,0.05,179.0,180.5999999,155.0,0.0,1.5999999000000003,156.5999999,0.0
2021-09-09 11:00:00,0.05,182.0,182.0,174.0,0.0,0.0,174.0,0.0
2021-09-09 12:00:00,0.05,112.0,113.1999998,111.0,0.0,1.1999998000000005,112.1999998,0.0
2021-09-09 13:00:00,0.05,174.0,174.0,171.0,0.0,0.0,171.0,0.0
2021-09-09 14:00:00,0.05,192.0,182.4000001,165.0,9.5999999,0.0,155.4000001,1.3499999000000003
2021-09-09 15:00:00,0.05,170.0,170.0,173.0,0.0,0.0,173.0,0.0
2021-09-09 16:00:00,0.05,174.0,182.4000001,160.0,0.0,8.4000001,168.4000001,0.0
2021-09-09 17:00:00,0.05,132.0,132.0,140.0,0.0,0.0,140.0,0.0
2021-09-09 18:00:00,0.05,159.0,159.0,162.0,0.0,0.0,162.0,0.0
2021-09-09 19:00:00,0.05,161.0,161.0,142.0,0.0,0.0,142.0,0.0
2021-09-09 20:00:00,0.05,132.0,132.0,128.0,0.0,0.0,128.0,0.0
2021-09-09 21:00:00,0.05,131.0,131.0,128.0,0.0,0.0,128.0,0.0
2021-09-09 22:00:00,0.05,114.0,114.0,109.0,0.0,0.0,109.0,0.0
2021-09-09 23:00:00,0.05,119.0,119.0,109.0,0.0,0.0,109.0,0.0
2021-09-09 00:00:00,0.1,79.0,79.0,72.0,0.0,0.0,72.0,0.0
2021-09-09 01:00:00,0.1,112.0,112.0,97.0,0.0,0.0,97.0,0.0
2021-09-09 02:00:00,0.1,114.0,114.0,110.0,0.0,0.0,110.0,0.0
2021-09-09 03:00:00,0.1,106.0,106.0,109.0,0.0,0.0,109.0,0.0
2021-09-09 04:00:00,0.1,114.0,114.0,107.0,0.0,0.0,107.0,0.0
2021-09-09 05:00:00,0.1,93.0,93.0,92.0,0.0,0.0,92.0,0.0
2021-09-09 06:00:00,0.1,115.0,115.0,119.0,0.0,0.0,119.0,0.0
2021-09-09 07:00:00,0.1,141.0,152.1999999,139.0,0.0,11.199999899999995,150.1999999,0.0
2021-09-09 08:00:00,0.1,166.0,172.1999999,172.0,0.0,6.199999899999995,178.1999999,0.0
2021-09-09 09:00:00,0.1,184.0,172.8000001,170.0,11.199999899999995,0.0,158.8000001,0.0
2021-09-09 10:00:00,0.1,179.0,172.8000001,155.0,6.199999899999995,0.0,148.8000001,0.0
2021-09-09 11:00:00,0.1,182.0,172.8000001,174.0,9.199999899999995,0.0,164.8000001,0.0
2021-09-09 12:00:00,0.1,112.0,131.2,111.0,0.0,19.200000000000003,130.2,0.0
2021-09-09 13:00:00,0.1,174.0,172.8000001,171.0,1.1999998999999946,0.0,169.8000001,0.0
2021-09-09 14:00:00,0.1,192.0,172.8000001,165.0,19.199999899999995,0.0,145.8000001,2.6999998999999946
2021-09-09 15:00:00,0.1,170.0,172.8000001,173.0,0.0,2.8000001000000054,175.8000001,0.0
2021-09-09 16:00:00,0.1,174.0,172.8000001,160.0,8.79999949999997,7.599999599999975,158.80000010000003,0.0
2021-09-09 17:00:00,0.1,132.0,132.0,140.0,0.0,0.0,140.0,0.0
2021-09-09 18:00:00,0.1,159.0,167.79999949999996,162.0,0.0,8.79999949999997,170.79999949999996,0.0
2021-09-09 19:00:00,0.1,161.0,161.0,142.0,0.0,0.0,142.0,0.0
2021-09-09 20:00:00,0.1,132.0,132.0,128.0,0.0,0.0,128.0,0.0
2021-09-09 21:00:00,0.1,131.0,131.0,128.0,0.0,0.0,128.0,0.0
2021-09-09 22:00:00,0.1,114.0,114.0,109.0,0.0,0.0,109.0,0.0
2021-09-09 23:00:00,0.1,119.0,119.0,109.0,0.0,0.0,109.0,0.0
2021-09-09 00:00:00,0.2,79.0,79.0,72.0,0.0,0.0,72.0,0.0
2021-09-09 01:00:00,0.2,112.0,112.0,97.0,0.0,0.0,97.0,0.0
2021-09-09 02:00:00,0.2,114.0,114.0,110.0,0.0,0.0,110.0,0.0
2021-09-09 03:00:00,0.2,106.0,106.0,109.0,0.0,0.0,109.0,0.0
2021-09-09 04:00:00,0.2,114.0,114.0,107.0,0.0,0.0,107.0,0.0
2021-09-09 05:00:00,0.2,93.0,93.0,92.0,0.0,0.0,92.0,0.0
2021-09-09 06:00:00,0.2,115.0,115.0,119.0,0.0,0.0,119.0,0.0
2021-09-09 07:00:00,0.2,141.0,160.2,139.0,0.0,19.200000000000003,158.2,0.0
2021-09-09 08:00:00,0.2,166.0,168.34000009999997,172.0,0.0,2.340000099999969,174.34000009999997,0.0
2021-09-09 09:00:00,0.2,184.0,168.34000009999997,170.0,19.200000000000003,3.540000099999972,154.3400001,0.0
2021-09-09 10:00:00,0.2,179.0,168.34000009999997,155.0,10.659999900000031,0.0,144.34000009999997,0.0
2021-09-09 11:00:00,0.2,182.0,168.34000009999997,174.0,13.659999900000031,0.0,160.34000009999997,0.0
2021-09-09 12:00:00,0.2,112.0,131.2,111.0,0.0,19.200000000000003,130.2,0.0
2021-09-09 13:00:00,0.2,174.0,168.34000009999997,171.0,5.659999900000031,0.0,165.34000009999997,0.0
2021-09-09 14:00:00,0.2,192.0,168.34000009999997,165.0,23.65999990000003,0.0,141.34000009999997,0.0
2021-09-09 15:00:00,0.2,170.0,168.34000009999997,173.0,19.200000000000003,17.540000099999972,171.3400001,0.0
2021-09-09 16:00:00,0.2,174.0,168.34000009999997,160.0,16.67999920000024,11.019999300000208,154.3400001,0.0
2021-09-09 17:00:00,0.2,132.0,151.2,140.0,0.0,19.200000000000003,159.2,0.0
2021-09-09 18:00:00,0.2,159.0,168.34000009999997,162.0,7.33999910000027,16.67999920000024,171.34000009999994,0.0
2021-09-09 19:00:00,0.2,161.0,168.33999910000028,142.0,0.0,7.33999910000027,149.33999910000028,0.0
2021-09-09 20:00:00,0.2,132.0,132.0,128.0,0.0,0.0,128.0,0.0
2021-09-09 21:00:00,0.2,131.0,131.0,128.0,0.0,0.0,128.0,0.0
2021-09-09 22:00:00,0.2,114.0,114.0,109.0,0.0,0.0,109.0,0.0
2021-09-09 23:00:00,0.2,119.0,119.0,109.0,0.0,0.0,109.0,0.0
2021-09-10 00:00:00,0.0,69.0,69.0,77.0,0.0,0.0,77.0,0.0
2021-09-10 01:00:00,0.0,109.0,109.0,102.0,0.0,0.0,102.0,0.0
2021-09-10 02:00:00,0.0,112.0,112.0,112.0,0.0,0.0,112.0,0.0
2021-09-10 03:00:00,0.0,110.0,110.0,106.0,0.0,0.0,106.0,0.0
2021-09-10 04:00:00,0.0,107.0,107.0,108.0,0.0,0.0,108.0,0.0
2021-09-10 05:00:00,0.0,93.0,93.0,92.0,0.0,0.0,92.0,0.0
2021-09-10 06:00:00,0.0,107.0,107.0,111.0,0.0,0.0,111.0,0.0
2021-09-10 07:00:00,0.0,134.0,134.0,132.0,0.0,0.0,132.0,0.0
2021-09-10 08:00:00,0.0,170.0,170.0,180.0,0.0,0.0,180.0,0.0
2021-09-10 09:00:00,0.0,171.0,171.0,184.0,0.0,0.0,184.0,0.0
2021-09-10 10:00:00,0.0,163.0,163.0,168.0,0.0,0.0,168.0,0.0
2021-09-10 11:00:00,0.0,187.0,187.0,181.0,0.0,0.0,181.0,0.0
2021-09-10 12:00:00,0.0,108.0,108.0,116.0,0.0,0.0,116.0,0.0
2021-09-10 13:00:00,0.0,169.0,169.0,180.0,0.0,0.0,180.0,0.0
2021-09-10 14:00:00,0.0,178.0,178.0,178.0,0.0,0.0,178.0,0.0
2021-09-10 15:00:00,0.0,154.0,154.0,171.0,0.0,0.0,171.0,0.0
2021-09-10 16:00:00,0.0,161.0,161.0,164.0,0.0,0.0,164.0,0.0
2021-09-10 17:00:00,0.0,147.0,147.0,138.0,0.0,0.0,138.0,0.0
2021-09-10 18:00:00,0.0,154.0,154.0,155.0,0.0,0.0,155.0,0.0
2021-09-10 19:00:00,0.0,143.0,143.0,142.0,0.0,0.0,142.0,0.0
2021-09-10 20:00:00,0.0,115.0,115.0,116.0,0.0,0.0,116.0,0.0
2021-09-10 21:00:00,0.0,110.0,110.0,117.0,0.0,0.0,117.0,0.0
2021-09-10 22:00:00,0.0,105.0,105.0,102.0,0.0,0.0,102.0,0.0
2021-09-10 23:00:00,0.0,101.0,101.0,88.0,0.0,0.0,88.0,0.0
2021-09-10 00:00:00,0.05,69.0,69.0,77.0,0.0,0.0,77.0,0.0
2021-09-10 01:00:00,0.05,109.0,109.0,102.0,0.0,0.0,102.0,0.0
2021-09-10 02:00:00,0.05,112.0,112.0,112.0,0.0,0.0,112.0,0.0
2021-09-10 03:00:00,0.05,110.0,110.0,106.0,0.0,0.0,106.0,0.0
2021-09-10 04:00:00,0.05,107.0,107.0,108.0,0.0,0.0,108.0,0.0
2021-09-10 05:00:00,0.05,93.0,93.0,92.0,0.0,0.0,92.0,0.0
2021-09-10 06:00:00,0.05,107.0,107.0,111.0,0.0,0.0,111.0,0.0
2021-09-10 07:00:00,0.05,134.0,134.0,132.0,0.0,0.0,132.0,0.0
2021-09-10 08:00:00,0.05,170.0,170.0,180.0,0.0,0.0,180.0,0.0
2021-09-10 09:00:00,0.05,171.0,171.0,184.0,0.0,0.0,184.0,0.0
2021-09-10 10:00:00,0.05,163.0,163.0,168.0,0.0,0.0,168.0,0.0
2021-09-10 11:00:00,0.05,187.0,177.6500001,181.0,9.3499999,0.0,171.6500001,0.29999989999999954
2021-09-10 12:00:00,0.05,108.0,117.3499999,116.0,0.0,9.3499999,125.3499999,0.0
2021-09-10 13:00:00,0.05,169.0,169.3499999,180.0,0.0,0.34999990000000025,180.3499999,0.0
2021-09-10 14:00:00,0.05,178.0,177.6500001,178.0,0.34999990000000025,0.0,177.6500001,0.0
2021-09-10 15:00:00,0.05,154.0,154.0,171.0,0.0,0.0,171.0,0.0
2021-09-10 16:00:00,0.05,161.0,161.0,164.0,0.0,0.0,164.0,0.0
2021-09-10 17:00:00,0.05,147.0,147.0,138.0,0.0,0.0,138.0,0.0
2021-09-10 18:00:00,0.05,154.0,154.0,155.0,0.0,0.0,155.0,0.0
2021-09-10 19:00:00,0.05,143.0,143.0,142.0,0.0,0.0,142.0,0.0
2021-09-10 20:00:00,0.05,115.0,115.0,116.0,0.0,0.0,116.0,0.0
2021-09-10 21:00:00,0.05,110.0,110.0,117.0,0.0,0.0,117.0,0.0
2021-09-10 22:00:00,0.05,105.0,105.0,102.0,0.0,0.0,102.0,0.0
2021-09-10 23:00:00,0.05,101.0,101.0,88.0,0.0,0.0,88.0,0.0
2021-09-10 00:00:00,0.1,69.0,69.0,77.0,0.0,0.0,77.0,0.0
2021-09-10 01:00:00,0.1,109.0,109.0,102.0,0.0,0.0,102.0,0.0
2021-09-10 02:00:00,0.1,112.0,112.0,112.0,0.0,0.0,112.0,0.0
2021-09-10 03:00:00,0.1,110.0,110.0,106.0,0.0,0.0,106.0,0.0
2021-09-10 04:00:00,0.1,107.0,107.0,108.0,0.0,0.0,108.0,0.0
2021-09-10 05:00:00,0.1,93.0,93.0,92.0,0.0,0.0,92.0,0.0
2021-09-10 06:00:00,0.1,107.0,107.0,111.0,0.0,0.0,111.0,0.0
2021-09-10 07:00:00,0.1,134.0,136.6999999,132.0,0.0,2.6999998999999946,134.6999999,0.0
2021-09-10 08:00:00,0.1,170.0,168.3000001,180.0,1.6999998999999946,0.0,178.3000001,0.0
2021-09-10 09:00:00,0.1,171.0,168.3000001,184.0,2.6999998999999946,0.0,181.3000001,0.0
2021-09-10 10:00:00,0.1,163.0,168.3000001,168.0,0.0,5.300000100000005,173.3000001,0.0
2021-09-10 11:00:00,0.1,187.0,168.3000001,181.0,18.699999899999995,0.0,162.3000001,0.5999998999999931
2021-09-10 12:00:00,0.1,108.0,123.79999959999998,116.0,0.0,15.799999599999978,131.79999959999998,0.0
2021-09-10 13:00:00,0.1,169.0,168.3000001,180.0,0.6999998999999946,0.0,179.3000001,0.0
2021-09-10 14:00:00,0.1,178.0,168.3000001,178.0,9.699999899999995,0.0,168.3000001,0.0
2021-09-10 15:00:00,0.1,154.0,163.6999999,171.0,0.0,9.699999899999995,180.6999999,0.0
2021-09-10 16:00:00,0.1,161.0,161.0,164.0,0.0,0.0,164.0,0.0
2021-09-10 17:00:00,0.1,147.0,147.0,138.0,0.0,0.0,138.0,0.0
2021-09-10 18:00:00,0.1,154.0,154.0,155.0,0.0,0.0,155.0,0.0
2021-09-10 19:00:00,0.1,143.0,143.0,142.0,0.0,0.0,142.0,0.0
2021-09-10 20:00:00,0.1,115.0,115.0,116.0,0.0,0.0,116.0,0.0
2021-09-10 21:00:00,0.1,110.0,110.0,117.0,0.0,0.0,117.0,0.0
2021-09-10 22:00:00,0.1,105.0,105.0,102.0,0.0,0.0,102.0,0.0
2021-09-10 23:00:00,0.1,101.0,101.0,88.0,0.0,0.0,88.0,0.0
2021-09-10 00:00:00,0.2,69.0,69.0,77.0,0.0,0.0,77.0,0.0
2021-09-10 01:00:00,0.2,109.0,109.0,102.0,0.0,0.0,102.0,0.0
2021-09-10 02:00:00,0.2,112.0,112.0,112.0,0.0,0.0,112.0,0.0
2021-09-10 03:00:00,0.2,110.0,110.0,106.0,0.0,0.0,106.0,0.0
2021-09-10 04:00:00,0.2,107.0,107.0,108.0,0.0,0.0,108.0,0.0
2021-09-10 05:00:00,0.2,93.0,93.0,92.0,0.0,0.0,92.0,0.0
2021-09-10 06:00:00,0.2,107.0,107.0,111.0,0.0,0.0,111.0,0.0
2021-09-10 07:00:00,0.2,134.0,152.7,132.0,0.0,18.7,150.7,0.0
2021-09-10 08:00:00,0.2,170.0,160.53333343333335,180.0,9.466666566666646,0.0,170.53333343333335,0.0
2021-09-10 09:00:00,0.2,171.0,160.53333343333335,184.0,10.466666566666646,0.0,173.53333343333335,0.0
2021-09-10 10:00:00,0.2,163.0,160.53333343333335,168.0,3.699999699999939,1.2333331333332929,165.53333343333335,0.0
2021-09-10 11:00:00,0.2,187.0,160.53333343333335,181.0,26.466666566666646,0.0,154.53333343333335,0.0
2021-09-10 12:00:00,0.2,108.0,126.7,116.0,0.0,18.7,134.7,0.0
2021-09-10 13:00:00,0.2,169.0,160.53333343333335,180.0,19.933332833333232,11.466666266666586,171.53333343333335,0.0
2021-09-10 14:00:00,0.2,178.0,160.53333343333335,178.0,18.69999939999988,1.2333328333332325,160.53333343333335,0.0
2021-09-10 15:00:00,0.2,154.0,160.53333343333335,171.0,12.166666566666645,18.7,177.53333343333335,0.0
2021-09-10 16:00:00,0.2,161.0,160.53333343333335,164.0,19.166665966666525,18.69999939999988,163.53333343333335,0.0
2021-09-10 17:00:00,0.2,147.0,160.53333343333335,138.0,0.0,13.533333433333354,151.53333343333335,0.0
2021-09-10 18:00:00,0.2,154.0,160.53333343333335,155.0,11.266665666666462,17.799999099999816,161.53333343333335,0.0
2021-09-10 19:00:00,0.2,143.0,154.26666566666646,142.0,0.0,11.266665666666462,153.26666566666646,0.0
2021-09-10 20:00:00,0.2,115.0,115.0,116.0,0.0,0.0,116.0,0.0
2021-09-10 21:00:00,0.2,110.0,110.0,117.0,0.0,0.0,117.0,0.0
2021-09-10 22:00:00,0.2,105.0,105.0,102.0,0.0,0.0,102.0,0.0
2021-09-10 23:00:00,0.2,101.0,101.0,88.0,0.0,0.0,88.0,0.0
2021-09-11 00:00:00,0.0,64.0,64.0,61.0,0.0,0.0,61.0,0.0
2021-09-11 01:00:00,0.0,106.0,106.0,97.0,0.0,0.0,97.0,0.0
2021-09-11 02:00:00,0.0,104.0,104.0,95.0,0.0,0.0,95.0,0.0
2021-09-11 03:00:00,0.0,98.0,98.0,94.0,0.0,0.0,94.0,0.0
2021-09-11 04:00:00,0.0,109.0,109.0,89.0,0.0,0.0,89.0,0.0
2021-09-11 05:00:00,0.0,88.0,88.0,82.0,0.0,0.0,82.0,0.0
2021-09-11 06:00:00,0.0,111.0,111.0,86.0,0.0,0.0,86.0,0.0
2021-09-11 07:00:00,0.0,70.0,70.0,51.0,0.0,0.0,51.0,0.0
2021-09-11 08:00:00,0.0,33.0,33.0,23.0,0.0,0.0,23.0,0.0
2021-09-11 09:00:00,0.0,32.0,32.0,23.0,0.0,0.0,23.0,0.0
2021-09-11 10:00:00,0.0,34.0,34.0,22.0,0.0,0.0,22.0,0.0
2021-09-11 11:00:00,0.0,32.0,32.0,23.0,0.0,0.0,23.0,0.0
2021-09-11 12:00:00,0.0,33.0,33.0,25.0,0.0,0.0,25.0,0.0
2021-09-11 13:00:00,0.0,34.0,34.0,23.0,0.0,0.0,23.0,0.0
2021-09-11 14:00:00,0.0,34.0,34.0,23.0,0.0,0.0,23.0,0.0
2021-09-11 15:00:00,0.0,33.0,33.0,24.0,0.0,0.0,24.0,0.0
2021-09-11 16:00:00,0.0,36.0,36.0,24.0,0.0,0.0,24.0,0.0
2021-09-11 17:00:00,0.0,35.0,35.0,23.0,0.0,0.0,23.0,0.0
2021-09-11 18:00:00,0.0,26.0,26.0,23.0,0.0,0.0,23.0,0.0
2021-09-11 19:00:00,0.0,23.0,23.0,25.0,0.0,0.0,25.0,0.0
2021-09-11 20:00:00,0.0,25.0,25.0,23.0,0.0,0.0,23.0,0.0
2021-09-11 21:00:00,0.0,23.0,23.0,23.0,0.0,0.0,23.0,0.0
2021-09-11 22:00:00,0.0,23.0,23.0,23.0,0.0,0.0,23.0,0.0
2021-09-11 23:00:00,0.0,23.0,23.0,23.0,0.0,0.0,23.0,0.0
2021-09-11 00:00:00,0.05,64.0,64.0,61.0,0.0,0.0,61.0,0.0
2021-09-11 01:00:00,0.05,106.0,106.0,97.0,0.0,0.0,97.0,0.0
2021-09-11 02:00:00,0.05,104.0,104.0,95.0,0.0,0.0,95.0,0.0
2021-09-11 03:00:00,0.05,98.0,98.0,94.0,0.0,0.0,94.0,0.0
2021-09-11 04:00:00,0.05,109.0,109.0,89.0,0.0,0.0,89.0,0.0
2021-09-11 05:00:00,0.05,88.0,88.0,82.0,0.0,0.0,82.0,0.0
2021-09-11 06:00:00,0.05,111.0,111.0,86.0,0.0,0.0,86.0,0.0
2021-09-11 07:00:00,0.05,70.0,70.0,51.0,0.0,0.0,51.0,0.0
2021-09-11 08:00:00,0.05,33.0,33.0,23.0,0.0,0.0,23.0,0.0
2021-09-11 09:00:00,0.05,32.0,32.0,23.0,0.0,0.0,23.0,0.0
2021-09-11 10:00:00,0.05,34.0,34.0,22.0,0.0,0.0,22.0,0.0
2021-09-11 11:00:00,0.05,32.0,32.0,23.0,0.0,0.0,23.0,0.0
2021-09-11 12:00:00,0.05,33.0,33.0,25.0,0.0,0.0,25.0,0.0
2021-09-11 13:00:00,0.05,34.0,34.0,23.0,0.0,0.0,23.0,0.0
2021-09-11 14:00:00,0.05,34.0,34.0,23.0,0.0,0.0,23.0,0.0
2021-09-11 15:00:00,0.05,33.0,33.0,24.0,0.0,0.0,24.0,0.0
2021-09-11 16:00:00,0.05,36.0,36.0,24.0,0.0,0.0,24.0,0.0
2021-09-11 17:00:00,0.05,35.0,35.0,23.0,0.0,0.0,23.0,0.0
2021-09-11 18:00:00,0.05,26.0,26.0,23.0,0.0,0.0,23.0,0.0
2021-09-11 19:00:00,0.05,23.0,23.0,25.0,0.0,0.0,25.0,0.0
2021-09-11 20:00:00,0.05,25.0,25.0,23.0,0.0,0.0,23.0,0.0
2021-09-11 21:00:00,0.05,23.0,23.0,23.0,0.0,0.0,23.0,0.0
2021-09-11 22:00:00,0.05,23.0,23.0,23.0,0.0,0.0,23.0,0.0
2021-09-11 23:00:00,0.05,23.0,23.0,23.0,0.0,0.0,23.0,0.0
2021-09-11 00:00:00,0.1,64.0,64.0,61.0,0.0,0.0,61.0,0.0
2021-09-11 01:00:00,0.1,106.0,106.0,97.0,0.0,0.0,97.0,0.0
2021-09-11 02:00:00,0.1,104.0,104.0,95.0,0.0,0.0,95.0,0.0
2021-09-11 03:00:00,0.1,98.0,98.0,94.0,0.0,0.0,94.0,0.0
2021-09-11 04:00:00,0.1,109.0,109.0,89.0,0.0,0.0,89.0,0.0
2021-09-11 05:00:00,0.1,88.0,88.0,82.0,0.0,0.0,82.0,0.0
2021-09-11 06:00:00,0.1,111.0,111.0,86.0,0.0,0.0,86.0,0.0
2021-09-11 07:00:00,0.1,70.0,70.0,51.0,0.0,0.0,51.0,0.0
2021-09-11 08:00:00,0.1,33.0,33.0,23.0,0.0,0.0,23.0,0.0
2021-09-11 09:00:00,0.1,32.0,32.0,23.0,0.0,0.0,23.0,0.0
2021-09-11 10:00:00,0.1,34.0,34.0,22.0,0.0,0.0,22.0,0.0
2021-09-11 11:00:00,0.1,32.0,32.0,23.0,0.0,0.0,23.0,0.0
2021-09-11 12:00:00,0.1,33.0,33.0,25.0,0.0,0.0,25.0,0.0
2021-09-11 13:00:00,0.1,34.0,34.0,23.0,0.0,0.0,23.0,0.0
2021-09-11 14:00:00,0.1,34.0,34.0,23.0,0.0,0.0,23.0,0.0
2021-09-11 15:00:00,0.1,33.0,33.0,24.0,0.0,0.0,24.0,0.0
2021-09-11 16:00:00,0.1,36.0,36.0,24.0,0.0,0.0,24.0,0.0
2021-09-11 17:00:00,0.1,35.0,35.0,23.0,0.0,0.0,23.0,0.0
2021-09-11 18:00:00,0.1,26.0,26.0,23.0,0.0,0.0,23.0,0.0
2021-09-11 19:00:00,0.1,23.0,23.0,25.0,0.0,0.0,25.0,0.0
2021-09-11 20:00:00,0.1,25.0,25.0,23.0,0.0,0.0,23.0,0.0
2021-09-11 21:00:00,0.1,23.0,23.0,23.0,0.0,0.0,23.0,0.0
2021-09-11 22:00:00,0.1,23.0,23.0,23.0,0.0,0.0,23.0,0.0
2021-09-11 23:00:00,0.1,23.0,23.0,23.0,0.0,0.0,23.0,0.0
2021-09-11 00:00:00,0.2,64.0,64.0,61.0,0.0,0.0,61.0,0.0
2021-09-11 01:00:00,0.2,106.0,106.0,97.0,0.0,0.0,97.0,0.0
2021-09-11 02:00:00,0.2,104.0,104.0,95.0,0.0,0.0,95.0,0.0
2021-09-11 03:00:00,0.2,98.0,98.0,94.0,0.0,0.0,94.0,0.0
2021-09-11 04:00:00,0.2,109.0,109.0,89.0,0.0,0.0,89.0,0.0
2021-09-11 05:00:00,0.2,88.0,88.0,82.0,0.0,0.0,82.0,0.0
2021-09-11 06:00:00,0.2,111.0,111.0,86.0,0.0,0.0,86.0,0.0
2021-09-11 07:00:00,0.2,70.0,70.0,51.0,0.0,0.0,51.0,0.0
2021-09-11 08:00:00,0.2,33.0,33.0,23.0,0.0,0.0,23.0,0.0
2021-09-11 09:00:00,0.2,32.0,32.0,23.0,0.0,0.0,23.0,0.0
2021-09-11 10:00:00,0.2,34.0,34.0,22.0,0.0,0.0,22.0,0.0
2021-09-11 11:00:00,0.2,32.0,32.0,23.0,0.0,0.0,23.0,0.0
2021-09-11 12:00:00,0.2,33.0,33.0,25.0,0.0,0.0,25.0,0.0
2021-09-11 13:00:00,0.2,34.0,34.0,23.0,0.0,0.0,23.0,0.0
2021-09-11 14:00:00,0.2,34.0,34.0,23.0,0.0,0.0,23.0,0.0
2021-09-11 15:00:00,0.2,33.0,33.0,24.0,0.0,0.0,24.0,0.0
2021-09-11 16:00:00,0.2,36.0,36.0,24.0,0.0,0.0,24.0,0.0
2021-09-11 17:00:00,0.2,35.0,35.0,23.0,0.0,0.0,23.0,0.0
2021-09-11 18:00:00,0.2,26.0,26.0,23.0,0.0,0.0,23.0,0.0
2021-09-11 19:00:00,0.2,23.0,23.0,25.0,0.0,0.0,25.0,0.0
2021-09-11 20:00:00,0.2,25.0,25.0,23.0,0.0,0.0,23.0,0.0
2021-09-11 21:00:00,0.2,23.0,23.0,23.0,0.0,0.0,23.0,0.0
2021-09-11 22:00:00,0.2,23.0,23.0,23.0,0.0,0.0,23.0,0.0
2021-09-11 23:00:00,0.2,23.0,23.0,23.0,0.0,0.0,23.0,0.0
2021-09-12 00:00:00,0.0,24.0,24.0,23.0,0.0,0.0,23.0,0.0
2021-09-12 01:00:00,0.0,22.0,22.0,23.0,0.0,0.0,23.0,0.0
2021-09-12 02:00:00,0.0,22.0,22.0,24.0,0.0,0.0,24.0,0.0
2021-09-12 03:00:00,0.0,22.0,22.0,23.0,0.0,0.0,23.0,0.0
2021-09-12 04:00:00,0.0,24.0,24.0,23.0,0.0,0.0,23.0,0.0
2021-09-12 05:00:00,0.0,22.0,22.0,23.0,0.0,0.0,23.0,0.0
2021-09-12 06:00:00,0.0,22.0,22.0,23.0,0.0,0.0,23.0,0.0
2021-09-12 07:00:00,0.0,22.0,22.0,23.0,0.0,0.0,23.0,0.0
2021-09-12 08:00:00,0.0,25.0,25.0,25.0,0.0,0.0,25.0,0.0
2021-09-12 09:00:00,0.0,22.0,22.0,23.0,0.0,0.0,23.0,0.0
2021-09-12 10:00:00,0.0,22.0,22.0,23.0,0.0,0.0,23.0,0.0
2021-09-12 11:00:00,0.0,22.0,22.0,23.0,0.0,0.0,23.0,0.0
2021-09-12 12:00:00,0.0,24.0,24.0,23.0,0.0,0.0,23.0,0.0
2021-09-12 13:00:00,0.0,22.0,22.0,23.0,0.0,0.0,23.0,0.0
2021-09-12 14:00:00,0.0,23.0,23.0,25.0,0.0,0.0,25.0,0.0
2021-09-12 15:00:00,0.0,24.0,24.0,23.0,0.0,0.0,23.0,0.0
2021-09-12 16:00:00,0.0,23.0,23.0,24.0,0.0,0.0,24.0,0.0
2021-09-12 17:00:00,0.0,23.0,23.0,23.0,0.0,0.0,23.0,0.0
2021-09-12 18:00:00,0.0,22.0,22.0,23.0,0.0,0.0,23.0,0.0
2021-09-12 19:00:00,0.0,24.0,24.0,23.0,0.0,0.0,23.0,0.0
2021-09-12 20:00:00,0.0,23.0,23.0,23.0,0.0,0.0,23.0,0.0
2021-09-12 21:00:00,0.0,23.0,23.0,25.0,0.0,0.0,25.0,0.0
2021-09-12 22:00:00,0.0,24.0,24.0,23.0,0.0,0.0,23.0,0.0
2021-09-12 23:00:00,0.0,23.0,23.0,23.0,0.0,0.0,23.0,0.0
2021-09-12 00:00:00,0.05,24.0,24.0,23.0,0.0,0.0,23.0,0.0
2021-09-12 01:00:00,0.05,22.0,22.0,23.0,0.0,0.0,23.0,0.0
2021-09-12 02:00:00,0.05,22.0,22.0,24.0,0.0,0.0,24.0,0.0
2021-09-12 03:00:00,0.05,22.0,22.0,23.0,0.0,0.0,23.0,0.0
2021-09-12 04:00:00,0.05,24.0,24.0,23.0,0.0,0.0,23.0,0.0
2021-09-12 05:00:00,0.05,22.0,22.0,23.0,0.0,0.0,23.0,0.0
2021-09-12 06:00:00,0.05,22.0,22.0,23.0,0.0,0.0,23.0,0.0
2021-09-12 07:00:00,0.05,22.0,22.0,23.0,0.0,0.0,23.0,0.0
2021-09-12 08:00:00,0.05,25.0,24.0000001,25.0,0.9999998999999988,0.0,24.0000001,0.0
2021-09-12 09:00:00,0.05,22.0,22.0,23.0,0.0,0.0,23.0,0.0
2021-09-12 10:00:00,0.05,22.0,22.9999999,23.0,0.0,0.9999998999999988,23.9999999,0.0
2021-09-12 11:00:00,0.05,22.0,22.0,23.0,0.0,0.0,23.0,0.0
2021-09-12 12:00:00,0.05,24.0,24.0,23.0,0.0,0.0,23.0,0.0
2021-09-12 13:00:00,0.05,22.0,22.0,23.0,0.0,0.0,23.0,0.0
2021-09-12 14:00:00,0.05,23.0,23.0,25.0,0.0,0.0,25.0,0.0
2021-09-12 15:00:00,0.05,24.0,24.0,23.0,0.0,0.0,23.0,0.0
2021-09-12 16:00:00,0.05,23.0,23.0,24.0,0.0,0.0,24.0,0.0
2021-09-12 17:00:00,0.05,23.0,23.0,23.0,0.0,0.0,23.0,0.0
2021-09-12 18:00:00,0.05,22.0,22.0,23.0,0.0,0.0,23.0,0.0
2021-09-12 19:00:00,0.05,24.0,24.0,23.0,0.0,0.0,23.0,0.0
2021-09-12 20:00:00,0.05,23.0,23.0,23.0,0.0,0.0,23.0,0.0
2021-09-12 21:00:00,0.05,23.0,23.0,25.0,0.0,0.0,25.0,0.0
2021-09-12 22:00:00,0.05,24.0,24.0,23.0,0.0,0.0,23.0,0.0
2021-09-12 23:00:00,0.05,23.0,23.0,23.0,0.0,0.0,23.0,0.0
2021-09-12 00:00:00,0.1,24.0,24.0,23.0,0.0,0.0,23.0,0.0
2021-09-12 01:00:00,0.1,22.0,22.0,23.0,0.0,0.0,23.0,0.0
2021-09-12 02:00:00,0.1,22.0,22.0,24.0,0.0,0.0,24.0,0.0
2021-09-12 03:00:00,0.1,22.0,22.0,23.0,0.0,0.0,23.0,0.0
2021-09-12 04:00:00,0.1,24.0,24.0,23.0,0.0,0.0,23.0,0.0
2021-09-12 05:00:00,0.1,22.0,22.0,23.0,0.0,0.0,23.0,0.0
2021-09-12 06:00:00,0.1,22.0,22.0,23.0,0.0,0.0,23.0,0.0
2021-09-12 07:00:00,0.1,22.0,22.0,23.0,0.0,0.0,23.0,0.0
2021-09-12 08:00:00,0.1,25.0,24.0000001,25.0,0.9999998999999988,0.0,24.0000001,0.0
2021-09-12 09:00:00,0.1,22.0,22.0,23.0,0.0,0.0,23.0,0.0
2021-09-12 10:00:00,0.1,22.0,22.9999999,23.0,0.0,0.9999998999999988,23.9999999,0.0
2021-09-12 11:00:00,0.1,22.0,22.0,23.0,0.0,0.0,23.0,0.0
2021-09-12 12:00:00,0.1,24.0,24.0,23.0,0.0,0.0,23.0,0.0
2021-09-12 13:00:00,0.1,22.0,22.0,23.0,0.0,0.0,23.0,0.0
2021-09-12 14:00:00,0.1,23.0,23.0,25.0,0.0,0.0,25.0,0.0
2021-09-12 15:00:00,0.1,24.0,24.0,23.0,0.0,0.0,23.0,0.0
2021-09-12 16:00:00,0.1,23.0,23.0,24.0,0.0,0.0,24.0,0.0
2021-09-12 17:00:00,0.1,23.0,23.0,23.0,0.0,0.0,23.0,0.0
2021-09-12 18:00:00,0.1,22.0,22.0,23.0,0.0,0.0,23.0,0.0
2021-09-12 19:00:00,0.1,24.0,24.0,23.0,0.0,0.0,23.0,0.0
2021-09-12 20:00:00,0.1,23.0,23.0,23.0,0.0,0.0,23.0,0.0
2021-09-12 21:00:00,0.1,23.0,23.0,25.0,0.0,0.0,25.0,0.0
2021-09-12 22:00:00,0.1,24.0,24.0,23.0,0.0,0.0,23.0,0.0
2021-09-12 23:00:00,0.1,23.0,23.0,23.0,0.0,0.0,23.0,0.0
2021-09-12 00:00:00,0.2,24.0,24.0,23.0,0.0,0.0,23.0,0.0
2021-09-12 01:00:00,0.2,22.0,22.0,23.0,0.0,0.0,23.0,0.0
2021-09-12 02:00:00,0.2,22.0,22.0,24.0,0.0,0.0,24.0,0.0
2021-09-12 03:00:00,0.2,22.0,22.0,23.0,0.0,0.0,23.0,0.0
2021-09-12 04:00:00,0.2,24.0,24.0,23.0,0.0,0.0,23.0,0.0
2021-09-12 05:00:00,0.2,22.0,22.0,23.0,0.0,0.0,23.0,0.0
2021-09-12 06:00:00,0.2,22.0,22.0,23.0,0.0,0.0,23.0,0.0
2021-09-12 07:00:00,0.2,22.0,22.0,23.0,0.0,0.0,23.0,0.0
2021-09-12 08:00:00,0.2,25.0,24.0000001,25.0,0.9999998999999988,0.0,24.0000001,0.0
2021-09-12 09:00:00,0.2,22.0,22.0,23.0,0.0,0.0,23.0,0.0
2021-09-12 10:00:00,0.2,22.0,22.9999999,23.0,0.0,0.9999998999999988,23.9999999,0.0
2021-09-12 11:00:00,0.2,22.0,22.0,23.0,0.0,0.0,23.0,0.0
2021-09-12 12:00:00,0.2,24.0,24.0,23.0,0.0,0.0,23.0,0.0
2021-09-12 13:00:00,0.2,22.0,22.0,23.0,0.0,0.0,23.0,0.0
2021-09-12 14:00:00,0.2,23.0,23.0,25.0,0.0,0.0,25.0,0.0
2021-09-12 15:00:00,0.2,24.0,24.0,23.0,0.0,0.0,23.0,0.0
2021-09-12 16:00:00,0.2,23.0,23.0,24.0,0.0,0.0,24.0,0.0
2021-09-12 17:00:00,0.2,23.0,23.0,23.0,0.0,0.0,23.0,0.0
2021-09-12 18:00:00,0.2,22.0,22.0,23.0,0.0,0.0,23.0,0.0
2021-09-12 19:00:00,0.2,24.0,24.0,23.0,0.0,0.0,23.0,0.0
2021-09-12 20:00:00,0.2,23.0,23.0,23.0,0.0,0.0,23.0,0.0
2021-09-12 21:00:00,0.2,23.0,23.0,25.0,0.0,0.0,25.0,0.0
2021-09-12 22:00:00,0.2,24.0,24.0,23.0,0.0,0.0,23.0,0.0
2021-09-12 23:00:00,0.2,23.0,23.0,23.0,0.0,0.0,23.0,0.0
2021-09-13 00:00:00,0.0,22.0,22.0,23.0,0.0,0.0,23.0,0.0
2021-09-13 01:00:00,0.0,22.0,22.0,23.0,0.0,0.0,23.0,0.0
2021-09-13 02:00:00,0.0,24.0,24.0,23.0,0.0,0.0,23.0,0.0
2021-09-13 03:00:00,0.0,22.0,22.0,24.0,0.0,0.0,24.0,0.0
2021-09-13 04:00:00,0.0,22.0,22.0,24.0,0.0,0.0,24.0,0.0
2021-09-13 05:00:00,0.0,23.0,23.0,23.0,0.0,0.0,23.0,0.0
2021-09-13 06:00:00,0.0,24.0,24.0,23.0,0.0,0.0,23.0,0.0
2021-09-13 07:00:00,0.0,52.0,52.0,63.0,0.0,0.0,63.0,0.0
2021-09-13 08:00:00,0.0,171.0,171.0,185.0,0.0,0.0,185.0,0.0
2021-09-13 09:00:00,0.0,157.0,157.0,183.0,0.0,0.0,183.0,0.0
2021-09-13 10:00:00,0.0,171.0,171.0,177.0,0.0,0.0,177.0,0.0
2021-09-13 11:00:00,0.0,176.0,176.0,182.0,0.0,0.0,182.0,0.0
2021-09-13 12:00:00,0.0,109.0,109.0,117.0,0.0,0.0,117.0,0.0
2021-09-13 13:00:00,0.0,160.0,160.0,184.0,0.0,0.0,184.0,0.0
2021-09-13 14:00:00,0.0,160.0,160.0,180.0,0.0,0.0,180.0,0.0
2021-09-13 15:00:00,0.0,158.0,158.0,168.0,0.0,0.0,168.0,0.0
2021-09-13 16:00:00,0.0,146.0,146.0,175.0,0.0,0.0,175.0,0.0
2021-09-13 17:00:00,0.0,128.0,128.0,132.0,0.0,0.0,132.0,0.0
2021-09-13 18:00:00,0.0,152.0,152.0,145.0,0.0,0.0,145.0,0.0
2021-09-13 19:00:00,0.0,135.0,135.0,148.0,0.0,0.0,148.0,0.0
2021-09-13 20:00:00,0.0,121.0,121.0,121.0,0.0,0.0,121.0,0.0
2021-09-13 21:00:00,0.0,123.0,123.0,123.0,0.0,0.0,123.0,0.0
2021-09-13 22:00:00,0.0,110.0,110.0,110.0,0.0,0.0,110.0,0.0
2021-09-13 23:00:00,0.0,104.0,104.0,108.0,0.0,0.0,108.0,0.0
2021-09-13 00:00:00,0.05,22.0,22.0,23.0,0.0,0.0,23.0,0.0
2021-09-13 01:00:00,0.05,22.0,22.0,23.0,0.0,0.0,23.0,0.0
2021-09-13 02:00:00,0.05,24.0,24.0,23.0,0.0,0.0,23.0,0.0
2021-09-13 03:00:00,0.05,22.0,22.0,24.0,0.0,0.0,24.0,0.0
2021-09-13 04:00:00,0.05,22.0,22.0,24.0,0.0,0.0,24.0,0.0
2021-09-13 05:00:00,0.05,23.0,23.0,23.0,0.0,0.0,23.0,0.0
2021-09-13 06:00:00,0.05,24.0,24.0,23.0,0.0,0.0,23.0,0.0
2021-09-13 07:00:00,0.05,52.0,52.0,63.0,0.0,0.0,63.0,0.0
2021-09-13 08:00:00,0.05,171.0,167.20000009999998,185.0,3.7999999000000173,0.0,181.20000009999998,0.0
2021-09-13 09:00:00,0.05,157.0,167.20000009999998,183.0,0.0,10.200000099999983,193.20000009999998,0.0
2021-09-13 10:00:00,0.05,171.0,167.20000009999998,177.0,3.7999999000000173,0.0,173.20000009999998,0.0
2021-09-13 11:00:00,0.05,176.0,167.20000009999998,182.0,8.799999900000017,0.0,173.20000009999998,0.0
2021-09-13 12:00:00,0.05,109.0,115.19999960000007,117.0,0.0,6.199999600000069,123.19999960000007,0.0
2021-09-13 13:00:00,0.05,160.0,160.0,184.0,0.0,0.0,184.0,0.0
2021-09-13 14:00:00,0.05,160.0,160.0,180.0,0.0,0.0,180.0,0.0
2021-09-13 15:00:00,0.05,158.0,158.0,168.0,0.0,0.0,168.0,0.0
2021-09-13 16:00:00,0.05,146.0,146.0,175.0,0.0,0.0,175.0,0.0
2021-09-13 17:00:00,0.05,128.0,128.0,132.0,0.0,0.0,132.0,0.0
2021-09-13 18:00:00,0.05,152.0,152.0,145.0,0.0,0.0,145.0,0.0
2021-09-13 19:00:00,0.05,135.0,135.0,148.0,0.0,0.0,148.0,0.0
2021-09-13 20:00:00,0.05,121.0,121.0,121.0,0.0,0.0,121.0,0.0
2021-09-13 21:00:00,0.05,123.0,123.0,123.0,0.0,0.0,123.0,0.0
2021-09-13 22:00:00,0.05,110.0,110.0,110.0,0.0,0.0,110.0,0.0
2021-09-13 23:00:00,0.05,104.0,104.0,108.0,0.0,0.0,108.0,0.0
2021-09-13 00:00:00,0.1,22.0,22.0,23.0,0.0,0.0,23.0,0.0
2021-09-13 01:00:00,0.1,22.0,22.0,23.0,0.0,0.0,23.0,0.0
2021-09-13 02:00:00,0.1,24.0,24.0,23.0,0.0,0.0,23.0,0.0
2021-09-13 03:00:00,0.1,22.0,22.0,24.0,0.0,0.0,24.0,0.0
2021-09-13 04:00:00,0.1,22.0,22.0,24.0,0.0,0.0,24.0,0.0
2021-09-13 05:00:00,0.1,23.0,23.0,23.0,0.0,0.0,23.0,0.0
2021-09-13 06:00:00,0.1,24.0,24.0,23.0,0.0,0.0,23.0,0.0
2021-09-13 07:00:00,0.1,52.0,69.6,63.0,0.0,17.6,80.6,0.0
2021-09-13 08:00:00,0.1,171.0,158.4000001,185.0,12.5999999,0.0,172.4000001,0.0
2021-09-13 09:00:00,0.1,157.0,158.4000001,183.0,5.000000100000001,6.400000200000001,184.4000001,0.0
2021-09-13 10:00:00,0.1,171.0,158.4000001,177.0,12.5999999,0.0,164.4000001,0.0
2021-09-13 11:00:00,0.1,176.0,158.4000001,182.0,17.5999999,0.0,164.4000001,0.0
2021-09-13 12:00:00,0.1,109.0,126.6,117.0,0.0,17.6,134.6,0.0
2021-09-13 13:00:00,0.1,160.0,158.4000001,184.0,7.799999499999998,6.199999599999998,182.4000001,0.0
2021-09-13 14:00:00,0.1,160.0,158.4000001,180.0,8.999999299999999,7.399999399999999,178.4000001,0.0
2021-09-13 15:00:00,0.1,158.0,158.4000001,168.0,0.0,0.40000009999999975,168.4000001,0.0
2021-09-13 16:00:00,0.1,146.0,154.9999993,175.0,0.0,8.999999299999999,183.9999993,0.0
2021-09-13 17:00:00,0.1,128.0,128.0,132.0,0.0,0.0,132.0,0.0
2021-09-13 18:00:00,0.1,152.0,152.0,145.0,0.0,0.0,145.0,0.0
2021-09-13 19:00:00,0.1,135.0,135.0,148.0,0.0,0.0,148.0,0.0
2021-09-13 20:00:00,0.1,121.0,121.0,121.0,0.0,0.0,121.0,0.0
2021-09-13 21:00:00,0.1,123.0,123.0,123.0,0.0,0.0,123.0,0.0
2021-09-13 22:00:00,0.1,110.0,110.0,110.0,0.0,0.0,110.0,0.0
2021-09-13 23:00:00,0.1,104.0,104.0,108.0,0.0,0.0,108.0,0.0
2021-09-13 00:00:00,0.2,22.0,22.0,23.0,0.0,0.0,23.0,0.0
2021-09-13 01:00:00,0.2,22.0,22.0,23.0,0.0,0.0,23.0,0.0
2021-09-13 02:00:00,0.2,24.0,24.0,23.0,0.0,0.0,23.0,0.0
2021-09-13 03:00:00,0.2,22.0,22.0,24.0,0.0,0.0,24.0,0.0
2021-09-13 04:00:00,0.2,22.0,22.0,24.0,0.0,0.0,24.0,0.0
2021-09-13 05:00:00,0.2,23.0,23.0,23.0,0.0,0.0,23.0,0.0
2021-09-13 06:00:00,0.2,24.0,24.0,23.0,0.0,0.0,23.0,0.0
2021-09-13 07:00:00,0.2,52.0,69.6,63.0,0.0,17.6,80.6,0.0
2021-09-13 08:00:00,0.2,171.0,155.5500001,185.0,15.449999899999995,0.0,169.5500001,0.0
2021-09-13 09:00:00,0.2,157.0,155.5500001,183.0,2.150000100000007,0.7000002000000123,181.5500001,0.0
2021-09-13 10:00:00,0.2,171.0,155.5500001,177.0,15.449999899999995,0.0,161.5500001,0.0
2021-09-13 11:00:00,0.2,176.0,155.5500001,182.0,20.449999899999995,0.0,161.5500001,0.0
2021-09-13 12:00:00,0.2,109.0,126.6,117.0,0.0,17.6,134.6,0.0
2021-09-13 13:00:00,0.2,160.0,155.5500001,184.0,22.04999949999997,17.599999599999975,179.55000010000003,0.0
2021-09-13 14:00:00,0.2,160.0,155.5500001,180.0,11.349999299999958,6.899999399999963,175.5500001,0.0
2021-09-13 15:00:00,0.2,158.0,155.5500001,168.0,17.6,15.150000100000007,165.5500001,0.0
2021-09-13 16:00:00,0.2,146.0,155.5500001,175.0,1.7999991999999523,11.349999299999958,184.5500001,0.0
2021-09-13 17:00:00,0.2,128.0,145.6,132.0,0.0,17.6,149.6,0.0
2021-09-13 18:00:00,0.2,152.0,153.79999919999995,145.0,0.0,1.7999991999999523,146.79999919999995,0.0
2021-09-13 19:00:00,0.2,135.0,135.0,148.0,0.0,0.0,148.0,0.0
2021-09-13 20:00:00,0.2,121.0,121.0,121.0,0.0,0.0,121.0,0.0
2021-09-13 21:00:00,0.2,123.0,123.0,123.0,0.0,0.0,123.0,0.0
2021-09-13 22:00:00,0.2,110.0,110.0,110.0,0.0,0.0,110.0,0.0
2021-09-13 23:00:00,0.2,104.0,104.0,108.0,0.0,0.0,108.0,0.0
2021-09-14 00:00:00,0.0,72.0,72.0,70.0,0.0,0.0,70.0,0.0
2021-09-14 01:00:00,0.0,109.0,109.0,110.0,0.0,0.0,110.0,0.0
2021-09-14 02:00:00,0.0,111.0,111.0,112.0,0.0,0.0,112.0,0.0
2021-09-14 03:00:00,0.0,109.0,109.0,105.0,0.0,0.0,105.0,0.0
2021-09-14 04:00:00,0.0,109.0,109.0,111.0,0.0,0.0,111.0,0.0
2021-09-14 05:00:00,0.0,96.0,96.0,93.0,0.0,0.0,93.0,0.0
2021-09-14 06:00:00,0.0,115.0,115.0,108.0,0.0,0.0,108.0,0.0
2021-09-14 07:00:00,0.0,140.0,140.0,140.0,0.0,0.0,140.0,0.0
2021-09-14 08:00:00,0.0,173.0,173.0,174.0,0.0,0.0,174.0,0.0
2021-09-14 09:00:00,0.0,170.0,170.0,166.0,0.0,0.0,166.0,0.0
2021-09-14 10:00:00,0.0,164.0,164.0,152.0,0.0,0.0,152.0,0.0
2021-09-14 11:00:00,0.0,174.0,174.0,170.0,0.0,0.0,170.0,0.0
2021-09-14 12:00:00,0.0,116.0,116.0,118.0,0.0,0.0,118.0,0.0
2021-09-14 13:00:00,0.0,181.0,181.0,163.0,0.0,0.0,163.0,0.0
2021-09-14 14:00:00,0.0,182.0,182.0,158.0,0.0,0.0,158.0,0.0
2021-09-14 15:00:00,0.0,166.0,166.0,161.0,0.0,0.0,161.0,0.0
2021-09-14 16:00:00,0.0,160.0,160.0,160.0,0.0,0.0,160.0,0.0
2021-09-14 17:00:00,0.0,135.0,135.0,123.0,0.0,0.0,123.0,0.0
2021-09-14 18:00:00,0.0,156.0,156.0,158.0,0.0,0.0,158.0,0.0
2021-09-14 19:00:00,0.0,152.0,152.0,153.0,0.0,0.0,153.0,0.0
2021-09-14 20:00:00,0.0,134.0,134.0,128.0,0.0,0.0,128.0,0.0
2021-09-14 21:00:00,0.0,131.0,131.0,128.0,0.0,0.0,128.0,0.0
2021-09-14 22:00:00,0.0,115.0,115.0,111.0,0.0,0.0,111.0,0.0
2021-09-14 23:00:00,0.0,111.0,111.0,110.0,0.0,0.0,110.0,0.0
2021-09-14 00:00:00,0.05,72.0,72.0,70.0,0.0,0.0,70.0,0.0
2021-09-14 01:00:00,0.05,109.0,109.0,110.0,0.0,0.0,110.0,0.0
2021-09-14 02:00:00,0.05,111.0,111.0,112.0,0.0,0.0,112.0,0.0
2021-09-14 03:00:00,0.05,109.0,109.0,105.0,0.0,0.0,105.0,0.0
2021-09-14 04:00:00,0.05,109.0,109.0,111.0,0.0,0.0,111.0,0.0
2021-09-14 05:00:00,0.05,96.0,96.0,93.0,0.0,0.0,93.0,0.0
2021-09-14 06:00:00,0.05,115.0,115.0,108.0,0.0,0.0,108.0,0.0
2021-09-14 07:00:00,0.05,140.0,140.0,140.0,0.0,0.0,140.0,0.0
2021-09-14 08:00:00,0.05,173.0,172.9000001,174.0,0.09999990000000025,0.0,173.9000001,0.0
2021-09-14 09:00:00,0.05,170.0,170.0,166.0,0.0,0.0,166.0,0.0
2021-09-14 10:00:00,0.05,164.0,164.0999999,152.0,0.0,0.09999990000000025,152.0999999,0.0
2021-09-14 11:00:00,0.05,174.0,172.9000001,170.0,1.0999999000000003,0.0,168.9000001,0.0
2021-09-14 12:00:00,0.05,116.0,118.2999997,118.0,0.0,2.2999997000000008,120.2999997,0.0
2021-09-14 13:00:00,0.05,181.0,172.9000001,163.0,8.0999999,0.0,154.9000001,0.0
2021-09-14 14:00:00,0.05,182.0,172.9000001,158.0,9.0999999,0.0,148.9000001,1.1999999
2021-09-14 15:00:00,0.05,166.0,172.9000001,161.0,0.0,6.9000001,167.9000001,0.0
2021-09-14 16:00:00,0.05,160.0,169.0999999,160.0,0.0,9.0999999,169.0999999,0.0
2021-09-14 17:00:00,0.05,135.0,135.0,123.0,0.0,0.0,123.0,0.0
2021-09-14 18:00:00,0.05,156.0,156.0,158.0,0.0,0.0,158.0,0.0
2021-09-14 19:00:00,0.05,152.0,152.0,153.0,0.0,0.0,153.0,0.0
2021-09-14 20:00:00,0.05,134.0,134.0,128.0,0.0,0.0,128.0,0.0
2021-09-14 21:00:00,0.05,131.0,131.0,128.0,0.0,0.0,128.0,0.0
2021-09-14 22:00:00,0.05,115.0,115.0,111.0,0.0,0.0,111.0,0.0
2021-09-14 23:00:00,0.05,111.0,111.0,110.0,0.0,0.0,110.0,0.0
2021-09-14 00:00:00,0.1,72.0,72.0,70.0,0.0,0.0,70.0,0.0
2021-09-14 01:00:00,0.1,109.0,109.0,110.0,0.0,0.0,110.0,0.0
2021-09-14 02:00:00,0.1,111.0,111.0,112.0,0.0,0.0,112.0,0.0
2021-09-14 03:00:00,0.1,109.0,109.0,105.0,0.0,0.0,105.0,0.0
2021-09-14 04:00:00,0.1,109.0,109.0,111.0,0.0,0.0,111.0,0.0
2021-09-14 05:00:00,0.1,96.0,96.0,93.0,0.0,0.0,93.0,0.0
2021-09-14 06:00:00,0.1,115.0,115.0,108.0,0.0,0.0,108.0,0.0
2021-09-14 07:00:00,0.1,140.0,156.99999909999994,140.0,0.0,16.99999909999995,156.99999909999994,0.0
2021-09-14 08:00:00,0.1,173.0,163.8000001,174.0,9.199999899999995,0.0,164.8000001,0.0
2021-09-14 09:00:00,0.1,170.0,163.8000001,166.0,7.799999199999956,1.5999992999999613,159.8000001,0.0
2021-09-14 10:00:00,0.1,164.0,163.8000001,152.0,0.19999989999999457,0.0,151.8000001,0.0
2021-09-14 11:00:00,0.1,174.0,163.8000001,170.0,10.199999899999995,0.0,159.8000001,0.0
2021-09-14 12:00:00,0.1,116.0,134.2,118.0,0.0,18.2,136.2,0.0
2021-09-14 13:00:00,0.1,181.0,163.8000001,163.0,17.199999899999995,0.0,145.8000001,0.8999998999999939
2021-09-14 14:00:00,0.1,182.0,163.8000001,158.0,18.199999899999995,0.0,139.8000001,2.399999899999994
2021-09-14 15:00:00,0.1,166.0,163.8000001,161.0,16.6,14.400000100000007,158.8000001,0.5
2021-09-14 16:00:00,0.1,160.0,163.8000001,160.0,7.800000100000005,11.60000020000001,163.8000001,0.0
2021-09-14 17:00:00,0.1,135.0,151.6,123.0,0.0,16.6,139.6,0.0
2021-09-14 18:00:00,0.1,156.0,163.8000001,158.0,0.0,7.800000100000005,165.8000001,0.0
2021-09-14 19:00:00,0.1,152.0,152.0,153.0,0.0,0.0,153.0,0.0
2021-09-14 20:00:00,0.1,134.0,134.0,128.0,0.0,0.0,128.0,0.0
2021-09-14 21:00:00,0.1,131.0,131.0,128.0,0.0,0.0,128.0,0.0
2021-09-14 22:00:00,0.1,115.0,115.0,111.0,0.0,0.0,111.0,0.0
2021-09-14 23:00:00,0.1,111.0,111.0,110.0,0.0,0.0,110.0,0.0
2021-09-14 00:00:00,0.2,72.0,72.0,70.0,0.0,0.0,70.0,0.0
2021-09-14 01:00:00,0.2,109.0,109.0,110.0,0.0,0.0,110.0,0.0
2021-09-14 02:00:00,0.2,111.0,111.0,112.0,0.0,0.0,112.0,0.0
2021-09-14 03:00:00,0.2,109.0,109.0,105.0,0.0,0.0,105.0,0.0
2021-09-14 04:00:00,0.2,109.0,109.0,111.0,0.0,0.0,111.0,0.0
2021-09-14 05:00:00,0.2,96.0,96.0,93.0,0.0,0.0,93.0,0.0
2021-09-14 06:00:00,0.2,115.0,115.0,108.0,0.0,0.0,108.0,0.0
2021-09-14 07:00:00,0.2,140.0,158.2,140.0,0.0,18.2,158.2,0.0
2021-09-14 08:00:00,0.2,173.0,162.45714295714285,174.0,10.54285704285715,0.0,163.45714295714285,0.0
2021-09-14 09:00:00,0.2,170.0,162.45714295714285,166.0,7.657142957142849,0.11428591428569845,158.45714295714285,0.0
2021-09-14 10:00:00,0.2,164.0,162.45714295714285,152.0,1.5428570428571504,0.0,150.45714295714285,0.0
2021-09-14 11:00:00,0.2,174.0,162.45714295714285,170.0,11.54285704285715,0.0,158.45714295714285,0.0
2021-09-14 12:00:00,0.2,116.0,134.2,118.0,0.0,18.2,136.2,0.0
2021-09-14 13:00:00,0.2,181.0,162.45714295714285,163.0,18.54285704285715,0.0,144.45714295714285,0.0
2021-09-14 14:00:00,0.2,182.0,162.45714295714285,158.0,19.54285704285715,0.0,138.45714295714285,0.0
2021-09-14 15:00:00,0.2,166.0,162.45714295714285,161.0,18.2,14.657142957142849,157.45714295714285,0.0
2021-09-14 16:00:00,0.2,160.0,162.45714295714285,160.0,15.742856342857205,18.199999300000055,162.45714295714285,0.0
2021-09-14 17:00:00,0.2,135.0,153.2,123.0,0.0,18.2,141.2,0.0
2021-09-14 18:00:00,0.2,156.0,162.45714295714285,158.0,9.285713385714356,15.742856342857205,164.45714295714285,0.0
2021-09-14 19:00:00,0.2,152.0,161.28571338571436,153.0,0.0,9.285713385714356,162.28571338571436,0.0
2021-09-14 20:00:00,0.2,134.0,134.0,128.0,0.0,0.0,128.0,0.0
2021-09-14 21:00:00,0.2,131.0,131.0,128.0,0.0,0.0,128.0,0.0
2021-09-14 22:00:00,0.2,115.0,115.0,111.0,0.0,0.0,111.0,0.0
2021-09-14 23:00:00,0.2,111.0,111.0,110.0,0.0,0.0,110.0,0.0
