timestamp,actual,prediction,model_fit_before,known_idle,global_lower,global_upper,conditional_lower,conditional_upper,observed_state,production_actual,previous_power,peak_actual,peak_alert,legacy_prediction,persistence,absolute_error,covered,hour,month
2021-08-01 00:00:00,21.0,21.0,2021-08-01,True,6.717361111111117,35.28263888888888,19.0,23.0,idle,0.0,21.0,False,False,21.0,21.0,0.0,True,0,2021-08
2021-08-01 01:00:00,23.0,21.0,2021-08-01,True,6.717361111111117,35.28263888888888,19.0,23.0,idle,0.0,21.0,False,False,21.0,21.0,2.0,True,1,2021-08
2021-08-01 02:00:00,21.0,23.0,2021-08-01,True,8.717361111111117,37.28263888888888,21.0,25.0,idle,0.0,23.0,False,False,23.0,23.0,2.0,True,2,2021-08
2021-08-01 03:00:00,21.0,21.0,2021-08-01,True,6.717361111111117,35.28263888888888,19.0,23.0,idle,0.0,21.0,False,False,21.0,21.0,0.0,True,3,2021-08
2021-08-01 04:00:00,22.0,21.0,2021-08-01,True,6.717361111111117,35.28263888888888,19.0,23.0,idle,0.0,21.0,False,False,21.0,21.0,1.0,True,4,2021-08
2021-08-01 05:00:00,22.0,22.0,2021-08-01,True,7.717361111111117,36.28263888888888,20.0,24.0,idle,0.0,22.0,False,False,22.0,22.0,0.0,True,5,2021-08
2021-08-01 06:00:00,20.0,22.0,2021-08-01,True,7.717361111111117,36.28263888888888,20.0,24.0,idle,0.0,22.0,False,False,22.0,22.0,2.0,True,6,2021-08
2021-08-01 07:00:00,20.0,20.0,2021-08-01,True,5.717361111111117,34.28263888888888,18.0,22.0,idle,0.0,20.0,False,False,20.0,20.0,0.0,True,7,2021-08
2021-08-01 08:00:00,23.0,20.0,2021-08-01,True,5.717361111111117,34.28263888888888,18.0,22.0,idle,0.0,20.0,False,False,20.0,20.0,3.0,False,8,2021-08
2021-08-01 09:00:00,22.0,23.0,2021-08-01,True,8.717361111111117,37.28263888888888,21.0,25.0,idle,0.0,23.0,False,False,23.0,23.0,1.0,True,9,2021-08
2021-08-01 10:00:00,21.0,22.0,2021-08-01,True,7.717361111111117,36.28263888888888,20.0,24.0,idle,0.0,22.0,False,False,22.0,22.0,1.0,True,10,2021-08
2021-08-01 11:00:00,21.0,21.0,2021-08-01,True,6.717361111111117,35.28263888888888,19.0,23.0,idle,0.0,21.0,False,False,21.0,21.0,0.0,True,11,2021-08
2021-08-01 12:00:00,23.0,21.0,2021-08-01,True,6.717361111111117,35.28263888888888,19.0,23.0,idle,0.0,21.0,False,False,21.0,21.0,2.0,True,12,2021-08
2021-08-01 13:00:00,21.0,23.0,2021-08-01,True,8.717361111111117,37.28263888888888,21.0,25.0,idle,0.0,23.0,False,False,23.0,23.0,2.0,True,13,2021-08
2021-08-01 14:00:00,21.0,21.0,2021-08-01,True,6.717361111111117,35.28263888888888,19.0,23.0,idle,0.0,21.0,False,False,21.0,21.0,0.0,True,14,2021-08
2021-08-01 15:00:00,22.0,21.0,2021-08-01,True,6.717361111111117,35.28263888888888,19.0,23.0,idle,0.0,21.0,False,False,21.0,21.0,1.0,True,15,2021-08
2021-08-01 16:00:00,23.0,22.0,2021-08-01,True,7.717361111111117,36.28263888888888,20.0,24.0,idle,0.0,22.0,False,False,22.0,22.0,1.0,True,16,2021-08
2021-08-01 17:00:00,21.0,23.0,2021-08-01,True,8.717361111111117,37.28263888888888,21.0,25.0,idle,0.0,23.0,False,False,23.0,23.0,2.0,True,17,2021-08
2021-08-01 18:00:00,20.0,21.0,2021-08-01,True,6.717361111111117,35.28263888888888,19.0,23.0,idle,0.0,21.0,False,False,21.0,21.0,1.0,True,18,2021-08
2021-08-01 19:00:00,21.0,20.0,2021-08-01,True,5.717361111111117,34.28263888888888,18.0,22.0,idle,0.0,20.0,False,False,20.0,20.0,1.0,True,19,2021-08
2021-08-01 20:00:00,23.0,21.0,2021-08-01,True,6.717361111111117,35.28263888888888,19.0,23.0,idle,0.0,21.0,False,False,21.0,21.0,2.0,True,20,2021-08
2021-08-01 21:00:00,22.0,23.0,2021-08-01,True,8.717361111111117,37.28263888888888,21.0,25.0,idle,0.0,23.0,False,False,23.0,23.0,1.0,True,21,2021-08
2021-08-01 22:00:00,22.0,22.0,2021-08-01,True,7.717361111111117,36.28263888888888,20.0,24.0,idle,0.0,22.0,False,False,22.0,22.0,0.0,True,22,2021-08
2021-08-01 23:00:00,22.0,22.0,2021-08-01,True,7.717361111111117,36.28263888888888,20.0,24.0,idle,0.0,22.0,False,False,22.0,22.0,0.0,True,23,2021-08
2021-08-02 00:00:00,21.0,22.0,2021-08-01,True,7.717361111111117,36.28263888888888,20.0,24.0,idle,0.0,22.0,False,False,22.0,22.0,1.0,True,0,2021-08
2021-08-02 01:00:00,21.0,21.0,2021-08-01,True,6.717361111111117,35.28263888888888,19.0,23.0,idle,0.0,21.0,False,False,21.0,21.0,0.0,True,1,2021-08
2021-08-02 02:00:00,21.0,21.0,2021-08-01,True,6.717361111111117,35.28263888888888,19.0,23.0,idle,0.0,21.0,False,False,21.0,21.0,0.0,True,2,2021-08
2021-08-02 03:00:00,23.0,21.0,2021-08-01,True,6.717361111111117,35.28263888888888,19.0,23.0,idle,0.0,21.0,False,False,21.0,21.0,2.0,True,3,2021-08
2021-08-02 04:00:00,21.0,23.0,2021-08-01,True,8.717361111111117,37.28263888888888,21.0,25.0,idle,0.0,23.0,False,False,23.0,23.0,2.0,True,4,2021-08
2021-08-02 05:00:00,21.0,21.0,2021-08-01,True,6.717361111111117,35.28263888888888,19.0,23.0,idle,0.0,21.0,False,False,21.0,21.0,0.0,True,5,2021-08
2021-08-02 06:00:00,22.0,21.0,2021-08-01,True,6.717361111111117,35.28263888888888,19.0,23.0,idle,0.0,21.0,False,False,21.0,21.0,1.0,True,6,2021-08
2021-08-02 07:00:00,21.0,22.0,2021-08-01,True,7.717361111111117,36.28263888888888,20.0,24.0,idle,0.0,22.0,False,False,22.0,22.0,1.0,True,7,2021-08
2021-08-02 08:00:00,20.0,21.0,2021-08-01,True,6.717361111111117,35.28263888888888,19.0,23.0,idle,0.0,21.0,False,True,21.0,21.0,1.0,True,8,2021-08
2021-08-02 09:00:00,21.0,20.0,2021-08-01,True,5.717361111111117,34.28263888888888,18.0,22.0,idle,0.0,20.0,False,True,20.0,20.0,1.0,True,9,2021-08
2021-08-02 10:00:00,22.0,21.0,2021-08-01,True,6.717361111111117,35.28263888888888,19.0,23.0,idle,0.0,21.0,False,True,21.0,21.0,1.0,True,10,2021-08
2021-08-02 11:00:00,21.0,22.0,2021-08-01,True,7.717361111111117,36.28263888888888,20.0,24.0,idle,0.0,22.0,False,True,22.0,22.0,1.0,True,11,2021-08
2021-08-02 12:00:00,21.0,21.0,2021-08-01,True,6.717361111111117,35.28263888888888,19.0,23.0,idle,0.0,21.0,False,False,21.0,21.0,0.0,True,12,2021-08
2021-08-02 13:00:00,22.0,21.0,2021-08-01,True,6.717361111111117,35.28263888888888,19.0,23.0,idle,0.0,21.0,False,True,21.0,21.0,1.0,True,13,2021-08
2021-08-02 14:00:00,23.0,22.0,2021-08-01,True,7.717361111111117,36.28263888888888,20.0,24.0,idle,0.0,22.0,False,False,22.0,22.0,1.0,True,14,2021-08
2021-08-02 15:00:00,21.0,23.0,2021-08-01,True,8.717361111111117,37.28263888888888,21.0,25.0,idle,0.0,23.0,False,False,23.0,23.0,2.0,True,15,2021-08
2021-08-02 16:00:00,21.0,21.0,2021-08-01,True,6.717361111111117,35.28263888888888,19.0,23.0,idle,0.0,21.0,False,False,21.0,21.0,0.0,True,16,2021-08
2021-08-02 17:00:00,22.0,21.0,2021-08-01,True,6.717361111111117,35.28263888888888,19.0,23.0,idle,0.0,21.0,False,False,21.0,21.0,1.0,True,17,2021-08
2021-08-02 18:00:00,22.0,22.0,2021-08-01,True,7.717361111111117,36.28263888888888,20.0,24.0,idle,0.0,22.0,False,False,22.0,22.0,0.0,True,18,2021-08
2021-08-02 19:00:00,21.0,22.0,2021-08-01,True,7.717361111111117,36.28263888888888,20.0,24.0,idle,0.0,22.0,False,False,22.0,22.0,1.0,True,19,2021-08
2021-08-02 20:00:00,22.0,21.0,2021-08-01,True,6.717361111111117,35.28263888888888,19.0,23.0,idle,0.0,21.0,False,False,21.0,21.0,1.0,True,20,2021-08
2021-08-02 21:00:00,22.0,22.0,2021-08-01,True,7.717361111111117,36.28263888888888,20.0,24.0,idle,0.0,22.0,False,False,22.0,22.0,0.0,True,21,2021-08
2021-08-02 22:00:00,22.0,22.0,2021-08-01,True,7.717361111111117,36.28263888888888,20.0,24.0,idle,0.0,22.0,False,False,22.0,22.0,0.0,True,22,2021-08
2021-08-02 23:00:00,21.0,22.0,2021-08-01,True,7.717361111111117,36.28263888888888,20.0,24.0,idle,0.0,22.0,False,False,22.0,22.0,1.0,True,23,2021-08
2021-08-03 00:00:00,21.0,21.0,2021-08-01,True,6.717361111111117,35.28263888888888,19.0,23.0,idle,0.0,21.0,False,False,21.0,21.0,0.0,True,0,2021-08
2021-08-03 01:00:00,23.0,21.0,2021-08-01,True,6.717361111111117,35.28263888888888,19.0,23.0,idle,0.0,21.0,False,False,21.0,21.0,2.0,True,1,2021-08
2021-08-03 02:00:00,21.0,23.0,2021-08-01,True,8.717361111111117,37.28263888888888,21.0,25.0,idle,0.0,23.0,False,False,23.0,23.0,2.0,True,2,2021-08
2021-08-03 03:00:00,21.0,21.0,2021-08-01,True,6.717361111111117,35.28263888888888,19.0,23.0,idle,0.0,21.0,False,False,21.0,21.0,0.0,True,3,2021-08
2021-08-03 04:00:00,21.0,21.0,2021-08-01,True,6.717361111111117,35.28263888888888,19.0,23.0,idle,0.0,21.0,False,False,21.0,21.0,0.0,True,4,2021-08
2021-08-03 05:00:00,22.0,21.0,2021-08-01,True,6.717361111111117,35.28263888888888,19.0,23.0,idle,0.0,21.0,False,False,21.0,21.0,1.0,True,5,2021-08
2021-08-03 06:00:00,21.0,22.0,2021-08-01,True,7.717361111111117,36.28263888888888,20.0,24.0,idle,0.0,22.0,False,False,22.0,22.0,1.0,True,6,2021-08
2021-08-03 07:00:00,20.0,21.0,2021-08-01,True,6.717361111111117,35.28263888888888,19.0,23.0,idle,0.0,21.0,False,False,21.0,21.0,1.0,True,7,2021-08
2021-08-03 08:00:00,22.0,20.0,2021-08-01,True,5.717361111111117,34.28263888888888,18.0,22.0,idle,0.0,20.0,False,True,20.0,20.0,2.0,True,8,2021-08
2021-08-03 09:00:00,21.0,22.0,2021-08-01,True,7.717361111111117,36.28263888888888,20.0,24.0,idle,0.0,22.0,False,True,22.0,22.0,1.0,True,9,2021-08
2021-08-03 10:00:00,21.0,21.0,2021-08-01,True,6.717361111111117,35.28263888888888,19.0,23.0,idle,0.0,21.0,False,True,21.0,21.0,0.0,True,10,2021-08
2021-08-03 11:00:00,22.0,21.0,2021-08-01,True,6.717361111111117,35.28263888888888,19.0,23.0,idle,0.0,21.0,False,False,21.0,21.0,1.0,True,11,2021-08
2021-08-03 12:00:00,23.0,22.0,2021-08-01,True,7.717361111111117,36.28263888888888,20.0,24.0,idle,0.0,22.0,False,False,22.0,22.0,1.0,True,12,2021-08
2021-08-03 13:00:00,21.0,23.0,2021-08-01,True,8.717361111111117,37.28263888888888,21.0,25.0,idle,0.0,23.0,False,True,23.0,23.0,2.0,True,13,2021-08
2021-08-03 14:00:00,21.0,21.0,2021-08-01,True,6.717361111111117,35.28263888888888,19.0,23.0,idle,0.0,21.0,False,True,21.0,21.0,0.0,True,14,2021-08
2021-08-03 15:00:00,23.0,21.0,2021-08-01,True,6.717361111111117,35.28263888888888,19.0,23.0,idle,0.0,21.0,False,False,21.0,21.0,2.0,True,15,2021-08
2021-08-03 16:00:00,22.0,23.0,2021-08-01,True,8.717361111111117,37.28263888888888,21.0,25.0,idle,0.0,23.0,False,False,23.0,23.0,1.0,True,16,2021-08
2021-08-03 17:00:00,21.0,22.0,2021-08-01,True,7.717361111111117,36.28263888888888,20.0,24.0,idle,0.0,22.0,False,False,22.0,22.0,1.0,True,17,2021-08
2021-08-03 18:00:00,22.0,21.0,2021-08-01,True,6.717361111111117,35.28263888888888,19.0,23.0,idle,0.0,21.0,False,False,21.0,21.0,1.0,True,18,2021-08
2021-08-03 19:00:00,23.0,22.0,2021-08-01,True,7.717361111111117,36.28263888888888,20.0,24.0,idle,0.0,22.0,False,False,22.0,22.0,1.0,True,19,2021-08
2021-08-03 20:00:00,21.0,23.0,2021-08-01,True,8.717361111111117,37.28263888888888,21.0,25.0,idle,0.0,23.0,False,False,23.0,23.0,2.0,True,20,2021-08
2021-08-03 21:00:00,22.0,21.0,2021-08-01,True,6.717361111111117,35.28263888888888,19.0,23.0,idle,0.0,21.0,False,False,21.0,21.0,1.0,True,21,2021-08
2021-08-03 22:00:00,21.0,22.0,2021-08-01,True,7.717361111111117,36.28263888888888,20.0,24.0,idle,0.0,22.0,False,False,22.0,22.0,1.0,True,22,2021-08
2021-08-03 23:00:00,23.0,21.0,2021-08-01,True,6.717361111111117,35.28263888888888,19.0,23.0,idle,0.0,21.0,False,False,21.0,21.0,2.0,True,23,2021-08
2021-08-04 00:00:00,21.0,23.0,2021-08-01,True,8.717361111111117,37.28263888888888,21.0,25.0,idle,0.0,23.0,False,False,23.0,23.0,2.0,True,0,2021-08
2021-08-04 01:00:00,21.0,21.0,2021-08-01,True,6.717361111111117,35.28263888888888,19.0,23.0,idle,0.0,21.0,False,False,21.0,21.0,0.0,True,1,2021-08
2021-08-04 02:00:00,20.0,21.0,2021-08-01,True,6.717361111111117,35.28263888888888,19.0,23.0,idle,0.0,21.0,False,False,21.0,21.0,1.0,True,2,2021-08
2021-08-04 03:00:00,22.0,20.0,2021-08-01,True,5.717361111111117,34.28263888888888,18.0,22.0,idle,0.0,20.0,False,False,20.0,20.0,2.0,True,3,2021-08
2021-08-04 04:00:00,21.0,22.0,2021-08-01,True,7.717361111111117,36.28263888888888,20.0,24.0,idle,0.0,22.0,False,False,22.0,22.0,1.0,True,4,2021-08
2021-08-04 05:00:00,21.0,21.0,2021-08-01,True,6.717361111111117,35.28263888888888,19.0,23.0,idle,0.0,21.0,False,False,21.0,21.0,0.0,True,5,2021-08
2021-08-04 06:00:00,23.0,21.0,2021-08-01,True,6.717361111111117,35.28263888888888,19.0,23.0,idle,0.0,21.0,False,False,21.0,21.0,2.0,True,6,2021-08
2021-08-04 07:00:00,20.0,23.0,2021-08-01,True,8.717361111111117,37.28263888888888,21.0,25.0,idle,0.0,23.0,False,False,23.0,23.0,3.0,False,7,2021-08
2021-08-04 08:00:00,21.0,20.0,2021-08-01,True,5.717361111111117,34.28263888888888,18.0,22.0,idle,0.0,20.0,False,True,20.0,20.0,1.0,True,8,2021-08
2021-08-04 09:00:00,21.0,21.0,2021-08-01,True,6.717361111111117,35.28263888888888,19.0,23.0,idle,0.0,21.0,False,True,21.0,21.0,0.0,True,9,2021-08
2021-08-04 10:00:00,22.0,21.0,2021-08-01,True,6.717361111111117,35.28263888888888,19.0,23.0,idle,0.0,21.0,False,True,21.0,21.0,1.0,True,10,2021-08
2021-08-04 11:00:00,21.0,22.0,2021-08-01,True,7.717361111111117,36.28263888888888,20.0,24.0,idle,0.0,22.0,False,False,22.0,22.0,1.0,True,11,2021-08
2021-08-04 12:00:00,21.0,21.0,2021-08-01,True,6.717361111111117,35.28263888888888,19.0,23.0,idle,0.0,21.0,False,False,21.0,21.0,0.0,True,12,2021-08
2021-08-04 13:00:00,22.0,21.0,2021-08-01,True,6.717361111111117,35.28263888888888,19.0,23.0,idle,0.0,21.0,False,True,21.0,21.0,1.0,True,13,2021-08
2021-08-04 14:00:00,22.0,22.0,2021-08-01,True,7.717361111111117,36.28263888888888,20.0,24.0,idle,0.0,22.0,False,True,22.0,22.0,0.0,True,14,2021-08
2021-08-04 15:00:00,22.0,22.0,2021-08-01,True,7.717361111111117,36.28263888888888,20.0,24.0,idle,0.0,22.0,False,False,22.0,22.0,0.0,True,15,2021-08
2021-08-04 16:00:00,21.0,22.0,2021-08-01,True,7.717361111111117,36.28263888888888,20.0,24.0,idle,0.0,22.0,False,False,22.0,22.0,1.0,True,16,2021-08
2021-08-04 17:00:00,23.0,21.0,2021-08-01,True,6.717361111111117,35.28263888888888,19.0,23.0,idle,0.0,21.0,False,False,21.0,21.0,2.0,True,17,2021-08
2021-08-04 18:00:00,21.0,23.0,2021-08-01,True,8.717361111111117,37.28263888888888,21.0,25.0,idle,0.0,23.0,False,False,23.0,23.0,2.0,True,18,2021-08
2021-08-04 19:00:00,21.0,21.0,2021-08-01,True,6.717361111111117,35.28263888888888,19.0,23.0,idle,0.0,21.0,False,False,21.0,21.0,0.0,True,19,2021-08
2021-08-04 20:00:00,21.0,21.0,2021-08-01,True,6.717361111111117,35.28263888888888,19.0,23.0,idle,0.0,21.0,False,False,21.0,21.0,0.0,True,20,2021-08
2021-08-04 21:00:00,23.0,21.0,2021-08-01,True,6.717361111111117,35.28263888888888,19.0,23.0,idle,0.0,21.0,False,False,21.0,21.0,2.0,True,21,2021-08
2021-08-04 22:00:00,21.0,23.0,2021-08-01,True,8.717361111111117,37.28263888888888,21.0,25.0,idle,0.0,23.0,False,False,23.0,23.0,2.0,True,22,2021-08
2021-08-04 23:00:00,21.0,21.0,2021-08-01,True,6.717361111111117,35.28263888888888,19.0,23.0,idle,0.0,21.0,False,False,21.0,21.0,0.0,True,23,2021-08
2021-08-05 00:00:00,21.0,21.0,2021-08-01,True,6.717361111111117,35.28263888888888,19.0,23.0,idle,0.0,21.0,False,False,21.0,21.0,0.0,True,0,2021-08
2021-08-05 01:00:00,22.0,21.0,2021-08-01,True,6.717361111111117,35.28263888888888,19.0,23.0,idle,0.0,21.0,False,False,21.0,21.0,1.0,True,1,2021-08
2021-08-05 02:00:00,21.0,22.0,2021-08-01,True,7.717361111111117,36.28263888888888,20.0,24.0,idle,0.0,22.0,False,False,22.0,22.0,1.0,True,2,2021-08
2021-08-05 03:00:00,21.0,21.0,2021-08-01,True,6.717361111111117,35.28263888888888,19.0,23.0,idle,0.0,21.0,False,False,21.0,21.0,0.0,True,3,2021-08
2021-08-05 04:00:00,22.0,21.0,2021-08-01,True,6.717361111111117,35.28263888888888,19.0,23.0,idle,0.0,21.0,False,False,21.0,21.0,1.0,True,4,2021-08
2021-08-05 05:00:00,21.0,22.0,2021-08-01,True,7.717361111111117,36.28263888888888,20.0,24.0,idle,0.0,22.0,False,False,22.0,22.0,1.0,True,5,2021-08
2021-08-05 06:00:00,21.0,21.0,2021-08-01,True,6.717361111111117,35.28263888888888,19.0,23.0,idle,0.0,21.0,False,False,21.0,21.0,0.0,True,6,2021-08
2021-08-05 07:00:00,20.0,21.0,2021-08-01,True,6.717361111111117,35.28263888888888,19.0,23.0,idle,0.0,21.0,False,False,21.0,21.0,1.0,True,7,2021-08
2021-08-05 08:00:00,22.0,20.0,2021-08-01,True,5.717361111111117,34.28263888888888,18.0,22.0,idle,0.0,20.0,False,True,20.0,20.0,2.0,True,8,2021-08
2021-08-05 09:00:00,21.0,22.0,2021-08-01,True,7.717361111111117,36.28263888888888,20.0,24.0,idle,0.0,22.0,False,True,22.0,22.0,1.0,True,9,2021-08
2021-08-05 10:00:00,21.0,21.0,2021-08-01,True,6.717361111111117,35.28263888888888,19.0,23.0,idle,0.0,21.0,False,True,21.0,21.0,0.0,True,10,2021-08
2021-08-05 11:00:00,22.0,21.0,2021-08-01,True,6.717361111111117,35.28263888888888,19.0,23.0,idle,0.0,21.0,False,False,21.0,21.0,1.0,True,11,2021-08
2021-08-05 12:00:00,22.0,22.0,2021-08-01,True,7.717361111111117,36.28263888888888,20.0,24.0,idle,0.0,22.0,False,False,22.0,22.0,0.0,True,12,2021-08
2021-08-05 13:00:00,22.0,22.0,2021-08-01,True,7.717361111111117,36.28263888888888,20.0,24.0,idle,0.0,22.0,False,True,22.0,22.0,0.0,True,13,2021-08
2021-08-05 14:00:00,21.0,22.0,2021-08-01,True,7.717361111111117,36.28263888888888,20.0,24.0,idle,0.0,22.0,False,False,22.0,22.0,1.0,True,14,2021-08
2021-08-05 15:00:00,23.0,21.0,2021-08-01,True,6.717361111111117,35.28263888888888,19.0,23.0,idle,0.0,21.0,False,False,21.0,21.0,2.0,True,15,2021-08
2021-08-05 16:00:00,22.0,23.0,2021-08-01,True,8.717361111111117,37.28263888888888,21.0,25.0,idle,0.0,23.0,False,False,23.0,23.0,1.0,True,16,2021-08
2021-08-05 17:00:00,22.0,22.0,2021-08-01,True,7.717361111111117,36.28263888888888,20.0,24.0,idle,0.0,22.0,False,False,22.0,22.0,0.0,True,17,2021-08
2021-08-05 18:00:00,21.0,22.0,2021-08-01,True,7.717361111111117,36.28263888888888,20.0,24.0,idle,0.0,22.0,False,False,22.0,22.0,1.0,True,18,2021-08
2021-08-05 19:00:00,22.0,21.0,2021-08-01,True,6.717361111111117,35.28263888888888,19.0,23.0,idle,0.0,21.0,False,False,21.0,21.0,1.0,True,19,2021-08
2021-08-05 20:00:00,21.0,22.0,2021-08-01,True,7.717361111111117,36.28263888888888,20.0,24.0,idle,0.0,22.0,False,False,22.0,22.0,1.0,True,20,2021-08
2021-08-05 21:00:00,21.0,21.0,2021-08-01,True,6.717361111111117,35.28263888888888,19.0,23.0,idle,0.0,21.0,False,False,21.0,21.0,0.0,True,21,2021-08
2021-08-05 22:00:00,22.0,21.0,2021-08-01,True,6.717361111111117,35.28263888888888,19.0,23.0,idle,0.0,21.0,False,False,21.0,21.0,1.0,True,22,2021-08
2021-08-05 23:00:00,23.0,22.0,2021-08-01,True,7.717361111111117,36.28263888888888,20.0,24.0,idle,0.0,22.0,False,False,22.0,22.0,1.0,True,23,2021-08
2021-08-06 00:00:00,21.0,23.0,2021-08-01,True,8.717361111111117,37.28263888888888,21.0,25.0,idle,0.0,23.0,False,False,23.0,23.0,2.0,True,0,2021-08
2021-08-06 01:00:00,21.0,21.0,2021-08-01,True,6.717361111111117,35.28263888888888,19.0,23.0,idle,0.0,21.0,False,False,21.0,21.0,0.0,True,1,2021-08
2021-08-06 02:00:00,20.0,21.0,2021-08-01,True,6.717361111111117,35.28263888888888,19.0,23.0,idle,0.0,21.0,False,False,21.0,21.0,1.0,True,2,2021-08
2021-08-06 03:00:00,22.0,20.0,2021-08-01,True,5.717361111111117,34.28263888888888,18.0,22.0,idle,0.0,20.0,False,False,20.0,20.0,2.0,True,3,2021-08
2021-08-06 04:00:00,22.0,22.0,2021-08-01,True,7.717361111111117,36.28263888888888,20.0,24.0,idle,0.0,22.0,False,False,22.0,22.0,0.0,True,4,2021-08
2021-08-06 05:00:00,21.0,22.0,2021-08-01,True,7.717361111111117,36.28263888888888,20.0,24.0,idle,0.0,22.0,False,False,22.0,22.0,1.0,True,5,2021-08
2021-08-06 06:00:00,22.0,21.0,2021-08-01,True,6.717361111111117,35.28263888888888,19.0,23.0,idle,0.0,21.0,False,False,21.0,21.0,1.0,True,6,2021-08
2021-08-06 07:00:00,20.0,22.0,2021-08-01,True,7.717361111111117,36.28263888888888,20.0,24.0,idle,0.0,22.0,False,True,22.0,22.0,2.0,True,7,2021-08
2021-08-06 08:00:00,20.0,20.0,2021-08-01,True,5.717361111111117,34.28263888888888,18.0,22.0,idle,0.0,20.0,False,True,20.0,20.0,0.0,True,8,2021-08
2021-08-06 09:00:00,21.0,20.0,2021-08-01,True,5.717361111111117,34.28263888888888,18.0,22.0,idle,0.0,20.0,False,True,20.0,20.0,1.0,True,9,2021-08
2021-08-06 10:00:00,24.0,21.0,2021-08-01,True,6.717361111111117,35.28263888888888,19.0,23.0,idle,0.0,21.0,False,True,21.0,21.0,3.0,False,10,2021-08
2021-08-06 11:00:00,24.0,24.0,2021-08-01,True,9.717361111111115,38.28263888888888,22.0,26.0,idle,0.0,24.0,False,False,24.0,24.0,0.0,True,11,2021-08
2021-08-06 12:00:00,24.0,24.0,2021-08-01,True,9.717361111111115,38.28263888888888,22.0,26.0,idle,0.0,24.0,False,False,24.0,24.0,0.0,True,12,2021-08
2021-08-06 13:00:00,23.0,24.0,2021-08-01,True,9.717361111111115,38.28263888888888,22.0,26.0,idle,0.0,24.0,False,True,24.0,24.0,1.0,True,13,2021-08
2021-08-06 14:00:00,24.0,23.0,2021-08-01,True,8.717361111111117,37.28263888888888,21.0,25.0,idle,0.0,23.0,False,False,23.0,23.0,1.0,True,14,2021-08
2021-08-06 15:00:00,22.0,24.0,2021-08-01,True,9.717361111111115,38.28263888888888,22.0,26.0,idle,0.0,24.0,False,False,24.0,24.0,2.0,True,15,2021-08
2021-08-06 16:00:00,22.0,22.0,2021-08-01,True,7.717361111111117,36.28263888888888,20.0,24.0,idle,0.0,22.0,False,False,22.0,22.0,0.0,True,16,2021-08
2021-08-06 17:00:00,23.0,22.0,2021-08-01,True,7.717361111111117,36.28263888888888,20.0,24.0,idle,0.0,22.0,False,False,22.0,22.0,1.0,True,17,2021-08
2021-08-06 18:00:00,22.0,23.0,2021-08-01,True,8.717361111111117,37.28263888888888,21.0,25.0,idle,0.0,23.0,False,False,23.0,23.0,1.0,True,18,2021-08
2021-08-06 19:00:00,21.0,22.0,2021-08-01,True,7.717361111111117,36.28263888888888,20.0,24.0,idle,0.0,22.0,False,False,22.0,22.0,1.0,True,19,2021-08
2021-08-06 20:00:00,21.0,21.0,2021-08-01,True,6.717361111111117,35.28263888888888,19.0,23.0,idle,0.0,21.0,False,False,21.0,21.0,0.0,True,20,2021-08
2021-08-06 21:00:00,23.0,21.0,2021-08-01,True,6.717361111111117,35.28263888888888,19.0,23.0,idle,0.0,21.0,False,False,21.0,21.0,2.0,True,21,2021-08
2021-08-06 22:00:00,21.0,23.0,2021-08-01,True,8.717361111111117,37.28263888888888,21.0,25.0,idle,0.0,23.0,False,False,23.0,23.0,2.0,True,22,2021-08
2021-08-06 23:00:00,21.0,21.0,2021-08-01,True,6.717361111111117,35.28263888888888,19.0,23.0,idle,0.0,21.0,False,False,21.0,21.0,0.0,True,23,2021-08
2021-08-07 00:00:00,22.0,21.0,2021-08-01,True,6.717361111111117,35.28263888888888,19.0,23.0,idle,0.0,21.0,False,False,21.0,21.0,1.0,True,0,2021-08
2021-08-07 01:00:00,22.0,22.0,2021-08-01,True,7.717361111111117,36.28263888888888,20.0,24.0,idle,0.0,22.0,False,False,22.0,22.0,0.0,True,1,2021-08
2021-08-07 02:00:00,21.0,22.0,2021-08-01,True,7.717361111111117,36.28263888888888,20.0,24.0,idle,0.0,22.0,False,False,22.0,22.0,1.0,True,2,2021-08
2021-08-07 03:00:00,21.0,21.0,2021-08-01,True,6.717361111111117,35.28263888888888,19.0,23.0,idle,0.0,21.0,False,False,21.0,21.0,0.0,True,3,2021-08
2021-08-07 04:00:00,21.0,21.0,2021-08-01,True,6.717361111111117,35.28263888888888,19.0,23.0,idle,0.0,21.0,False,False,21.0,21.0,0.0,True,4,2021-08
2021-08-07 05:00:00,22.0,21.0,2021-08-01,True,6.717361111111117,35.28263888888888,19.0,23.0,idle,0.0,21.0,False,False,21.0,21.0,1.0,True,5,2021-08
2021-08-07 06:00:00,21.0,22.0,2021-08-01,True,7.717361111111117,36.28263888888888,20.0,24.0,idle,0.0,22.0,False,False,22.0,22.0,1.0,True,6,2021-08
2021-08-07 07:00:00,21.0,21.0,2021-08-01,True,6.717361111111117,35.28263888888888,19.0,23.0,idle,0.0,21.0,False,False,21.0,21.0,0.0,True,7,2021-08
2021-08-07 08:00:00,22.0,21.0,2021-08-01,True,6.717361111111117,35.28263888888888,19.0,23.0,idle,0.0,21.0,False,False,21.0,21.0,1.0,True,8,2021-08
2021-08-07 09:00:00,22.0,22.0,2021-08-01,True,7.717361111111117,36.28263888888888,20.0,24.0,idle,0.0,22.0,False,False,22.0,22.0,0.0,True,9,2021-08
2021-08-07 10:00:00,21.0,22.0,2021-08-01,True,7.717361111111117,36.28263888888888,20.0,24.0,idle,0.0,22.0,False,False,22.0,22.0,1.0,True,10,2021-08
2021-08-07 11:00:00,21.0,21.0,2021-08-01,True,6.717361111111117,35.28263888888888,19.0,23.0,idle,0.0,21.0,False,False,21.0,21.0,0.0,True,11,2021-08
2021-08-07 12:00:00,23.0,21.0,2021-08-01,True,6.717361111111117,35.28263888888888,19.0,23.0,idle,0.0,21.0,False,False,21.0,21.0,2.0,True,12,2021-08
2021-08-07 13:00:00,21.0,23.0,2021-08-01,True,8.717361111111117,37.28263888888888,21.0,25.0,idle,0.0,23.0,False,False,23.0,23.0,2.0,True,13,2021-08
2021-08-07 14:00:00,21.0,21.0,2021-08-01,True,6.717361111111117,35.28263888888888,19.0,23.0,idle,0.0,21.0,False,False,21.0,21.0,0.0,True,14,2021-08
2021-08-07 15:00:00,21.0,21.0,2021-08-01,True,6.717361111111117,35.28263888888888,19.0,23.0,idle,0.0,21.0,False,False,21.0,21.0,0.0,True,15,2021-08
2021-08-07 16:00:00,24.0,21.0,2021-08-01,True,6.717361111111117,35.28263888888888,19.0,23.0,idle,0.0,21.0,False,False,21.0,21.0,3.0,False,16,2021-08
2021-08-07 17:00:00,21.0,24.0,2021-08-01,True,9.717361111111115,38.28263888888888,22.0,26.0,idle,0.0,24.0,False,False,24.0,24.0,3.0,False,17,2021-08
2021-08-07 18:00:00,21.0,21.0,2021-08-01,True,6.717361111111117,35.28263888888888,19.0,23.0,idle,0.0,21.0,False,False,21.0,21.0,0.0,True,18,2021-08
2021-08-07 19:00:00,22.0,21.0,2021-08-01,True,6.717361111111117,35.28263888888888,19.0,23.0,idle,0.0,21.0,False,False,21.0,21.0,1.0,True,19,2021-08
2021-08-07 20:00:00,23.0,22.0,2021-08-01,True,7.717361111111117,36.28263888888888,20.0,24.0,idle,0.0,22.0,False,False,22.0,22.0,1.0,True,20,2021-08
2021-08-07 21:00:00,22.0,23.0,2021-08-01,True,8.717361111111117,37.28263888888888,21.0,25.0,idle,0.0,23.0,False,False,23.0,23.0,1.0,True,21,2021-08
2021-08-07 22:00:00,21.0,22.0,2021-08-01,True,7.717361111111117,36.28263888888888,20.0,24.0,idle,0.0,22.0,False,False,22.0,22.0,1.0,True,22,2021-08
2021-08-07 23:00:00,23.0,21.0,2021-08-01,True,6.717361111111117,35.28263888888888,19.0,23.0,idle,0.0,21.0,False,False,21.0,21.0,2.0,True,23,2021-08
2021-08-08 00:00:00,21.0,23.0,2021-08-01,True,8.717361111111117,37.28263888888888,21.0,25.0,idle,0.0,23.0,False,False,23.0,23.0,2.0,True,0,2021-08
2021-08-08 01:00:00,21.0,21.0,2021-08-01,True,6.717361111111117,35.28263888888888,19.0,23.0,idle,0.0,21.0,False,False,21.0,21.0,0.0,True,1,2021-08
2021-08-08 02:00:00,21.0,21.0,2021-08-01,True,6.717361111111117,35.28263888888888,19.0,23.0,idle,0.0,21.0,False,False,21.0,21.0,0.0,True,2,2021-08
2021-08-08 03:00:00,23.0,21.0,2021-08-01,True,6.717361111111117,35.28263888888888,19.0,23.0,idle,0.0,21.0,False,False,21.0,21.0,2.0,True,3,2021-08
2021-08-08 04:00:00,21.0,23.0,2021-08-01,True,8.717361111111117,37.28263888888888,21.0,25.0,idle,0.0,23.0,False,False,23.0,23.0,2.0,True,4,2021-08
2021-08-08 05:00:00,21.0,21.0,2021-08-01,True,6.717361111111117,35.28263888888888,19.0,23.0,idle,0.0,21.0,False,False,21.0,21.0,0.0,True,5,2021-08
2021-08-08 06:00:00,21.0,21.0,2021-08-01,True,6.717361111111117,35.28263888888888,19.0,23.0,idle,0.0,21.0,False,False,21.0,21.0,0.0,True,6,2021-08
2021-08-08 07:00:00,22.0,21.0,2021-08-01,True,6.717361111111117,35.28263888888888,19.0,23.0,idle,0.0,21.0,False,False,21.0,21.0,1.0,True,7,2021-08
2021-08-08 08:00:00,21.0,22.0,2021-08-01,True,7.717361111111117,36.28263888888888,20.0,24.0,idle,0.0,22.0,False,False,22.0,22.0,1.0,True,8,2021-08
2021-08-08 09:00:00,21.0,21.0,2021-08-01,True,6.717361111111117,35.28263888888888,19.0,23.0,idle,0.0,21.0,False,False,21.0,21.0,0.0,True,9,2021-08
2021-08-08 10:00:00,23.0,21.0,2021-08-01,True,6.717361111111117,35.28263888888888,19.0,23.0,idle,0.0,21.0,False,False,21.0,21.0,2.0,True,10,2021-08
2021-08-08 11:00:00,21.0,23.0,2021-08-01,True,8.717361111111117,37.28263888888888,21.0,25.0,idle,0.0,23.0,False,False,23.0,23.0,2.0,True,11,2021-08
2021-08-08 12:00:00,21.0,21.0,2021-08-01,True,6.717361111111117,35.28263888888888,19.0,23.0,idle,0.0,21.0,False,False,21.0,21.0,0.0,True,12,2021-08
2021-08-08 13:00:00,21.0,21.0,2021-08-01,True,6.717361111111117,35.28263888888888,19.0,23.0,idle,0.0,21.0,False,False,21.0,21.0,0.0,True,13,2021-08
2021-08-08 14:00:00,22.0,21.0,2021-08-01,True,6.717361111111117,35.28263888888888,19.0,23.0,idle,0.0,21.0,False,False,21.0,21.0,1.0,True,14,2021-08
2021-08-08 15:00:00,21.0,22.0,2021-08-01,True,7.717361111111117,36.28263888888888,20.0,24.0,idle,0.0,22.0,False,False,22.0,22.0,1.0,True,15,2021-08
2021-08-08 16:00:00,21.0,21.0,2021-08-01,True,6.717361111111117,35.28263888888888,19.0,23.0,idle,0.0,21.0,False,False,21.0,21.0,0.0,True,16,2021-08
2021-08-08 17:00:00,22.0,21.0,2021-08-01,True,6.717361111111117,35.28263888888888,19.0,23.0,idle,0.0,21.0,False,False,21.0,21.0,1.0,True,17,2021-08
2021-08-08 18:00:00,22.0,22.0,2021-08-01,True,7.717361111111117,36.28263888888888,20.0,24.0,idle,0.0,22.0,False,False,22.0,22.0,0.0,True,18,2021-08
2021-08-08 19:00:00,21.0,22.0,2021-08-01,True,7.717361111111117,36.28263888888888,20.0,24.0,idle,0.0,22.0,False,False,22.0,22.0,1.0,True,19,2021-08
2021-08-08 20:00:00,21.0,21.0,2021-08-01,True,6.717361111111117,35.28263888888888,19.0,23.0,idle,0.0,21.0,False,False,21.0,21.0,0.0,True,20,2021-08
2021-08-08 21:00:00,22.0,21.0,2021-08-01,True,6.717361111111117,35.28263888888888,19.0,23.0,idle,0.0,21.0,False,False,21.0,21.0,1.0,True,21,2021-08
2021-08-08 22:00:00,21.0,22.0,2021-08-01,True,7.717361111111117,36.28263888888888,20.0,24.0,idle,0.0,22.0,False,False,22.0,22.0,1.0,True,22,2021-08
2021-08-08 23:00:00,21.0,21.0,2021-08-01,True,6.717361111111117,35.28263888888888,19.0,23.0,idle,0.0,21.0,False,False,21.0,21.0,0.0,True,23,2021-08
2021-08-09 00:00:00,21.0,21.0,2021-08-01,True,6.717361111111117,35.28263888888888,19.0,23.0,idle,0.0,21.0,False,False,21.0,21.0,0.0,True,0,2021-08
2021-08-09 01:00:00,23.0,21.0,2021-08-01,True,6.717361111111117,35.28263888888888,19.0,23.0,idle,0.0,21.0,False,False,21.0,21.0,2.0,True,1,2021-08
2021-08-09 02:00:00,20.0,23.0,2021-08-01,True,8.717361111111117,37.28263888888888,21.0,25.0,idle,0.0,23.0,False,False,23.0,23.0,3.0,False,2,2021-08
2021-08-09 03:00:00,22.0,20.0,2021-08-01,True,5.717361111111117,34.28263888888888,18.0,22.0,idle,0.0,20.0,False,False,20.0,20.0,2.0,True,3,2021-08
2021-08-09 04:00:00,21.0,22.0,2021-08-01,True,7.717361111111117,36.28263888888888,20.0,24.0,idle,0.0,22.0,False,False,22.0,22.0,1.0,True,4,2021-08
2021-08-09 05:00:00,21.0,21.0,2021-08-01,True,6.717361111111117,35.28263888888888,19.0,23.0,idle,0.0,21.0,False,False,21.0,21.0,0.0,True,5,2021-08
2021-08-09 06:00:00,20.0,21.0,2021-08-01,True,6.717361111111117,35.28263888888888,19.0,23.0,idle,0.0,21.0,False,False,21.0,21.0,1.0,True,6,2021-08
2021-08-09 07:00:00,70.0,20.0,2021-08-01,True,5.717361111111117,34.28263888888888,18.0,22.0,startup,10.0,20.0,False,False,20.0,20.0,50.0,False,7,2021-08
2021-08-09 08:00:00,193.0,157.51249999999996,2021-08-01,False,143.22986111111106,171.79513888888886,140.6006944444444,174.42430555555552,running,749.0,70.0,True,True,131.8900550919315,70.0,35.48750000000004,False,8,2021-08
2021-08-09 09:00:00,191.0,162.45416666666668,2021-08-01,False,148.17152777777778,176.73680555555558,145.54236111111112,179.36597222222224,running,773.0,193.0,True,True,148.87280006046487,193.0,28.54583333333332,False,9,2021-08
2021-08-09 10:00:00,182.0,155.0819444444445,2021-08-01,False,140.79930555555563,169.36458333333337,138.1701388888889,171.9937500000001,running,408.0,191.0,True,True,148.35219113938751,191.0,26.918055555555497,False,10,2021-08
2021-08-09 11:00:00,187.0,151.82638888888889,2021-08-01,False,137.54375,166.10902777777778,134.91458333333333,168.73819444444445,running,1431.0,182.0,True,True,151.10644064566517,182.0,35.173611111111114,False,11,2021-08
2021-08-09 12:00:00,129.0,117.1277777777778,2021-08-01,False,102.84513888888893,131.41041666666666,100.21597222222222,134.03958333333338,running,120.0,187.0,False,False,123.75411376549084,187.0,11.872222222222206,True,12,2021-08
2021-08-09 13:00:00,182.0,146.62499999999997,2021-08-01,False,132.34236111111107,160.90763888888887,129.7131944444444,163.53680555555553,running,7569.0,129.0,True,True,146.48128761318023,129.0,35.37500000000003,False,13,2021-08
2021-08-09 14:00:00,183.0,158.16041666666663,2021-08-01,False,143.87777777777774,172.44305555555553,141.24861111111107,175.0722222222222,running,3753.0,182.0,True,True,154.13463867619424,182.0,24.839583333333366,False,14,2021-08
2021-08-09 15:00:00,167.0,151.725,2021-08-01,False,137.4423611111111,166.0076388888889,134.81319444444443,168.63680555555555,running,1087.0,183.0,True,True,146.72437357428294,183.0,15.275000000000006,True,15,2021-08
2021-08-09 16:00:00,184.0,154.76111111111112,2021-08-01,False,140.47847222222225,169.04375,137.84930555555553,171.6729166666667,running,1416.0,167.0,True,False,153.74448786975935,167.0,29.23888888888888,False,16,2021-08
2021-08-09 17:00:00,146.0,139.3625,2021-08-01,False,125.07986111111111,153.64513888888888,122.45069444444444,156.2743055555556,running,3120.0,184.0,False,True,140.9600569776567,184.0,6.637499999999989,True,17,2021-08
2021-08-09 18:00:00,98.0,121.17291666666664,2021-08-01,False,106.89027777777775,135.45555555555552,104.26111111111106,138.0847222222222,shutdown,0.0,146.0,False,False,129.94769527232893,146.0,23.172916666666637,False,18,2021-08
2021-08-09 19:00:00,93.0,100.14861111111117,2021-08-01,False,85.86597222222228,114.43125000000003,83.23680555555559,117.06041666666674,idle,0.0,98.0,False,False,102.66705571946645,98.0,7.148611111111165,True,19,2021-08
2021-08-09 20:00:00,109.0,94.69027777777778,2021-08-01,False,80.4076388888889,108.97291666666666,77.7784722222222,111.60208333333335,startup,36.0,93.0,False,False,94.86449903315932,93.0,14.30972222222222,True,20,2021-08
2021-08-09 21:00:00,115.0,104.53402777777774,2021-08-01,False,90.25138888888884,118.81666666666662,87.62222222222216,121.44583333333333,running,114.0,109.0,False,False,105.15785091840236,109.0,10.465972222222263,True,21,2021-08
2021-08-09 22:00:00,109.0,103.3069444444445,2021-08-01,False,89.02430555555561,117.58958333333338,86.39513888888892,120.21875000000009,running,63.0,115.0,False,False,105.40846954414587,115.0,5.693055555555503,True,22,2021-08
2021-08-09 23:00:00,98.0,99.83888888888887,2021-08-01,False,85.55624999999999,114.12152777777776,82.9270833333333,116.75069444444443,running,40.0,109.0,False,False,104.74307596145088,109.0,1.8388888888888744,True,23,2021-08
2021-08-10 00:00:00,68.0,55.63819444444445,2021-08-01,False,41.35555555555557,69.92083333333333,38.72638888888888,72.55000000000003,shutdown,0.0,98.0,False,False,60.76987705512677,98.0,12.361805555555549,True,0,2021-08
2021-08-10 01:00:00,99.0,100.8659722222222,2021-08-01,False,86.58333333333331,115.14861111111108,83.95416666666662,117.77777777777776,startup,30.0,68.0,False,False,91.21101046600565,68.0,1.8659722222221973,True,1,2021-08
2021-08-10 02:00:00,96.0,95.6909722222222,2021-08-01,False,81.40833333333332,109.97361111111108,78.77916666666663,112.60277777777776,running,435.0,99.0,False,False,96.5276170820313,99.0,0.3090277777777999,True,2,2021-08
2021-08-10 03:00:00,98.0,93.43819444444446,2021-08-01,False,79.15555555555558,107.72083333333336,76.52638888888889,110.35000000000004,running,18.0,96.0,False,False,95.59182351376192,96.0,4.561805555555537,True,3,2021-08
2021-08-10 04:00:00,101.0,97.39097222222225,2021-08-01,False,83.10833333333336,111.67361111111111,80.47916666666667,114.30277777777782,running,88.0,98.0,False,False,93.74256829485388,98.0,3.6090277777777544,True,4,2021-08
2021-08-10 05:00:00,85.0,87.85694444444445,2021-08-01,False,73.57430555555557,102.13958333333332,70.94513888888888,104.76875000000004,running,10.0,101.0,False,False,90.42502416297935,101.0,2.8569444444444514,True,5,2021-08
2021-08-10 06:00:00,100.0,99.68541666666668,2021-08-01,False,85.4027777777778,113.96805555555557,82.77361111111111,116.59722222222226,running,194.0,85.0,False,False,98.91597207560956,85.0,0.3145833333333172,True,6,2021-08
2021-08-10 07:00:00,128.0,119.52777777777776,2021-08-01,False,105.24513888888887,133.81041666666664,102.61597222222218,136.43958333333333,running,1883.0,100.0,False,False,111.42830106202106,100.0,8.472222222222243,True,7,2021-08
2021-08-10 08:00:00,183.0,166.19999999999996,2021-08-01,False,151.91736111111106,180.48263888888889,149.2881944444444,183.11180555555552,running,503.0,128.0,True,False,168.24741286724014,128.0,16.80000000000004,True,8,2021-08
2021-08-10 09:00:00,185.0,170.42638888888894,2021-08-01,False,156.14375000000007,184.7090277777778,153.51458333333335,187.33819444444453,running,1091.0,183.0,True,True,166.6725840132441,183.0,14.573611111111063,True,9,2021-08
2021-08-10 10:00:00,175.0,168.34583333333336,2021-08-01,False,154.0631944444445,182.62847222222223,151.43402777777777,185.25763888888892,running,1629.0,185.0,True,True,165.5101543879174,185.0,6.65416666666664,True,10,2021-08
2021-08-10 11:00:00,185.0,170.50416666666663,2021-08-01,False,156.22152777777774,184.78680555555556,153.59236111111107,187.4159722222222,running,1421.0,175.0,True,True,169.00707659032707,175.0,14.495833333333366,True,11,2021-08
2021-08-10 12:00:00,107.0,116.81944444444444,2021-08-01,False,102.53680555555556,131.10208333333333,99.90763888888888,133.73125000000002,shutdown,0.0,185.0,False,False,118.76366677834936,185.0,9.819444444444443,True,12,2021-08
2021-08-10 13:00:00,181.0,158.83888888888893,2021-08-01,False,144.55625000000003,173.12152777777783,141.92708333333337,175.7506944444445,startup,1199.0,107.0,True,True,144.87280340399855,107.0,22.16111111111107,False,13,2021-08
2021-08-10 14:00:00,170.0,167.7895833333333,2021-08-01,False,153.5069444444444,182.0722222222222,150.87777777777774,184.70138888888889,running,1693.0,181.0,False,True,167.01279808167095,181.0,2.2104166666667027,True,14,2021-08
2021-08-10 15:00:00,155.0,161.15,2021-08-01,False,146.8673611111111,175.4326388888889,144.23819444444445,178.06180555555557,running,687.0,170.0,False,False,163.6916512546988,170.0,6.150000000000006,True,15,2021-08
2021-08-10 16:00:00,169.0,163.84583333333336,2021-08-01,False,149.5631944444445,178.12847222222223,146.93402777777777,180.75763888888892,running,662.0,155.0,True,True,167.68202367197395,155.0,5.15416666666664,True,16,2021-08
2021-08-10 17:00:00,126.0,140.01041666666669,2021-08-01,False,125.7277777777778,154.29305555555555,123.09861111111113,156.92222222222227,running,518.0,169.0,False,False,147.8303929407986,169.0,14.010416666666686,True,17,2021-08
2021-08-10 18:00:00,165.0,146.95694444444447,2021-08-01,False,132.67430555555558,161.23958333333337,130.0451388888889,163.86875000000003,running,3333.0,126.0,False,False,140.1356678782401,126.0,18.043055555555526,False,18,2021-08
2021-08-10 19:00:00,156.0,146.55138888888894,2021-08-01,False,132.26875000000007,160.8340277777778,129.63958333333335,163.46319444444453,running,1764.0,165.0,False,False,141.09470187043414,165.0,9.448611111111063,True,19,2021-08
2021-08-10 20:00:00,129.0,127.02777777777776,2021-08-01,False,112.74513888888887,141.31041666666664,110.11597222222218,143.93958333333333,running,113.0,156.0,False,False,126.2498519566137,156.0,1.9722222222222427,True,20,2021-08
2021-08-10 21:00:00,123.0,123.17638888888884,2021-08-01,False,108.89374999999995,137.45902777777772,106.26458333333326,140.0881944444444,running,149.0,129.0,False,False,125.85926795522386,129.0,0.17638888888883741,True,21,2021-08
2021-08-10 22:00:00,106.0,110.67638888888888,2021-08-01,False,96.39375,124.95902777777776,93.7645833333333,127.58819444444444,running,5.0,123.0,False,False,113.72819705856116,123.0,4.67638888888888,True,22,2021-08
2021-08-10 23:00:00,99.0,97.4402777777778,2021-08-01,False,83.15763888888891,111.72291666666668,80.52847222222222,114.35208333333335,shutdown,0.0,106.0,False,False,101.15685208335124,106.0,1.5597222222222058,True,23,2021-08
2021-08-11 00:00:00,77.0,48.23194444444443,2021-08-01,False,33.94930555555555,62.51458333333331,31.320138888888856,65.14375000000001,idle,0.0,99.0,False,False,62.34590970668396,99.0,28.76805555555557,False,0,2021-08
2021-08-11 01:00:00,99.0,90.0034722222222,2021-08-01,False,75.72083333333332,104.28611111111108,73.09166666666663,106.91527777777776,startup,54.0,77.0,False,False,92.19362544330696,77.0,8.9965277777778,True,1,2021-08
2021-08-11 02:00:00,109.0,94.57569444444444,2021-08-01,False,80.29305555555555,108.85833333333332,77.66388888888886,111.4875,running,55.0,99.0,False,False,93.90423073946728,99.0,14.424305555555563,True,2,2021-08
2021-08-11 03:00:00,104.0,102.24166666666665,2021-08-01,False,87.95902777777776,116.52430555555551,85.32986111111107,119.15347222222222,running,6.0,109.0,False,False,104.12446795879973,109.0,1.7583333333333542,True,3,2021-08
2021-08-11 04:00:00,111.0,98.16388888888888,2021-08-01,False,83.88125,112.44652777777776,81.2520833333333,115.07569444444444,running,78.0,104.0,False,False,96.95650976500988,104.0,12.836111111111123,True,4,2021-08
2021-08-11 05:00:00,92.0,98.275,2021-08-01,False,83.99236111111112,112.55763888888887,81.36319444444443,115.18680555555558,running,900.0,111.0,False,False,102.28453575176408,111.0,6.275000000000006,True,5,2021-08
2021-08-11 06:00:00,122.0,102.00625,2021-08-01,False,87.72361111111111,116.28888888888888,85.09444444444442,118.91805555555555,running,69.0,92.0,False,False,102.72559309351016,92.0,19.993750000000006,False,6,2021-08
2021-08-11 07:00:00,132.0,128.6638888888889,2021-08-01,False,114.38125,142.94652777777776,111.75208333333332,145.57569444444448,running,527.0,122.0,False,False,127.2332470045765,122.0,3.3361111111111086,True,7,2021-08
2021-08-11 08:00:00,203.0,170.3069444444444,2021-08-01,False,156.02430555555554,184.58958333333328,153.39513888888882,187.21875,running,783.0,132.0,True,True,167.7138298995569,132.0,32.69305555555559,False,8,2021-08
2021-08-11 09:00:00,179.0,171.0131944444444,2021-08-01,False,156.7305555555555,185.2958333333333,154.10138888888883,187.92499999999995,running,885.0,203.0,True,True,172.42788047491007,203.0,7.9868055555556055,True,9,2021-08
2021-08-11 10:00:00,183.0,164.51111111111112,2021-08-01,False,150.22847222222225,178.79375,147.59930555555553,181.4229166666667,running,4050.0,179.0,True,True,164.77915685868155,179.0,18.48888888888888,False,10,2021-08
2021-08-11 11:00:00,184.0,166.2680555555556,2021-08-01,False,151.9854166666667,180.5506944444445,149.35625000000005,183.1798611111112,running,1856.0,183.0,True,True,171.77944621815686,183.0,17.731944444444395,False,11,2021-08
2021-08-11 12:00:00,113.0,110.8159722222222,2021-08-01,False,96.53333333333332,125.09861111111108,93.90416666666664,127.72777777777776,running,187.0,184.0,False,True,120.1827052118892,184.0,2.1840277777778,True,12,2021-08
2021-08-11 13:00:00,183.0,156.68333333333337,2021-08-01,False,142.40069444444447,170.96597222222226,139.7715277777778,173.59513888888893,running,500.0,113.0,True,True,142.46425946931976,113.0,26.316666666666634,False,13,2021-08
2021-08-11 14:00:00,187.0,169.3270833333333,2021-08-01,False,155.04444444444442,183.60972222222216,152.4152777777777,186.23888888888888,running,979.0,183.0,True,True,172.48931971479806,183.0,17.67291666666671,False,14,2021-08
2021-08-11 15:00:00,153.0,158.49722222222218,2021-08-01,False,144.21458333333328,172.77986111111107,141.58541666666662,175.40902777777774,running,1734.0,187.0,False,True,159.84881390734864,187.0,5.497222222222177,True,15,2021-08
2021-08-11 16:00:00,182.0,163.70277777777775,2021-08-01,False,149.42013888888886,177.98541666666665,146.7909722222222,180.6145833333333,running,330.0,153.0,True,True,167.14455447587886,153.0,18.297222222222246,False,16,2021-08
2021-08-11 17:00:00,151.0,140.46180555555554,2021-08-01,False,126.17916666666666,154.7444444444444,123.54999999999995,157.37361111111113,running,251.0,182.0,False,True,139.9226317346426,182.0,10.538194444444457,True,17,2021-08
2021-08-11 18:00:00,180.0,156.7576388888889,2021-08-01,False,142.47500000000002,171.04027777777776,139.8458333333333,173.66944444444448,running,2420.0,151.0,True,False,159.79272001007917,151.0,23.24236111111111,False,18,2021-08
2021-08-11 19:00:00,150.0,146.31666666666663,2021-08-01,False,132.03402777777774,160.59930555555553,129.40486111111107,163.2284722222222,running,3724.0,180.0,False,False,151.45610009695167,180.0,3.6833333333333655,True,19,2021-08
2021-08-11 20:00:00,125.0,126.39444444444445,2021-08-01,False,112.11180555555556,140.67708333333331,109.48263888888889,143.30625000000003,running,6.0,150.0,False,False,127.17748522197284,150.0,1.3944444444444457,True,20,2021-08
2021-08-11 21:00:00,108.0,117.94444444444449,2021-08-01,False,103.6618055555556,132.22708333333338,101.03263888888893,134.85625000000005,running,69.0,125.0,False,False,120.4331271933846,125.0,9.944444444444485,True,21,2021-08
2021-08-11 22:00:00,110.0,105.09444444444443,2021-08-01,False,90.81180555555557,119.37708333333332,88.18263888888886,122.00625,running,98.0,108.0,False,False,111.62989613912904,108.0,4.905555555555566,True,22,2021-08
2021-08-11 23:00:00,99.0,97.08819444444444,2021-08-01,False,82.80555555555556,111.37083333333332,80.17638888888887,114.0,running,26.0,110.0,False,False,95.97684339873952,110.0,1.91180555555556,True,23,2021-08
2021-08-12 00:00:00,76.0,49.92222222222222,2021-08-01,False,35.639583333333334,64.2048611111111,33.01041666666664,66.83402777777779,shutdown,0.0,99.0,False,False,60.99217962902472,99.0,26.077777777777783,False,0,2021-08
2021-08-12 01:00:00,105.0,96.02291666666665,2021-08-01,False,81.74027777777776,110.30555555555551,79.11111111111107,112.93472222222222,startup,139.0,76.0,False,False,92.23068874811916,76.0,8.977083333333354,True,1,2021-08
2021-08-12 02:00:00,108.0,105.33263888888888,2021-08-01,False,91.05,119.61527777777776,88.4208333333333,122.24444444444444,running,108.0,105.0,False,False,110.27868815659856,105.0,2.66736111111112,True,2,2021-08
2021-08-12 03:00:00,104.0,99.73750000000004,2021-08-01,False,85.45486111111116,114.02013888888892,82.82569444444447,116.6493055555556,running,191.0,108.0,False,False,97.68926839420963,108.0,4.26249999999996,True,3,2021-08
2021-08-12 04:00:00,107.0,103.50138888888884,2021-08-01,False,89.21874999999996,117.78402777777772,86.58958333333327,120.4131944444444,running,108.0,104.0,False,False,103.33419574800573,104.0,3.4986111111111597,True,4,2021-08
2021-08-12 05:00:00,89.0,88.56458333333333,2021-08-01,False,74.28194444444445,102.8472222222222,71.65277777777776,105.4763888888889,running,459.0,107.0,False,False,90.3564102012975,107.0,0.43541666666666856,True,5,2021-08
2021-08-12 06:00:00,114.0,104.0513888888889,2021-08-01,False,89.76875000000001,118.33402777777778,87.13958333333332,120.96319444444448,running,300.0,89.0,False,False,101.64042026487348,89.0,9.948611111111106,True,6,2021-08
2021-08-12 07:00:00,130.0,122.4625,2021-08-01,False,108.17986111111112,136.7451388888889,105.55069444444445,139.37430555555557,running,702.0,114.0,False,False,126.69314184040752,114.0,7.537499999999994,True,7,2021-08
2021-08-12 08:00:00,187.0,171.81249999999997,2021-08-01,False,157.52986111111107,186.09513888888887,154.9006944444444,188.72430555555556,running,1250.0,130.0,True,True,167.76975633223014,130.0,15.187500000000028,True,8,2021-08
2021-08-12 09:00:00,181.0,171.3055555555555,2021-08-01,False,157.02291666666662,185.58819444444435,154.3937499999999,188.21736111111107,running,1195.0,187.0,True,True,168.49585377490857,187.0,9.694444444444514,True,9,2021-08
2021-08-12 10:00:00,177.0,160.15694444444443,2021-08-01,False,145.87430555555557,174.4395833333333,143.24513888888885,177.06875000000002,running,990.0,181.0,True,True,164.3934123770886,181.0,16.843055555555566,True,10,2021-08
2021-08-12 11:00:00,188.0,164.64374999999998,2021-08-01,False,150.3611111111111,178.92638888888888,147.73194444444442,181.55555555555557,running,1075.0,177.0,True,True,169.31025122092848,177.0,23.356250000000017,False,11,2021-08
2021-08-12 12:00:00,120.0,110.87777777777777,2021-08-01,False,96.59513888888888,125.16041666666663,93.9659722222222,127.78958333333334,running,85.0,188.0,False,True,122.76631404014412,188.0,9.122222222222234,True,12,2021-08
2021-08-12 13:00:00,170.0,156.54097222222217,2021-08-01,False,142.25833333333327,170.82361111111106,139.6291666666666,173.45277777777773,running,1315.0,120.0,True,True,150.0748702658041,120.0,13.459027777777834,True,13,2021-08
2021-08-12 14:00:00,184.0,165.8736111111111,2021-08-01,False,151.5909722222222,180.15625,148.96180555555554,182.78541666666663,running,1222.0,170.0,True,True,167.47756895170596,170.0,18.126388888888897,False,14,2021-08
2021-08-12 15:00:00,165.0,158.99930555555554,2021-08-01,False,144.71666666666664,173.28194444444443,142.08749999999998,175.9111111111111,running,768.0,184.0,True,True,156.21238949942202,184.0,6.000694444444463,True,15,2021-08
2021-08-12 16:00:00,170.0,163.3638888888889,2021-08-01,False,149.08125,177.6465277777778,146.45208333333335,180.27569444444447,running,6810.0,165.0,False,False,168.2700899142421,165.0,6.6361111111110915,True,16,2021-08
2021-08-12 17:00:00,135.0,140.66180555555553,2021-08-01,False,126.37916666666663,154.9444444444444,123.74999999999996,157.57361111111112,running,635.0,170.0,False,False,148.7269556702352,170.0,5.6618055555555316,True,17,2021-08
2021-08-12 18:00:00,172.0,157.9131944444444,2021-08-01,False,143.63055555555553,172.19583333333327,141.0013888888888,174.825,running,1081.0,135.0,False,False,159.8896927142008,135.0,14.0868055555556,True,18,2021-08
2021-08-12 19:00:00,161.0,146.4770833333333,2021-08-01,False,132.1944444444444,160.7597222222222,129.56527777777774,163.38888888888886,running,3692.0,172.0,True,False,152.9550042909167,172.0,14.522916666666703,True,19,2021-08
2021-08-12 20:00:00,125.0,127.0701388888889,2021-08-01,False,112.78750000000002,141.3527777777778,110.15833333333332,143.98194444444448,running,114.0,161.0,False,False,125.23157993668578,161.0,2.0701388888889056,True,20,2021-08
2021-08-12 21:00:00,112.0,121.32916666666662,2021-08-01,False,107.04652777777774,135.61180555555552,104.41736111111103,138.24097222222218,shutdown,0.0,125.0,False,False,125.81729882657852,125.0,9.329166666666623,True,21,2021-08
2021-08-12 22:00:00,116.0,103.8361111111111,2021-08-01,False,89.55347222222221,118.11874999999998,86.92430555555552,120.74791666666668,idle,0.0,112.0,False,False,106.16681735294732,112.0,12.163888888888906,True,22,2021-08
2021-08-12 23:00:00,103.0,104.33194444444445,2021-08-01,False,90.04930555555556,118.61458333333331,87.42013888888887,121.24375000000002,startup,100.0,116.0,False,False,112.21418758964212,116.0,1.3319444444444457,True,23,2021-08
2021-08-13 00:00:00,72.0,44.607638888888886,2021-08-01,False,30.325000000000003,58.89027777777777,27.69583333333331,61.51944444444446,running,137.0,103.0,False,False,61.25056981903168,103.0,27.392361111111114,False,0,2021-08
2021-08-13 01:00:00,100.0,99.2652777777778,2021-08-01,False,84.98263888888891,113.54791666666668,82.35347222222222,116.17708333333336,running,45.0,72.0,False,False,91.877877159255,72.0,0.734722222222203,True,1,2021-08
2021-08-13 02:00:00,112.0,99.30416666666666,2021-08-01,False,85.02152777777778,113.58680555555554,82.39236111111109,116.21597222222223,running,100.0,100.0,False,False,99.9411454670602,100.0,12.69583333333334,True,2,2021-08
2021-08-13 03:00:00,116.0,105.5694444444444,2021-08-01,False,91.28680555555552,119.85208333333328,88.65763888888883,122.48124999999996,running,190.0,112.0,False,False,109.43288425795863,112.0,10.4305555555556,True,3,2021-08
2021-08-13 04:00:00,110.0,105.97708333333334,2021-08-01,False,91.69444444444446,120.25972222222222,89.06527777777777,122.88888888888891,running,97.0,116.0,False,False,107.15940615474406,116.0,4.02291666666666,True,4,2021-08
2021-08-13 05:00:00,88.0,97.08958333333332,2021-08-01,False,82.80694444444444,111.3722222222222,80.17777777777775,114.0013888888889,shutdown,0.0,110.0,False,False,99.43048145721905,110.0,9.089583333333323,True,5,2021-08
2021-08-13 06:00:00,110.0,105.91666666666669,2021-08-01,False,91.6340277777778,120.19930555555555,89.00486111111111,122.82847222222226,startup,831.0,88.0,False,False,108.05014776887089,88.0,4.083333333333314,True,6,2021-08
2021-08-13 07:00:00,136.0,114.3256944444444,2021-08-01,False,100.04305555555553,128.6083333333333,97.41388888888882,131.23749999999995,running,352.0,110.0,False,False,112.01007626118562,110.0,21.674305555555605,False,7,2021-08
2021-08-13 08:00:00,196.0,169.19999999999996,2021-08-01,False,154.91736111111106,183.48263888888889,152.2881944444444,186.11180555555552,running,1107.0,136.0,True,True,171.85470008124292,136.0,26.80000000000004,False,8,2021-08
2021-08-13 09:00:00,188.0,165.17638888888888,2021-08-01,False,150.89375,179.45902777777775,148.2645833333333,182.08819444444447,running,1246.0,196.0,True,True,165.78936064794988,196.0,22.82361111111112,False,9,2021-08
2021-08-13 10:00:00,184.0,165.04583333333338,2021-08-01,False,150.76319444444448,179.32847222222227,148.13402777777782,181.9576388888889,running,1023.0,188.0,True,True,165.89106924116015,188.0,18.954166666666623,False,10,2021-08
2021-08-13 11:00:00,196.0,168.25833333333333,2021-08-01,False,153.97569444444446,182.5409722222222,151.34652777777774,185.1701388888889,running,1809.0,184.0,True,True,168.96673347456132,184.0,27.741666666666674,False,11,2021-08
2021-08-13 12:00:00,111.0,111.4284722222222,2021-08-01,False,97.14583333333331,125.71111111111108,94.51666666666662,128.34027777777777,running,30.0,196.0,False,True,120.9234500346116,196.0,0.4284722222221973,True,12,2021-08
2021-08-13 13:00:00,183.0,153.05069444444445,2021-08-01,False,138.76805555555558,167.33333333333331,136.13888888888886,169.96250000000003,running,1393.0,111.0,True,True,128.2302960435922,111.0,29.949305555555554,False,13,2021-08
2021-08-13 14:00:00,189.0,164.61805555555557,2021-08-01,False,150.33541666666667,178.90069444444447,147.70625,181.52986111111116,running,1512.0,183.0,True,True,169.11498126908683,183.0,24.38194444444443,False,14,2021-08
2021-08-13 15:00:00,167.0,160.04305555555553,2021-08-01,False,145.76041666666663,174.32569444444442,143.13124999999997,176.9548611111111,running,1316.0,189.0,True,True,163.97750986728732,189.0,6.956944444444474,True,15,2021-08
2021-08-13 16:00:00,183.0,165.77777777777777,2021-08-01,False,151.4951388888889,180.06041666666664,148.86597222222218,182.68958333333336,running,1055.0,167.0,True,True,168.456694151445,167.0,17.22222222222223,False,16,2021-08
2021-08-13 17:00:00,149.0,141.06388888888887,2021-08-01,False,126.78125,155.34652777777774,124.1520833333333,157.97569444444446,running,770.0,183.0,False,True,143.41091783837695,183.0,7.936111111111131,True,17,2021-08
2021-08-13 18:00:00,174.0,161.0284722222222,2021-08-01,False,146.74583333333334,175.31111111111107,144.11666666666662,177.9402777777778,running,1523.0,149.0,False,False,162.56695735985184,149.0,12.971527777777794,True,18,2021-08
2021-08-13 19:00:00,146.0,147.60138888888886,2021-08-01,False,133.31874999999997,161.88402777777776,130.6895833333333,164.51319444444442,running,2206.0,174.0,False,False,155.96127933285914,174.0,1.601388888888863,True,19,2021-08
2021-08-13 20:00:00,117.0,114.15555555555557,2021-08-01,False,99.87291666666668,128.43819444444443,97.24375,131.06736111111115,shutdown,0.0,146.0,False,False,119.35609865926229,146.0,2.8444444444444343,True,20,2021-08
2021-08-13 21:00:00,113.0,116.71180555555551,2021-08-01,False,102.42916666666665,130.9944444444444,99.79999999999994,133.62361111111107,startup,55.0,117.0,False,False,123.34300950664982,117.0,3.7118055555555145,True,21,2021-08
2021-08-13 22:00:00,109.0,105.0402777777778,2021-08-01,False,90.75763888888892,119.32291666666669,88.12847222222223,121.95208333333338,running,832.0,113.0,False,False,108.50832214946516,113.0,3.9597222222221973,True,22,2021-08
2021-08-13 23:00:00,97.0,103.09930555555556,2021-08-01,False,88.81666666666668,117.38194444444444,86.18749999999999,120.01111111111112,running,39.0,109.0,False,False,110.01522781288486,109.0,6.09930555555556,True,23,2021-08
2021-08-14 00:00:00,62.0,51.250694444444434,2021-08-01,False,36.96805555555555,65.53333333333332,34.33888888888886,68.16250000000001,shutdown,0.0,97.0,False,False,60.924381674047936,97.0,10.749305555555566,True,0,2021-08
2021-08-14 01:00:00,97.0,94.00069444444443,2021-08-01,False,79.71805555555555,108.28333333333332,77.08888888888886,110.9125,startup,237.0,62.0,False,False,84.5022738020779,62.0,2.9993055555555657,True,1,2021-08
2021-08-14 02:00:00,107.0,92.1965277777778,2021-08-01,False,77.91388888888892,106.47916666666669,75.28472222222223,109.10833333333338,running,61.0,97.0,False,False,92.82634514852704,97.0,14.803472222222197,True,2,2021-08
2021-08-14 03:00:00,91.0,90.54305555555558,2021-08-01,False,76.2604166666667,104.82569444444448,73.63125000000001,107.45486111111116,running,61.0,107.0,False,False,91.66382541510376,107.0,0.4569444444444173,True,3,2021-08
2021-08-14 04:00:00,98.0,85.12986111111113,2021-08-01,False,70.84722222222224,99.4125,68.21805555555555,102.0416666666667,running,40.0,91.0,False,False,90.62274943807634,91.0,12.870138888888874,True,4,2021-08
2021-08-14 05:00:00,83.0,78.41180555555555,2021-08-01,False,64.12916666666666,92.69444444444444,61.49999999999997,95.32361111111112,running,198.0,98.0,False,False,83.9180885690779,98.0,4.588194444444454,True,5,2021-08
2021-08-14 06:00:00,86.0,90.85763888888894,2021-08-01,False,76.57500000000006,105.14027777777784,73.94583333333337,107.76944444444452,running,136.0,83.0,False,False,91.6372428408032,83.0,4.857638888888943,True,6,2021-08
2021-08-14 07:00:00,53.0,85.28611111111113,2021-08-01,False,71.00347222222224,99.56875,68.37430555555555,102.1979166666667,running,796.0,86.0,False,False,78.99430673016144,86.0,32.286111111111126,False,7,2021-08
2021-08-14 08:00:00,23.0,46.164583333333326,2021-08-01,False,31.881944444444443,60.44722222222221,29.25277777777775,63.0763888888889,shutdown,0.0,53.0,False,False,27.949725329201392,53.0,23.164583333333326,False,8,2021-08
2021-08-14 09:00:00,22.0,22.178472222222226,2021-08-01,False,7.895833333333343,36.46111111111111,5.266666666666652,39.0902777777778,idle,0.0,23.0,False,False,22.56125422321815,23.0,0.1784722222222257,True,9,2021-08
2021-08-14 10:00:00,21.0,24.35138888888889,2021-08-01,False,10.068750000000009,38.634027777777774,7.439583333333317,41.26319444444447,idle,0.0,22.0,False,False,22.49684920036849,22.0,3.3513888888888914,True,10,2021-08
2021-08-14 11:00:00,23.0,22.86319444444445,2021-08-01,False,8.580555555555566,37.14583333333333,5.951388888888875,39.77500000000002,idle,0.0,21.0,False,False,23.40196165610159,21.0,0.13680555555555074,True,11,2021-08
2021-08-14 12:00:00,22.0,22.95625,2021-08-01,False,8.673611111111118,37.23888888888888,6.0444444444444265,39.86805555555557,idle,0.0,23.0,False,False,22.232118607887084,23.0,0.9562500000000007,True,12,2021-08
2021-08-14 13:00:00,21.0,21.69097222222222,2021-08-01,False,7.408333333333338,35.973611111111104,4.779166666666647,38.6027777777778,idle,0.0,22.0,False,False,23.65425179429845,22.0,0.6909722222222214,True,13,2021-08
2021-08-14 14:00:00,22.0,21.0,2021-08-01,True,6.717361111111117,35.28263888888888,19.0,23.0,idle,0.0,21.0,False,False,21.0,21.0,1.0,True,14,2021-08
2021-08-14 15:00:00,23.0,22.0,2021-08-01,True,7.717361111111117,36.28263888888888,20.0,24.0,idle,0.0,22.0,False,False,22.0,22.0,1.0,True,15,2021-08
2021-08-14 16:00:00,22.0,23.0,2021-08-01,True,8.717361111111117,37.28263888888888,21.0,25.0,idle,0.0,23.0,False,False,23.0,23.0,1.0,True,16,2021-08
2021-08-14 17:00:00,21.0,22.0,2021-08-01,True,7.717361111111117,36.28263888888888,20.0,24.0,idle,0.0,22.0,False,False,22.0,22.0,1.0,True,17,2021-08
2021-08-14 18:00:00,22.0,21.0,2021-08-01,True,6.717361111111117,35.28263888888888,19.0,23.0,idle,0.0,21.0,False,False,21.0,21.0,1.0,True,18,2021-08
2021-08-14 19:00:00,23.0,22.0,2021-08-01,True,7.717361111111117,36.28263888888888,20.0,24.0,idle,0.0,22.0,False,False,22.0,22.0,1.0,True,19,2021-08
2021-08-14 20:00:00,22.0,23.0,2021-08-01,True,8.717361111111117,37.28263888888888,21.0,25.0,idle,0.0,23.0,False,False,23.0,23.0,1.0,True,20,2021-08
2021-08-14 21:00:00,22.0,22.0,2021-08-01,True,7.717361111111117,36.28263888888888,20.0,24.0,idle,0.0,22.0,False,False,22.0,22.0,0.0,True,21,2021-08
2021-08-14 22:00:00,23.0,22.0,2021-08-01,True,7.717361111111117,36.28263888888888,20.0,24.0,idle,0.0,22.0,False,False,22.0,22.0,1.0,True,22,2021-08
2021-08-14 23:00:00,22.0,23.0,2021-08-01,True,8.717361111111117,37.28263888888888,21.0,25.0,idle,0.0,23.0,False,False,23.0,23.0,1.0,True,23,2021-08
2021-08-15 00:00:00,22.0,22.0,2021-08-01,True,7.717361111111117,36.28263888888888,20.0,24.0,idle,0.0,22.0,False,False,22.0,22.0,0.0,True,0,2021-08
2021-08-15 01:00:00,23.0,22.0,2021-08-01,True,7.717361111111117,36.28263888888888,20.0,24.0,idle,0.0,22.0,False,False,22.0,22.0,1.0,True,1,2021-08
2021-08-15 02:00:00,22.0,23.0,2021-08-01,True,8.717361111111117,37.28263888888888,21.0,25.0,idle,0.0,23.0,False,False,23.0,23.0,1.0,True,2,2021-08
2021-08-15 03:00:00,21.0,22.0,2021-08-01,True,7.717361111111117,36.28263888888888,20.0,24.0,idle,0.0,22.0,False,False,22.0,22.0,1.0,True,3,2021-08
2021-08-15 04:00:00,22.0,21.0,2021-08-01,True,6.717361111111117,35.28263888888888,19.0,23.0,idle,0.0,21.0,False,False,21.0,21.0,1.0,True,4,2021-08
2021-08-15 05:00:00,23.0,22.0,2021-08-01,True,7.717361111111117,36.28263888888888,20.0,24.0,idle,0.0,22.0,False,False,22.0,22.0,1.0,True,5,2021-08
2021-08-15 06:00:00,22.0,23.0,2021-08-01,True,8.717361111111117,37.28263888888888,21.0,25.0,idle,0.0,23.0,False,False,23.0,23.0,1.0,True,6,2021-08
2021-08-15 07:00:00,21.0,22.0,2021-08-01,True,7.717361111111117,36.28263888888888,20.0,24.0,idle,0.0,22.0,False,False,22.0,22.0,1.0,True,7,2021-08
2021-08-15 08:00:00,23.0,21.0,2021-08-01,True,6.717361111111117,35.28263888888888,19.0,23.0,idle,0.0,21.0,False,False,21.0,21.0,2.0,True,8,2021-08
2021-08-15 09:00:00,23.0,23.0,2021-08-01,True,8.717361111111117,37.28263888888888,21.0,25.0,idle,0.0,23.0,False,False,23.0,23.0,0.0,True,9,2021-08
2021-08-15 10:00:00,21.0,23.0,2021-08-01,True,8.717361111111117,37.28263888888888,21.0,25.0,idle,0.0,23.0,False,False,23.0,23.0,2.0,True,10,2021-08
2021-08-15 11:00:00,22.0,21.0,2021-08-01,True,6.717361111111117,35.28263888888888,19.0,23.0,idle,0.0,21.0,False,False,21.0,21.0,1.0,True,11,2021-08
2021-08-15 12:00:00,23.0,22.0,2021-08-01,True,7.717361111111117,36.28263888888888,20.0,24.0,idle,0.0,22.0,False,False,22.0,22.0,1.0,True,12,2021-08
2021-08-15 13:00:00,22.0,23.0,2021-08-01,True,8.717361111111117,37.28263888888888,21.0,25.0,idle,0.0,23.0,False,False,23.0,23.0,1.0,True,13,2021-08
2021-08-15 14:00:00,22.0,22.0,2021-08-01,True,7.717361111111117,36.28263888888888,20.0,24.0,idle,0.0,22.0,False,False,22.0,22.0,0.0,True,14,2021-08
2021-08-15 15:00:00,21.0,22.0,2021-08-01,True,7.717361111111117,36.28263888888888,20.0,24.0,idle,0.0,22.0,False,False,22.0,22.0,1.0,True,15,2021-08
2021-08-15 16:00:00,23.0,21.0,2021-08-01,True,6.717361111111117,35.28263888888888,19.0,23.0,idle,0.0,21.0,False,False,21.0,21.0,2.0,True,16,2021-08
2021-08-15 17:00:00,22.0,23.0,2021-08-01,True,8.717361111111117,37.28263888888888,21.0,25.0,idle,0.0,23.0,False,False,23.0,23.0,1.0,True,17,2021-08
2021-08-15 18:00:00,21.0,22.0,2021-08-01,True,7.717361111111117,36.28263888888888,20.0,24.0,idle,0.0,22.0,False,False,22.0,22.0,1.0,True,18,2021-08
2021-08-15 19:00:00,23.0,21.0,2021-08-01,True,6.717361111111117,35.28263888888888,19.0,23.0,idle,0.0,21.0,False,False,21.0,21.0,2.0,True,19,2021-08
2021-08-15 20:00:00,22.0,23.0,2021-08-01,True,8.717361111111117,37.28263888888888,21.0,25.0,idle,0.0,23.0,False,False,23.0,23.0,1.0,True,20,2021-08
2021-08-15 21:00:00,22.0,22.0,2021-08-01,True,7.717361111111117,36.28263888888888,20.0,24.0,idle,0.0,22.0,False,False,22.0,22.0,0.0,True,21,2021-08
2021-08-15 22:00:00,23.0,22.0,2021-08-01,True,7.717361111111117,36.28263888888888,20.0,24.0,idle,0.0,22.0,False,False,22.0,22.0,1.0,True,22,2021-08
2021-08-15 23:00:00,23.0,23.0,2021-08-01,True,8.717361111111117,37.28263888888888,21.0,25.0,idle,0.0,23.0,False,False,23.0,23.0,0.0,True,23,2021-08
2021-08-16 00:00:00,22.0,23.0,2021-08-01,True,8.717361111111117,37.28263888888888,21.0,25.0,idle,0.0,23.0,False,False,23.0,23.0,1.0,True,0,2021-08
2021-08-16 01:00:00,21.0,22.0,2021-08-01,True,7.717361111111117,36.28263888888888,20.0,24.0,idle,0.0,22.0,False,False,22.0,22.0,1.0,True,1,2021-08
2021-08-16 02:00:00,23.0,21.0,2021-08-01,True,6.717361111111117,35.28263888888888,19.0,23.0,idle,0.0,21.0,False,False,21.0,21.0,2.0,True,2,2021-08
2021-08-16 03:00:00,21.0,23.0,2021-08-01,True,8.717361111111117,37.28263888888888,21.0,25.0,idle,0.0,23.0,False,False,23.0,23.0,2.0,True,3,2021-08
2021-08-16 04:00:00,22.0,21.0,2021-08-01,True,6.717361111111117,35.28263888888888,19.0,23.0,idle,0.0,21.0,False,False,21.0,21.0,1.0,True,4,2021-08
2021-08-16 05:00:00,22.0,22.0,2021-08-01,True,7.717361111111117,36.28263888888888,20.0,24.0,idle,0.0,22.0,False,False,22.0,22.0,0.0,True,5,2021-08
2021-08-16 06:00:00,23.0,22.0,2021-08-01,True,7.717361111111117,36.28263888888888,20.0,24.0,idle,0.0,22.0,False,False,22.0,22.0,1.0,True,6,2021-08
2021-08-16 07:00:00,60.0,23.0,2021-08-01,True,8.717361111111117,37.28263888888888,21.0,25.0,startup,27.0,23.0,False,False,23.0,23.0,37.0,False,7,2021-08
2021-08-16 08:00:00,174.0,186.72222222222217,2021-08-01,False,172.4395833333333,201.00486111111104,169.81041666666658,203.63402777777776,running,566.0,60.0,True,True,184.91034509802364,60.0,12.722222222222172,True,8,2021-08
2021-08-16 09:00:00,183.0,176.9416666666666,2021-08-01,False,162.65902777777774,191.22430555555547,160.02986111111102,193.8534722222222,running,642.0,174.0,True,True,179.1239383244873,174.0,6.058333333333394,True,9,2021-08
2021-08-16 10:00:00,144.0,178.94305555555553,2021-08-01,False,164.66041666666666,193.2256944444444,162.03124999999994,195.85486111111112,running,1720.0,183.0,False,True,171.1796144587475,183.0,34.94305555555553,False,10,2021-08
2021-08-16 11:00:00,155.0,180.06736111111113,2021-08-01,False,165.78472222222223,194.35,163.15555555555557,196.97916666666669,running,1472.0,144.0,False,True,181.70104072403265,144.0,25.067361111111126,False,11,2021-08
2021-08-16 12:00:00,97.0,116.2263888888889,2021-08-01,False,101.94375000000002,130.5090277777778,99.31458333333332,133.13819444444448,shutdown,0.0,155.0,False,False,113.56315824475224,155.0,19.226388888888906,False,12,2021-08
2021-08-16 13:00:00,153.0,167.80625000000006,2021-08-01,False,153.52361111111117,182.08888888888896,150.8944444444445,184.7180555555556,startup,1404.0,97.0,False,True,169.02605002401782,97.0,14.806250000000063,True,13,2021-08
2021-08-16 14:00:00,146.0,167.68194444444447,2021-08-01,False,153.3993055555556,181.9645833333333,150.77013888888888,184.59375000000009,running,1828.0,153.0,False,True,170.21413599354506,153.0,21.68194444444447,False,14,2021-08
2021-08-16 15:00:00,133.0,155.16527777777776,2021-08-01,False,140.8826388888889,169.44791666666663,138.25347222222217,172.07708333333335,running,547.0,146.0,False,True,153.32941977258844,146.0,22.16527777777776,False,15,2021-08
2021-08-16 16:00:00,116.0,153.7388888888889,2021-08-01,False,139.45625,168.0215277777778,136.82708333333335,170.65069444444447,running,1490.0,133.0,False,False,165.9022037795246,133.0,37.73888888888891,False,16,2021-08
2021-08-16 17:00:00,100.0,122.9409722222222,2021-08-01,False,108.65833333333332,137.2236111111111,106.02916666666664,139.85277777777776,shutdown,0.0,116.0,False,False,133.19780261604473,116.0,22.9409722222222,False,17,2021-08
2021-08-16 18:00:00,92.0,102.45833333333334,2021-08-01,False,88.17569444444446,116.74097222222224,85.54652777777777,119.37013888888892,startup,22.0,100.0,False,False,102.27881581039708,100.0,10.458333333333343,True,18,2021-08
2021-08-16 19:00:00,89.0,95.52708333333328,2021-08-01,False,81.2444444444444,109.80972222222216,78.6152777777777,112.43888888888884,running,31.0,92.0,False,False,96.6730275636444,92.0,6.52708333333328,True,19,2021-08
2021-08-16 20:00:00,98.0,99.775,2021-08-01,False,85.49236111111112,114.05763888888887,82.86319444444443,116.68680555555558,running,130.0,89.0,False,False,92.28103650332798,89.0,1.7750000000000057,True,20,2021-08
2021-08-16 21:00:00,112.0,101.0520833333334,2021-08-01,False,86.76944444444452,115.33472222222228,84.14027777777783,117.96388888888896,running,138.0,98.0,False,False,102.05682736266036,98.0,10.9479166666666,True,21,2021-08
2021-08-16 22:00:00,95.0,102.60138888888883,2021-08-01,False,88.31874999999995,116.88402777777772,85.68958333333326,119.5131944444444,running,35.0,112.0,False,False,100.43720379834907,112.0,7.601388888888835,True,22,2021-08
2021-08-16 23:00:00,96.0,93.74930555555557,2021-08-01,False,79.46666666666668,108.03194444444443,76.83749999999999,110.66111111111114,running,186.0,95.0,False,False,94.01631034747815,95.0,2.2506944444444343,True,23,2021-08
2021-08-17 00:00:00,70.0,65.1993055555556,2021-08-01,False,50.91666666666672,79.48194444444448,48.28750000000002,82.11111111111117,running,141.0,96.0,False,False,61.52758373781895,96.0,4.800694444444403,True,0,2021-08
2021-08-17 01:00:00,96.0,101.76805555555552,2021-08-01,False,87.48541666666664,116.0506944444444,84.85624999999995,118.6798611111111,running,267.0,70.0,False,False,96.8961380218127,70.0,5.76805555555552,True,1,2021-08
2021-08-17 02:00:00,98.0,98.82708333333336,2021-08-01,False,84.54444444444448,113.10972222222225,81.91527777777779,115.73888888888894,running,238.0,96.0,False,False,98.24125012955562,96.0,0.8270833333333627,True,2,2021-08
2021-08-17 03:00:00,92.0,98.27083333333336,2021-08-01,False,83.98819444444447,112.55347222222224,81.35902777777778,115.18263888888892,running,127.0,98.0,False,False,97.9079850345283,98.0,6.270833333333357,True,3,2021-08
2021-08-17 04:00:00,93.0,95.38263888888888,2021-08-01,False,81.1,109.66527777777776,78.4708333333333,112.29444444444444,running,36.0,92.0,False,False,94.38818098246476,92.0,2.382638888888877,True,4,2021-08
2021-08-17 05:00:00,86.0,86.1736111111111,2021-08-01,False,71.89097222222222,100.45624999999998,69.26180555555553,103.08541666666667,running,86.0,93.0,False,False,84.53228573702017,93.0,0.17361111111110006,True,5,2021-08
2021-08-17 06:00:00,94.0,99.6159722222222,2021-08-01,False,85.33333333333331,113.89861111111108,82.70416666666662,116.52777777777776,running,290.0,86.0,False,False,96.87883777811707,86.0,5.615972222222197,True,6,2021-08
2021-08-17 07:00:00,125.0,116.8722222222222,2021-08-01,False,102.58958333333332,131.15486111111107,99.96041666666665,133.7840277777778,running,1761.0,94.0,False,False,124.2376438522933,94.0,8.127777777777794,True,7,2021-08
2021-08-17 08:00:00,164.0,183.1930555555555,2021-08-01,False,168.9104166666666,197.4756944444444,166.28124999999994,200.10486111111103,running,930.0,125.0,False,True,181.96172226727748,125.0,19.193055555555503,False,8,2021-08
2021-08-17 09:00:00,163.0,178.8618055555556,2021-08-01,False,164.5791666666667,193.1444444444445,161.95000000000005,195.7736111111112,running,1618.0,164.0,False,True,179.32637552590597,164.0,15.861805555555605,True,9,2021-08
2021-08-17 10:00:00,153.0,167.37152777777774,2021-08-01,False,153.08888888888885,181.65416666666664,150.45972222222218,184.2833333333333,running,1182.0,163.0,False,True,160.84470680588743,163.0,14.371527777777743,True,10,2021-08
2021-08-17 11:00:00,169.0,174.82777777777773,2021-08-01,False,160.54513888888886,189.1104166666666,157.91597222222214,191.7395833333333,running,1144.0,153.0,False,True,173.7292967212141,153.0,5.827777777777726,True,11,2021-08
2021-08-17 12:00:00,110.0,101.25625,2021-08-01,False,86.97361111111111,115.53888888888888,84.34444444444442,118.16805555555555,shutdown,0.0,169.0,False,False,99.62065613998892,169.0,8.743750000000006,True,12,2021-08
2021-08-17 13:00:00,162.0,172.20555555555555,2021-08-01,False,157.92291666666665,186.48819444444445,155.29375,189.1173611111111,startup,2870.0,110.0,False,True,169.68038762977278,110.0,10.205555555555549,True,13,2021-08
2021-08-17 14:00:00,161.0,163.17013888888886,2021-08-01,False,148.8875,177.45277777777773,146.25833333333327,180.08194444444445,running,1412.0,162.0,False,True,163.42848900931517,162.0,2.1701388888888573,True,14,2021-08
2021-08-17 15:00:00,150.0,148.11458333333334,2021-08-01,False,133.83194444444445,162.39722222222224,131.20277777777778,165.0263888888889,running,7913.0,161.0,False,False,151.49505359941534,161.0,1.8854166666666572,True,15,2021-08
2021-08-17 16:00:00,152.0,156.34236111111116,2021-08-01,False,142.05972222222226,170.62500000000006,139.4305555555556,173.25416666666672,running,3108.0,150.0,False,False,162.14118967344763,150.0,4.34236111111116,True,16,2021-08
2021-08-17 17:00:00,113.0,124.20486111111111,2021-08-01,False,109.92222222222225,138.4875,107.29305555555554,141.11666666666667,running,540.0,152.0,False,False,123.66320810507004,152.0,11.204861111111114,True,17,2021-08
2021-08-17 18:00:00,149.0,142.9798611111111,2021-08-01,False,128.6972222222222,157.2625,126.06805555555552,159.89166666666665,running,1575.0,113.0,False,False,146.79771475323338,113.0,6.0201388888889085,True,18,2021-08
2021-08-17 19:00:00,138.0,144.95208333333338,2021-08-01,False,130.66944444444448,159.23472222222227,128.04027777777782,161.86388888888894,running,3586.0,149.0,False,False,150.6177992465529,149.0,6.952083333333377,True,19,2021-08
2021-08-17 20:00:00,120.0,122.35972222222222,2021-08-01,False,108.07708333333332,136.6423611111111,105.44791666666664,139.2715277777778,running,116.0,138.0,False,False,119.23092657477268,138.0,2.359722222222217,True,20,2021-08
2021-08-17 21:00:00,118.0,114.56944444444444,2021-08-01,False,100.28680555555556,128.85208333333333,97.65763888888888,131.48125000000002,running,154.0,120.0,False,False,112.89925873518828,120.0,3.430555555555557,True,21,2021-08
2021-08-17 22:00:00,110.0,106.39652777777776,2021-08-01,False,92.11388888888888,120.67916666666665,89.48472222222219,123.30833333333334,running,58.0,118.0,False,False,105.89448171078412,118.0,3.603472222222237,True,22,2021-08
2021-08-17 23:00:00,104.0,103.54513888888889,2021-08-01,False,89.2625,117.82777777777775,86.63333333333331,120.45694444444446,running,127.0,110.0,False,False,108.5257997171023,110.0,0.45486111111111427,True,23,2021-08
2021-08-18 00:00:00,65.0,71.01666666666665,2021-08-01,False,56.73402777777777,85.29930555555553,54.10486111111108,87.92847222222223,running,4.0,104.0,False,False,67.75527106817518,104.0,6.0166666666666515,True,0,2021-08
2021-08-18 01:00:00,95.0,101.76250000000002,2021-08-01,False,87.47986111111113,116.0451388888889,84.85069444444444,118.6743055555556,running,270.0,65.0,False,False,102.14982247724956,65.0,6.762500000000017,True,1,2021-08
2021-08-18 02:00:00,103.0,103.4215277777778,2021-08-01,False,89.13888888888891,117.70416666666668,86.50972222222222,120.33333333333336,running,344.0,95.0,False,False,103.92217865734388,95.0,0.42152777777779704,True,2,2021-08
2021-08-18 03:00:00,91.0,101.35416666666666,2021-08-01,False,87.07152777777777,115.63680555555554,84.44236111111108,118.26597222222225,running,247.0,103.0,False,False,100.44164991195127,103.0,10.354166666666657,True,3,2021-08
2021-08-18 04:00:00,95.0,100.02013888888888,2021-08-01,False,85.7375,114.30277777777776,83.1083333333333,116.93194444444444,running,455.0,91.0,False,False,100.28470868865742,91.0,5.02013888888888,True,4,2021-08
2021-08-18 05:00:00,83.0,85.86527777777775,2021-08-01,False,71.58263888888887,100.14791666666665,68.95347222222217,102.77708333333332,running,105.0,95.0,False,False,87.7990956684348,95.0,2.8652777777777487,True,5,2021-08
2021-08-18 06:00:00,101.0,100.32222222222224,2021-08-01,False,86.03958333333335,114.60486111111112,83.41041666666666,117.2340277777778,running,127.0,83.0,False,False,102.68858150137136,83.0,0.6777777777777629,True,6,2021-08
2021-08-18 07:00:00,125.0,114.3784722222222,2021-08-01,False,100.09583333333332,128.6611111111111,97.46666666666664,131.29027777777776,running,1144.0,101.0,False,False,124.90759533369982,101.0,10.6215277777778,True,7,2021-08
2021-08-18 08:00:00,163.0,177.04027777777773,2021-08-01,False,162.75763888888883,191.32291666666663,160.12847222222217,193.9520833333333,running,1358.0,125.0,False,True,177.87580138423397,125.0,14.040277777777732,True,8,2021-08
2021-08-18 09:00:00,169.0,177.01944444444447,2021-08-01,False,162.73680555555558,191.30208333333337,160.1076388888889,193.93125000000003,running,835.0,163.0,False,True,166.84702093473638,163.0,8.019444444444474,True,9,2021-08
2021-08-18 10:00:00,159.0,170.95416666666668,2021-08-01,False,156.67152777777778,185.2368055555556,154.04236111111112,187.86597222222224,running,1429.0,169.0,False,True,168.03155741213357,169.0,11.95416666666668,True,10,2021-08
2021-08-18 11:00:00,173.0,176.7944444444444,2021-08-01,False,162.5118055555555,191.0770833333333,159.88263888888883,193.70624999999995,running,2090.0,159.0,True,True,179.62077584751603,159.0,3.7944444444443945,True,11,2021-08
2021-08-18 12:00:00,102.0,105.3555555555556,2021-08-01,False,91.07291666666671,119.63819444444448,88.44375000000002,122.26736111111116,running,1015.0,173.0,False,False,102.69256252218037,173.0,3.355555555555597,True,12,2021-08
2021-08-18 13:00:00,171.0,172.91249999999997,2021-08-01,False,158.6298611111111,187.19513888888883,156.00069444444438,189.82430555555555,running,565.0,102.0,False,True,172.93327974790995,102.0,1.912499999999966,True,13,2021-08
2021-08-18 14:00:00,179.0,171.35069444444443,2021-08-01,False,157.06805555555553,185.63333333333333,154.43888888888887,188.2625,running,1872.0,171.0,True,True,175.5175462983123,171.0,7.649305555555571,True,14,2021-08
2021-08-18 15:00:00,170.0,162.37986111111107,2021-08-01,False,148.09722222222217,176.66249999999997,145.4680555555555,179.29166666666663,running,1482.0,179.0,True,True,165.8743319663236,179.0,7.620138888888931,True,15,2021-08
2021-08-18 16:00:00,166.0,165.2368055555556,2021-08-01,False,150.9541666666667,179.5194444444445,148.32500000000005,182.1486111111112,running,1933.0,170.0,True,True,169.8995171039639,170.0,0.7631944444443945,True,16,2021-08
2021-08-18 17:00:00,141.0,138.63541666666666,2021-08-01,False,124.35277777777776,152.91805555555555,121.72361111111108,155.54722222222222,running,558.0,166.0,True,False,138.9634990990746,166.0,2.364583333333343,True,17,2021-08
2021-08-18 18:00:00,164.0,162.22986111111103,2021-08-01,False,147.94722222222214,176.51249999999993,145.31805555555547,179.1416666666666,running,1633.0,141.0,False,False,164.2499263843751,141.0,1.7701388888889653,True,18,2021-08
2021-08-18 19:00:00,143.0,144.35833333333332,2021-08-01,False,130.07569444444442,158.64097222222222,127.44652777777776,161.27013888888888,running,2203.0,164.0,False,False,141.76203625697286,164.0,1.35833333333332,True,19,2021-08
2021-08-18 20:00:00,120.0,116.64097222222222,2021-08-01,False,102.35833333333332,130.9236111111111,99.72916666666664,133.5527777777778,running,100.0,143.0,False,False,117.26794263108914,143.0,3.359027777777783,True,20,2021-08
2021-08-18 21:00:00,115.0,115.1527777777778,2021-08-01,False,100.87013888888892,129.4354166666667,98.24097222222224,132.06458333333336,running,56.0,120.0,False,False,116.88858115553342,120.0,0.15277777777779988,True,21,2021-08
2021-08-18 22:00:00,112.0,109.27361111111112,2021-08-01,False,94.99097222222224,123.55625,92.36180555555556,126.1854166666667,running,102.0,115.0,False,False,110.82898671813756,115.0,2.726388888888877,True,22,2021-08
2021-08-18 23:00:00,105.0,100.54236111111108,2021-08-01,False,86.2597222222222,114.82499999999996,83.6305555555555,117.45416666666664,running,136.0,112.0,False,False,101.12294580325748,112.0,4.457638888888923,True,23,2021-08
2021-08-19 00:00:00,71.0,76.74861111111112,2021-08-01,False,62.46597222222224,91.03125,59.83680555555554,93.66041666666668,running,53.0,105.0,False,False,69.94580855111633,105.0,5.748611111111117,True,0,2021-08
2021-08-19 01:00:00,102.0,103.42916666666665,2021-08-01,False,89.14652777777776,117.71180555555551,86.51736111111107,120.34097222222222,running,85.0,71.0,False,False,102.5714959559962,71.0,1.4291666666666458,True,1,2021-08
2021-08-19 02:00:00,109.0,105.79999999999998,2021-08-01,False,91.5173611111111,120.08263888888888,88.88819444444441,122.71180555555556,running,173.0,102.0,False,False,109.35294854311434,102.0,3.200000000000017,True,2,2021-08
2021-08-19 03:00:00,109.0,104.54166666666666,2021-08-01,False,90.25902777777776,118.82430555555554,87.62986111111108,121.45347222222225,running,60.0,109.0,False,False,104.7516326497601,109.0,4.458333333333343,True,3,2021-08
2021-08-19 04:00:00,104.0,107.0777777777778,2021-08-01,False,92.79513888888891,121.36041666666668,90.16597222222222,123.98958333333336,running,114.0,109.0,False,False,105.1820142530268,109.0,3.077777777777797,True,4,2021-08
2021-08-19 05:00:00,88.0,91.40694444444443,2021-08-01,False,77.12430555555555,105.68958333333332,74.49513888888886,108.31875,running,399.0,104.0,False,False,90.12634330097956,104.0,3.4069444444444343,True,5,2021-08
2021-08-19 06:00:00,109.0,105.30069444444445,2021-08-01,False,91.01805555555556,119.58333333333331,88.38888888888887,122.21250000000002,running,459.0,88.0,False,False,106.6327729199622,88.0,3.6993055555555543,True,6,2021-08
2021-08-19 07:00:00,123.0,120.08333333333331,2021-08-01,False,105.80069444444445,134.36597222222218,103.17152777777774,136.9951388888889,running,745.0,109.0,False,False,122.0555615915,109.0,2.9166666666666856,True,7,2021-08
2021-08-19 08:00:00,174.0,181.7680555555555,2021-08-01,False,167.4854166666666,196.0506944444444,164.85624999999993,198.67986111111105,running,670.0,123.0,True,True,173.9801090318607,123.0,7.768055555555492,True,8,2021-08
2021-08-19 09:00:00,174.0,177.80277777777775,2021-08-01,False,163.52013888888888,192.08541666666665,160.89097222222216,194.7145833333333,running,942.0,174.0,True,True,169.51331597869896,174.0,3.8027777777777487,True,9,2021-08
2021-08-19 10:00:00,163.0,178.2256944444444,2021-08-01,False,163.94305555555553,192.50833333333327,161.3138888888888,195.1375,running,1599.0,174.0,False,True,168.1622589553687,174.0,15.2256944444444,True,10,2021-08
2021-08-19 11:00:00,177.0,181.95138888888883,2021-08-01,False,167.66874999999993,196.23402777777773,165.03958333333327,198.8631944444444,running,2542.0,163.0,True,True,183.55168901586103,163.0,4.951388888888829,True,11,2021-08
2021-08-19 12:00:00,105.0,105.94305555555552,2021-08-01,False,91.66041666666663,120.2256944444444,89.03124999999994,122.85486111111108,running,380.0,177.0,False,False,105.0210248581816,177.0,0.9430555555555173,True,12,2021-08
2021-08-19 13:00:00,168.0,175.45694444444442,2021-08-01,False,161.17430555555552,189.7395833333333,158.54513888888886,192.36875,running,2129.0,105.0,False,True,175.01521690145842,105.0,7.456944444444417,True,13,2021-08
2021-08-19 14:00:00,175.0,174.7659722222222,2021-08-01,False,160.4833333333333,189.0486111111111,157.85416666666663,191.67777777777772,running,2843.0,168.0,True,True,179.7581034680377,168.0,0.23402777777781125,True,14,2021-08
2021-08-19 15:00:00,170.0,161.53750000000002,2021-08-01,False,147.25486111111115,175.8201388888889,144.62569444444443,178.4493055555556,running,349.0,175.0,True,True,168.97520596423664,175.0,8.462499999999977,True,15,2021-08
2021-08-19 16:00:00,166.0,165.87708333333342,2021-08-01,False,151.59444444444455,180.15972222222229,148.96527777777783,182.788888888889,running,3020.0,170.0,False,True,168.54363939530214,170.0,0.1229166666665833,True,16,2021-08
2021-08-19 17:00:00,130.0,137.19583333333333,2021-08-01,False,122.91319444444444,151.4784722222222,120.28402777777777,154.1076388888889,running,510.0,166.0,False,False,140.1531180129796,166.0,7.195833333333326,True,17,2021-08
2021-08-19 18:00:00,152.0,156.78888888888895,2021-08-01,False,142.50625000000008,171.07152777777782,139.87708333333336,173.70069444444454,running,3195.0,130.0,False,False,157.48205611811215,130.0,4.788888888888948,True,18,2021-08
2021-08-19 19:00:00,147.0,150.9541666666666,2021-08-01,False,136.67152777777773,165.23680555555546,134.042361111111,167.86597222222218,running,5336.0,152.0,False,False,149.49160788364756,152.0,3.9541666666665947,True,19,2021-08
2021-08-19 20:00:00,128.0,123.06388888888884,2021-08-01,False,108.78124999999996,137.34652777777774,106.15208333333328,139.9756944444444,running,8.0,147.0,False,False,120.56620057012682,147.0,4.93611111111116,True,20,2021-08
2021-08-19 21:00:00,121.0,121.94861111111108,2021-08-01,False,107.6659722222222,136.23124999999996,105.0368055555555,138.86041666666665,running,132.0,128.0,False,False,120.51314483358472,128.0,0.9486111111110773,True,21,2021-08
2021-08-19 22:00:00,116.0,112.33819444444444,2021-08-01,False,98.05555555555556,126.62083333333332,95.42638888888888,129.25,running,28.0,121.0,False,False,112.44316049591784,121.0,3.66180555555556,True,22,2021-08
2021-08-19 23:00:00,110.0,106.47708333333335,2021-08-01,False,92.19444444444449,120.75972222222224,89.56527777777778,123.38888888888891,running,205.0,116.0,False,False,106.63813374200488,116.0,3.522916666666646,True,23,2021-08
2021-08-20 00:00:00,73.0,74.03402777777778,2021-08-01,False,59.7513888888889,88.31666666666666,57.122222222222206,90.94583333333335,running,338.0,110.0,False,False,70.98701856669805,110.0,1.03402777777778,True,0,2021-08
2021-08-20 01:00:00,101.0,105.09027777777774,2021-08-01,False,90.80763888888886,119.37291666666664,88.17847222222217,122.00208333333332,running,47.0,73.0,False,False,104.63913288189812,73.0,4.090277777777743,True,1,2021-08
2021-08-20 02:00:00,107.0,107.975,2021-08-01,False,93.69236111111113,122.25763888888888,91.06319444444442,124.88680555555555,running,40.0,101.0,False,False,105.676352287608,101.0,0.9749999999999943,True,2,2021-08
2021-08-20 03:00:00,102.0,107.11041666666668,2021-08-01,False,92.8277777777778,121.39305555555556,90.1986111111111,124.02222222222224,running,537.0,107.0,False,False,108.7260278387176,107.0,5.11041666666668,True,3,2021-08
2021-08-20 04:00:00,99.0,105.25763888888886,2021-08-01,False,90.97499999999998,119.54027777777776,88.34583333333329,122.16944444444444,running,216.0,102.0,False,False,101.40960196538774,102.0,6.257638888888863,True,4,2021-08
2021-08-20 05:00:00,88.0,89.46458333333334,2021-08-01,False,75.18194444444445,103.74722222222222,72.55277777777776,106.37638888888893,running,304.0,99.0,False,False,88.90096363820317,99.0,1.4645833333333371,True,5,2021-08
2021-08-20 06:00:00,111.0,104.84097222222226,2021-08-01,False,90.55833333333338,119.12361111111116,87.92916666666669,121.75277777777784,running,14.0,88.0,False,False,104.18223398231686,88.0,6.159027777777737,True,6,2021-08
2021-08-20 07:00:00,127.0,122.3840277777778,2021-08-01,False,108.10138888888892,136.66666666666669,105.47222222222224,139.29583333333338,running,793.0,111.0,False,False,126.97717270385944,111.0,4.615972222222197,True,7,2021-08
2021-08-20 08:00:00,171.0,179.02361111111105,2021-08-01,False,164.74097222222218,193.30624999999992,162.11180555555546,195.93541666666664,running,650.0,127.0,False,True,181.03627637168617,127.0,8.023611111111052,True,8,2021-08
2021-08-20 09:00:00,165.0,180.59375,2021-08-01,False,166.31111111111113,194.87638888888887,163.6819444444444,197.5055555555556,running,881.0,171.0,False,True,180.18831971431268,171.0,15.59375,True,9,2021-08
2021-08-20 10:00:00,157.0,176.71388888888887,2021-08-01,False,162.43124999999998,190.99652777777777,159.80208333333331,193.62569444444443,running,1450.0,165.0,False,True,176.9788313882595,165.0,19.713888888888874,False,10,2021-08
2021-08-20 11:00:00,187.0,179.68472222222218,2021-08-01,False,165.40208333333328,193.96736111111107,162.77291666666662,196.5965277777777,running,3707.0,157.0,True,True,180.4988823966579,157.0,7.315277777777823,True,11,2021-08
2021-08-20 12:00:00,111.0,113.33958333333332,2021-08-01,False,99.05694444444444,127.6222222222222,96.42777777777776,130.2513888888889,running,5245.0,187.0,False,False,110.40338647723752,187.0,2.339583333333323,True,12,2021-08
2021-08-20 13:00:00,177.0,180.3493055555556,2021-08-01,False,166.06666666666672,194.63194444444449,163.4375,197.2611111111112,running,1382.0,111.0,False,True,178.46877783687586,111.0,3.3493055555555884,True,13,2021-08
2021-08-20 14:00:00,175.0,180.28263888888884,2021-08-01,False,165.99999999999994,194.5652777777777,163.37083333333328,197.1944444444444,running,3002.0,177.0,True,True,183.22653173944735,177.0,5.28263888888884,True,14,2021-08
2021-08-20 15:00:00,159.0,164.60624999999996,2021-08-01,False,150.32361111111106,178.88888888888886,147.6944444444444,181.51805555555552,running,1383.0,175.0,False,True,168.2933228483383,175.0,5.60624999999996,True,15,2021-08
2021-08-20 16:00:00,171.0,168.7826388888889,2021-08-01,False,154.5,183.0652777777778,151.87083333333334,185.69444444444449,running,1774.0,159.0,False,False,168.96332227387677,159.0,2.217361111111103,True,16,2021-08
2021-08-20 17:00:00,134.0,140.76180555555553,2021-08-01,False,126.47916666666664,155.04444444444442,123.84999999999997,157.6736111111111,running,282.0,171.0,False,False,140.61091887174757,171.0,6.761805555555526,True,17,2021-08
2021-08-20 18:00:00,155.0,162.60347222222214,2021-08-01,False,148.32083333333327,176.886111111111,145.69166666666655,179.51527777777773,running,909.0,134.0,False,False,159.92538820256493,134.0,7.603472222222138,True,18,2021-08
2021-08-20 19:00:00,125.0,144.1395833333333,2021-08-01,False,129.85694444444442,158.42222222222216,127.22777777777772,161.05138888888888,running,1199.0,155.0,False,False,144.39399400229166,155.0,19.13958333333329,False,19,2021-08
2021-08-20 20:00:00,114.0,108.62569444444443,2021-08-01,False,94.34305555555557,122.90833333333332,91.71388888888886,125.5375,running,465.0,125.0,False,False,106.99795927894073,125.0,5.374305555555566,True,20,2021-08
2021-08-20 21:00:00,118.0,113.62569444444443,2021-08-01,False,99.34305555555557,127.90833333333332,96.71388888888886,130.53750000000002,running,100.0,114.0,False,False,114.26936799100068,114.0,4.374305555555566,True,21,2021-08
2021-08-20 22:00:00,106.0,109.58055555555552,2021-08-01,False,95.29791666666664,123.8631944444444,92.66874999999996,126.4923611111111,running,64.0,118.0,False,False,108.28267750319765,118.0,3.58055555555552,True,22,2021-08
2021-08-20 23:00:00,98.0,103.07083333333334,2021-08-01,False,88.78819444444446,117.35347222222222,86.15902777777777,119.98263888888891,running,431.0,106.0,False,False,103.71544163997332,106.0,5.07083333333334,True,23,2021-08
2021-08-21 00:00:00,63.0,63.66666666666666,2021-08-01,False,49.384027777777774,77.94930555555554,46.75486111111108,80.57847222222223,running,524.0,98.0,False,False,59.63577273556605,98.0,0.6666666666666572,True,0,2021-08
2021-08-21 01:00:00,95.0,101.84097222222218,2021-08-01,False,87.5583333333333,116.12361111111106,84.9291666666666,118.75277777777777,running,106.0,63.0,False,False,100.49970455347923,63.0,6.840972222222177,True,1,2021-08
2021-08-21 02:00:00,104.0,101.66180555555556,2021-08-01,False,87.37916666666668,115.94444444444444,84.74999999999999,118.57361111111112,running,38.0,95.0,False,False,102.96030864176234,95.0,2.33819444444444,True,2,2021-08
2021-08-21 03:00:00,94.0,99.50972222222224,2021-08-01,False,85.22708333333335,113.79236111111112,82.59791666666666,116.4215277777778,running,1064.0,104.0,False,False,92.48149894012576,104.0,5.509722222222237,True,3,2021-08
2021-08-21 04:00:00,104.0,99.50763888888888,2021-08-01,False,85.225,113.79027777777776,82.5958333333333,116.41944444444444,running,156.0,94.0,False,False,97.74486137034772,94.0,4.492361111111123,True,4,2021-08
2021-08-21 05:00:00,95.0,89.15486111111112,2021-08-01,False,74.87222222222223,103.4375,72.24305555555554,106.06666666666668,running,30.0,104.0,False,False,85.16495833475165,104.0,5.845138888888883,True,5,2021-08
2021-08-21 06:00:00,99.0,101.18958333333332,2021-08-01,False,86.90694444444443,115.4722222222222,84.27777777777774,118.10138888888888,running,522.0,95.0,False,False,97.02828073564342,95.0,2.1895833333333172,True,6,2021-08
2021-08-21 07:00:00,69.0,66.63194444444443,2021-08-01,False,52.349305555555546,80.91458333333331,49.72013888888885,83.54375,running,1354.0,99.0,False,False,76.28714627481594,99.0,2.3680555555555713,True,7,2021-08
2021-08-21 08:00:00,23.0,28.80625,2021-08-01,False,14.523611111111116,43.08888888888888,11.894444444444424,45.71805555555557,shutdown,0.0,69.0,False,False,26.493919213405167,69.0,5.806249999999999,True,8,2021-08
2021-08-21 09:00:00,21.0,22.934722222222216,2021-08-01,False,8.652083333333334,37.2173611111111,6.022916666666642,39.846527777777794,idle,0.0,23.0,False,False,20.36387776854786,23.0,1.9347222222222165,True,9,2021-08
2021-08-21 10:00:00,21.0,21.515972222222224,2021-08-01,False,7.233333333333341,35.79861111111111,4.60416666666665,38.4277777777778,idle,0.0,21.0,False,False,21.29741928708559,21.0,0.5159722222222243,True,10,2021-08
2021-08-21 11:00:00,23.0,23.21875,2021-08-01,False,8.936111111111117,37.50138888888888,6.306944444444426,40.13055555555557,idle,0.0,21.0,False,False,22.73566822962296,21.0,0.21875,True,11,2021-08
2021-08-21 12:00:00,22.0,22.03541666666667,2021-08-01,False,7.752777777777787,36.31805555555555,5.123611111111096,38.94722222222224,idle,0.0,23.0,False,False,21.17037569059005,23.0,0.03541666666666998,True,12,2021-08
2021-08-21 13:00:00,21.0,22.28888888888889,2021-08-01,False,8.006250000000009,36.571527777777774,5.377083333333317,39.20069444444447,idle,0.0,22.0,False,False,23.421727241602035,22.0,1.2888888888888914,True,13,2021-08
2021-08-21 14:00:00,23.0,21.0,2021-08-01,True,6.717361111111117,35.28263888888888,19.0,23.0,idle,0.0,21.0,False,False,21.0,21.0,2.0,True,14,2021-08
2021-08-21 15:00:00,22.0,23.0,2021-08-01,True,8.717361111111117,37.28263888888888,21.0,25.0,idle,0.0,23.0,False,False,23.0,23.0,1.0,True,15,2021-08
2021-08-21 16:00:00,22.0,22.0,2021-08-01,True,7.717361111111117,36.28263888888888,20.0,24.0,idle,0.0,22.0,False,False,22.0,22.0,0.0,True,16,2021-08
2021-08-21 17:00:00,22.0,22.0,2021-08-01,True,7.717361111111117,36.28263888888888,20.0,24.0,idle,0.0,22.0,False,False,22.0,22.0,0.0,True,17,2021-08
2021-08-21 18:00:00,25.0,22.0,2021-08-01,True,7.717361111111117,36.28263888888888,20.0,24.0,idle,0.0,22.0,False,False,22.0,22.0,3.0,False,18,2021-08
2021-08-21 19:00:00,21.0,25.0,2021-08-01,True,10.717361111111115,39.28263888888888,23.0,27.0,idle,0.0,25.0,False,False,25.0,25.0,4.0,False,19,2021-08
2021-08-21 20:00:00,22.0,21.0,2021-08-01,True,6.717361111111117,35.28263888888888,19.0,23.0,idle,0.0,21.0,False,False,21.0,21.0,1.0,True,20,2021-08
2021-08-21 21:00:00,23.0,22.0,2021-08-01,True,7.717361111111117,36.28263888888888,20.0,24.0,idle,0.0,22.0,False,False,22.0,22.0,1.0,True,21,2021-08
2021-08-21 22:00:00,25.0,23.0,2021-08-01,True,8.717361111111117,37.28263888888888,21.0,25.0,idle,0.0,23.0,False,False,23.0,23.0,2.0,True,22,2021-08
2021-08-21 23:00:00,22.0,25.0,2021-08-01,True,10.717361111111115,39.28263888888888,23.0,27.0,idle,0.0,25.0,False,False,25.0,25.0,3.0,False,23,2021-08
2021-08-22 00:00:00,22.0,22.0,2021-08-01,True,7.717361111111117,36.28263888888888,20.0,24.0,idle,0.0,22.0,False,False,22.0,22.0,0.0,True,0,2021-08
2021-08-22 01:00:00,23.0,22.0,2021-08-01,True,7.717361111111117,36.28263888888888,20.0,24.0,idle,0.0,22.0,False,False,22.0,22.0,1.0,True,1,2021-08
2021-08-22 02:00:00,24.0,23.0,2021-08-01,True,8.717361111111117,37.28263888888888,21.0,25.0,idle,0.0,23.0,False,False,23.0,23.0,1.0,True,2,2021-08
2021-08-22 03:00:00,23.0,24.0,2021-08-01,True,9.717361111111115,38.28263888888888,22.0,26.0,idle,0.0,24.0,False,False,24.0,24.0,1.0,True,3,2021-08
2021-08-22 04:00:00,22.0,23.0,2021-08-01,True,8.717361111111117,37.28263888888888,21.0,25.0,idle,0.0,23.0,False,False,23.0,23.0,1.0,True,4,2021-08
2021-08-22 05:00:00,24.0,22.0,2021-08-01,True,7.717361111111117,36.28263888888888,20.0,24.0,idle,0.0,22.0,False,False,22.0,22.0,2.0,True,5,2021-08
2021-08-22 06:00:00,22.0,24.0,2021-08-01,True,9.717361111111115,38.28263888888888,22.0,26.0,idle,0.0,24.0,False,False,24.0,24.0,2.0,True,6,2021-08
2021-08-22 07:00:00,22.0,22.0,2021-08-01,True,7.717361111111117,36.28263888888888,20.0,24.0,idle,0.0,22.0,False,False,22.0,22.0,0.0,True,7,2021-08
2021-08-22 08:00:00,22.0,22.0,2021-08-01,True,7.717361111111117,36.28263888888888,20.0,24.0,idle,0.0,22.0,False,False,22.0,22.0,0.0,True,8,2021-08
2021-08-22 09:00:00,24.0,22.0,2021-08-01,True,7.717361111111117,36.28263888888888,20.0,24.0,idle,0.0,22.0,False,False,22.0,22.0,2.0,True,9,2021-08
2021-08-22 10:00:00,22.0,24.0,2021-08-01,True,9.717361111111115,38.28263888888888,22.0,26.0,idle,0.0,24.0,False,False,24.0,24.0,2.0,True,10,2021-08
2021-08-22 11:00:00,22.0,22.0,2021-08-01,True,7.717361111111117,36.28263888888888,20.0,24.0,idle,0.0,22.0,False,False,22.0,22.0,0.0,True,11,2021-08
2021-08-22 12:00:00,23.0,22.0,2021-08-01,True,7.717361111111117,36.28263888888888,20.0,24.0,idle,0.0,22.0,False,False,22.0,22.0,1.0,True,12,2021-08
2021-08-22 13:00:00,24.0,23.0,2021-08-01,True,8.717361111111117,37.28263888888888,21.0,25.0,idle,0.0,23.0,False,False,23.0,23.0,1.0,True,13,2021-08
2021-08-22 14:00:00,23.0,24.0,2021-08-01,True,9.717361111111115,38.28263888888888,22.0,26.0,idle,0.0,24.0,False,False,24.0,24.0,1.0,True,14,2021-08
2021-08-22 15:00:00,23.0,23.0,2021-08-01,True,8.717361111111117,37.28263888888888,21.0,25.0,idle,0.0,23.0,False,False,23.0,23.0,0.0,True,15,2021-08
2021-08-22 16:00:00,25.0,23.0,2021-08-01,True,8.717361111111117,37.28263888888888,21.0,25.0,idle,0.0,23.0,False,False,23.0,23.0,2.0,True,16,2021-08
2021-08-22 17:00:00,22.0,25.0,2021-08-01,True,10.717361111111115,39.28263888888888,23.0,27.0,idle,0.0,25.0,False,False,25.0,25.0,3.0,False,17,2021-08
2021-08-22 18:00:00,22.0,22.0,2021-08-01,True,7.717361111111117,36.28263888888888,20.0,24.0,idle,0.0,22.0,False,False,22.0,22.0,0.0,True,18,2021-08
2021-08-22 19:00:00,22.0,22.0,2021-08-01,True,7.717361111111117,36.28263888888888,20.0,24.0,idle,0.0,22.0,False,False,22.0,22.0,0.0,True,19,2021-08
2021-08-22 20:00:00,24.0,22.0,2021-08-01,True,7.717361111111117,36.28263888888888,20.0,24.0,idle,0.0,22.0,False,False,22.0,22.0,2.0,True,20,2021-08
2021-08-22 21:00:00,22.0,24.0,2021-08-01,True,9.717361111111115,38.28263888888888,22.0,26.0,idle,0.0,24.0,False,False,24.0,24.0,2.0,True,21,2021-08
2021-08-22 22:00:00,23.0,22.0,2021-08-01,True,7.717361111111117,36.28263888888888,20.0,24.0,idle,0.0,22.0,False,False,22.0,22.0,1.0,True,22,2021-08
2021-08-22 23:00:00,23.0,23.0,2021-08-01,True,8.717361111111117,37.28263888888888,21.0,25.0,idle,0.0,23.0,False,False,23.0,23.0,0.0,True,23,2021-08
2021-08-23 00:00:00,23.0,23.0,2021-08-01,True,8.717361111111117,37.28263888888888,21.0,25.0,idle,0.0,23.0,False,False,23.0,23.0,0.0,True,0,2021-08
2021-08-23 01:00:00,23.0,23.0,2021-08-01,True,8.717361111111117,37.28263888888888,21.0,25.0,idle,0.0,23.0,False,False,23.0,23.0,0.0,True,1,2021-08
2021-08-23 02:00:00,23.0,23.0,2021-08-01,True,8.717361111111117,37.28263888888888,21.0,25.0,idle,0.0,23.0,False,False,23.0,23.0,0.0,True,2,2021-08
2021-08-23 03:00:00,24.0,23.0,2021-08-01,True,8.717361111111117,37.28263888888888,21.0,25.0,idle,0.0,23.0,False,False,23.0,23.0,1.0,True,3,2021-08
2021-08-23 04:00:00,22.0,24.0,2021-08-01,True,9.717361111111115,38.28263888888888,22.0,26.0,idle,0.0,24.0,False,False,24.0,24.0,2.0,True,4,2021-08
2021-08-23 05:00:00,22.0,22.0,2021-08-01,True,7.717361111111117,36.28263888888888,20.0,24.0,idle,0.0,22.0,False,False,22.0,22.0,0.0,True,5,2021-08
2021-08-23 06:00:00,21.0,22.0,2021-08-01,True,7.717361111111117,36.28263888888888,20.0,24.0,idle,0.0,22.0,False,False,22.0,22.0,1.0,True,6,2021-08
2021-08-23 07:00:00,58.0,21.0,2021-08-01,True,6.717361111111117,35.28263888888888,19.0,23.0,idle,0.0,21.0,False,False,21.0,21.0,37.0,False,7,2021-08
2021-08-23 08:00:00,167.0,177.09236111111105,2021-08-01,False,162.80972222222215,191.37499999999997,160.1805555555555,194.0041666666666,startup,759.0,58.0,False,True,180.9364789754245,58.0,10.092361111111046,True,8,2021-08
2021-08-23 09:00:00,180.0,175.87013888888885,2021-08-01,False,161.58749999999998,190.1527777777777,158.95833333333326,192.78194444444443,running,1105.0,167.0,True,True,175.63042557826225,167.0,4.129861111111154,True,9,2021-08
2021-08-23 10:00:00,170.0,167.44652777777776,2021-08-01,False,153.1638888888889,181.72916666666663,150.53472222222217,184.35833333333332,running,884.0,180.0,True,True,165.63516636444848,180.0,2.55347222222224,True,10,2021-08
2021-08-23 11:00:00,184.0,177.79999999999993,2021-08-01,False,163.51736111111103,192.0826388888888,160.88819444444437,194.7118055555555,running,1300.0,170.0,True,True,177.2400963628263,170.0,6.200000000000074,True,11,2021-08
2021-08-23 12:00:00,116.0,114.17569444444445,2021-08-01,False,99.89305555555556,128.45833333333331,97.26388888888889,131.08750000000003,running,333.0,184.0,False,False,114.2134334726982,184.0,1.8243055555555543,True,12,2021-08
2021-08-23 13:00:00,184.0,175.02361111111114,2021-08-01,False,160.74097222222224,189.30625000000003,158.11180555555558,191.9354166666667,running,1758.0,116.0,True,True,180.38236600724645,116.0,8.976388888888863,True,13,2021-08
2021-08-23 14:00:00,184.0,169.73888888888888,2021-08-01,False,155.45625,184.02152777777772,152.8270833333333,186.65069444444447,running,4563.0,184.0,True,True,175.8754577206308,184.0,14.26111111111112,True,14,2021-08
2021-08-23 15:00:00,180.0,161.5743055555555,2021-08-01,False,147.29166666666663,175.85694444444437,144.6624999999999,178.4861111111111,running,674.0,184.0,True,True,150.22908628722502,184.0,18.425694444444503,False,15,2021-08
2021-08-23 16:00:00,172.0,149.4333333333333,2021-08-01,False,135.1506944444444,163.7159722222222,132.52152777777775,166.34513888888887,running,2742.0,180.0,False,True,150.85118210434564,180.0,22.56666666666669,False,16,2021-08
2021-08-23 17:00:00,142.0,134.15972222222223,2021-08-01,False,119.87708333333336,148.4423611111111,117.24791666666664,151.07152777777782,running,362.0,172.0,False,False,138.0154282264973,172.0,7.8402777777777715,True,17,2021-08
2021-08-23 18:00:00,156.0,148.32638888888886,2021-08-01,False,134.04375,162.60902777777773,131.41458333333327,165.23819444444445,running,651.0,142.0,False,False,143.71244960714324,142.0,7.673611111111143,True,18,2021-08
2021-08-23 19:00:00,129.0,123.37986111111113,2021-08-01,False,109.09722222222224,137.66250000000002,106.46805555555557,140.29166666666669,running,1052.0,156.0,False,False,124.3371413570039,156.0,5.620138888888874,True,19,2021-08
2021-08-23 20:00:00,112.0,110.5868055555556,2021-08-01,False,96.30416666666672,124.86944444444448,93.67500000000004,127.49861111111116,running,8.0,129.0,False,False,108.4564274286375,129.0,1.4131944444444002,True,20,2021-08
2021-08-23 21:00:00,111.0,111.07222222222228,2021-08-01,False,96.7895833333334,125.35486111111116,94.1604166666667,127.98402777777784,running,222.0,112.0,False,False,114.2602444546838,112.0,0.0722222222222797,True,21,2021-08
2021-08-23 22:00:00,109.0,102.0673611111111,2021-08-01,False,87.78472222222221,116.34999999999998,85.15555555555552,118.97916666666669,running,14.0,111.0,False,False,100.70516855988213,111.0,6.932638888888903,True,22,2021-08
2021-08-23 23:00:00,96.0,100.30555555555556,2021-08-01,False,86.02291666666667,114.58819444444444,83.39374999999998,117.21736111111112,running,153.0,109.0,False,False,103.91059891662802,109.0,4.305555555555557,True,23,2021-08
2021-08-24 00:00:00,65.0,63.21388888888891,2021-08-01,False,48.93125000000003,77.4965277777778,46.302083333333336,80.12569444444449,shutdown,0.0,96.0,False,False,60.47931152770615,96.0,1.78611111111109,True,0,2021-08
2021-08-24 01:00:00,105.0,102.72430555555552,2021-08-01,False,88.44166666666663,117.0069444444444,85.81249999999994,119.63611111111108,startup,109.0,65.0,False,False,100.28683283383376,65.0,2.2756944444444827,True,1,2021-08
2021-08-24 02:00:00,110.0,105.6319444444444,2021-08-01,False,91.34930555555552,119.91458333333328,88.72013888888883,122.54374999999996,running,127.0,105.0,False,False,104.81797040250358,105.0,4.3680555555556,True,2,2021-08
2021-08-24 03:00:00,105.0,101.59305555555557,2021-08-01,False,87.31041666666668,115.87569444444443,84.68124999999999,118.50486111111114,running,12.0,110.0,False,False,97.4220201528121,110.0,3.4069444444444343,True,3,2021-08
2021-08-24 04:00:00,108.0,101.82083333333335,2021-08-01,False,87.53819444444447,116.10347222222224,84.90902777777778,118.73263888888891,running,4.0,105.0,False,False,99.9303428417186,105.0,6.179166666666646,True,4,2021-08
2021-08-24 05:00:00,88.0,91.47222222222224,2021-08-01,False,77.18958333333336,105.75486111111113,74.56041666666667,108.38402777777782,running,38.0,108.0,False,False,94.85408812241548,108.0,3.4722222222222427,True,5,2021-08
2021-08-24 06:00:00,109.0,105.28125,2021-08-01,False,90.99861111111112,119.56388888888888,88.36944444444443,122.19305555555556,running,86.0,88.0,False,False,104.0809108539762,88.0,3.71875,True,6,2021-08
2021-08-24 07:00:00,131.0,128.88125000000002,2021-08-01,False,114.59861111111114,143.1638888888889,111.96944444444443,145.7930555555556,running,583.0,109.0,False,False,123.7703727072365,109.0,2.1187499999999773,True,7,2021-08
2021-08-24 08:00:00,187.0,179.95486111111106,2021-08-01,False,165.67222222222216,194.23749999999995,163.0430555555555,196.86666666666665,running,2623.0,131.0,True,True,178.98410659639455,131.0,7.045138888888943,True,8,2021-08
2021-08-24 09:00:00,181.0,182.3097222222222,2021-08-01,False,168.02708333333334,196.59236111111107,165.39791666666662,199.2215277777778,running,516.0,187.0,True,True,181.34072868836117,187.0,1.3097222222222058,True,9,2021-08
2021-08-24 10:00:00,171.0,175.015625,2021-08-01,False,160.73298611111113,189.29826388888887,158.1038194444444,191.9274305555556,running,1007.0,181.0,False,True,174.80472395933836,181.0,4.015625,True,10,2021-08
2021-08-24 11:00:00,183.0,184.10555555555544,2021-08-01,False,169.82291666666657,198.3881944444443,167.19374999999985,201.01736111111103,running,901.0,171.0,True,True,181.4992276550629,171.0,1.1055555555554406,True,11,2021-08
2021-08-24 12:00:00,115.0,112.51458333333332,2021-08-01,False,98.23194444444444,126.7972222222222,95.60277777777776,129.42638888888888,running,164.0,183.0,False,False,111.23370155928475,183.0,2.48541666666668,True,12,2021-08
2021-08-24 13:00:00,174.0,179.81944444444437,2021-08-01,False,165.53680555555547,194.10208333333327,162.9076388888888,196.73124999999996,running,2240.0,115.0,False,True,182.76026023278064,115.0,5.819444444444372,True,13,2021-08
2021-08-24 14:00:00,186.0,177.69513888888883,2021-08-01,False,163.41249999999997,191.9777777777777,160.78333333333325,194.6069444444444,running,510.0,174.0,True,True,177.74579562567357,174.0,8.304861111111165,True,14,2021-08
2021-08-24 15:00:00,175.0,167.44236111111113,2021-08-01,False,153.15972222222223,181.725,150.53055555555557,184.35416666666669,running,1537.0,186.0,True,True,167.2802544692617,186.0,7.557638888888874,True,15,2021-08
2021-08-24 16:00:00,184.0,176.17638888888894,2021-08-01,False,161.89375000000007,190.4590277777778,159.26458333333335,193.08819444444453,running,2281.0,175.0,True,True,178.48732266871545,175.0,7.823611111111063,True,16,2021-08
2021-08-24 17:00:00,139.0,137.71666666666673,2021-08-01,False,123.43402777777784,151.99930555555562,120.80486111111117,154.62847222222229,running,797.0,184.0,False,True,140.40695637595357,184.0,1.2833333333332746,True,17,2021-08
2021-08-24 18:00:00,152.0,157.41736111111112,2021-08-01,False,143.13472222222225,171.7,140.50555555555553,174.3291666666667,running,1411.0,139.0,False,False,156.20210192271034,139.0,5.41736111111112,True,18,2021-08
2021-08-24 19:00:00,150.0,142.44305555555553,2021-08-01,False,128.16041666666666,156.7256944444444,125.53124999999996,159.35486111111112,running,1762.0,152.0,False,False,136.33122269393033,152.0,7.5569444444444684,True,19,2021-08
2021-08-24 20:00:00,121.0,130.01736111111111,2021-08-01,False,115.73472222222225,144.3,113.10555555555554,146.92916666666667,shutdown,0.0,150.0,False,False,124.7731365843635,150.0,9.017361111111114,True,20,2021-08
2021-08-24 21:00:00,121.0,118.27013888888892,2021-08-01,False,103.98750000000004,132.5527777777778,101.35833333333336,135.1819444444445,startup,135.0,121.0,False,False,118.06749307109575,121.0,2.7298611111110773,True,21,2021-08
2021-08-24 22:00:00,113.0,109.63680555555555,2021-08-01,False,95.35416666666669,123.91944444444444,92.72499999999998,126.54861111111111,running,14.0,121.0,False,False,112.4490861711987,121.0,3.3631944444444457,True,22,2021-08
2021-08-24 23:00:00,99.0,103.07569444444444,2021-08-01,False,88.79305555555555,117.35833333333332,86.16388888888886,119.9875,running,98.0,113.0,False,False,102.5649161671033,113.0,4.075694444444437,True,23,2021-08
2021-08-25 00:00:00,77.0,65.24791666666667,2021-08-01,False,50.965277777777786,79.53055555555555,48.33611111111109,82.15972222222224,shutdown,0.0,99.0,False,False,61.18655105747558,99.0,11.752083333333331,True,0,2021-08
2021-08-25 01:00:00,104.0,102.17673611111104,2021-08-01,False,87.89409722222216,116.45937499999992,85.26493055555547,119.0885416666666,startup,56.0,77.0,False,False,102.86403800724142,77.0,1.8232638888889596,True,1,2021-08
2021-08-25 02:00:00,109.0,106.82777777777778,2021-08-01,False,92.5451388888889,121.11041666666668,89.91597222222221,123.73958333333336,running,227.0,104.0,False,False,109.1454078171138,104.0,2.172222222222217,True,2,2021-08
2021-08-25 03:00:00,99.0,102.63819444444444,2021-08-01,False,88.35555555555555,116.92083333333332,85.72638888888886,119.55,running,28.0,109.0,False,False,100.02833267273964,109.0,3.638194444444437,True,3,2021-08
2021-08-25 04:00:00,109.0,100.7625,2021-08-01,False,86.47986111111112,115.04513888888889,83.85069444444443,117.67430555555558,running,63.0,99.0,False,False,103.54520730007948,99.0,8.237499999999997,True,4,2021-08
2021-08-25 05:00:00,91.0,91.91666666666669,2021-08-01,False,77.6340277777778,106.19930555555555,75.00486111111111,108.82847222222226,running,46.0,109.0,False,False,96.67082694882995,109.0,0.9166666666666856,True,5,2021-08
2021-08-25 06:00:00,104.0,106.65347222222222,2021-08-01,False,92.37083333333334,120.9361111111111,89.74166666666665,123.5652777777778,running,323.0,91.0,False,False,109.19836349189008,91.0,2.65347222222222,True,6,2021-08
2021-08-25 07:00:00,139.0,120.78472222222224,2021-08-01,False,106.50208333333336,135.06736111111113,103.87291666666668,137.69652777777782,running,506.0,104.0,False,False,122.5033804090532,104.0,18.215277777777757,False,7,2021-08
2021-08-25 08:00:00,174.0,185.1013888888889,2021-08-01,False,170.81875000000002,199.38402777777776,168.1895833333333,202.01319444444448,running,470.0,139.0,True,True,183.51396762580248,139.0,11.101388888888891,True,8,2021-08
2021-08-25 09:00:00,171.0,180.32430555555555,2021-08-01,False,166.04166666666669,194.6069444444444,163.41249999999997,197.23611111111117,running,2173.0,174.0,False,True,176.6685276047744,174.0,9.324305555555554,True,9,2021-08
2021-08-25 10:00:00,177.0,176.0298611111111,2021-08-01,False,161.7472222222222,190.3125,159.11805555555554,192.94166666666663,running,1134.0,171.0,True,True,173.27907833100414,171.0,0.9701388888888971,True,10,2021-08
2021-08-25 11:00:00,173.0,184.4472222222221,2021-08-01,False,170.1645833333332,198.729861111111,167.53541666666655,201.35902777777767,running,1409.0,177.0,True,True,181.8103876881599,177.0,11.44722222222211,True,11,2021-08
2021-08-25 12:00:00,110.0,110.19583333333335,2021-08-01,False,95.91319444444449,124.47847222222224,93.28402777777778,127.10763888888891,running,162.0,173.0,False,False,110.72089988030716,173.0,0.19583333333335418,True,12,2021-08
2021-08-25 13:00:00,174.0,176.84444444444446,2021-08-01,False,162.56180555555557,191.12708333333336,159.9326388888889,193.75625,running,1825.0,110.0,False,True,179.1465292465483,110.0,2.8444444444444628,True,13,2021-08
2021-08-25 14:00:00,177.0,179.3791666666666,2021-08-01,False,165.09652777777774,193.66180555555547,162.46736111111102,196.2909722222222,running,2166.0,174.0,True,True,177.25693381805092,174.0,2.379166666666606,True,14,2021-08
2021-08-25 15:00:00,169.0,167.17291666666668,2021-08-01,False,152.89027777777778,181.4555555555556,150.26111111111112,184.08472222222224,running,1786.0,177.0,False,True,172.67337284928698,177.0,1.82708333333332,True,15,2021-08
2021-08-25 16:00:00,162.0,171.6486111111111,2021-08-01,False,157.36597222222224,185.93125,154.73680555555552,188.5604166666667,running,1158.0,169.0,False,True,174.40571105354294,169.0,9.648611111111109,True,16,2021-08
2021-08-25 17:00:00,146.0,141.66597222222222,2021-08-01,False,127.38333333333334,155.94861111111112,124.75416666666663,158.57777777777778,running,5718.0,162.0,False,False,143.01725865224387,162.0,4.334027777777777,True,17,2021-08
2021-08-25 18:00:00,167.0,162.38888888888886,2021-08-01,False,148.10625,176.67152777777773,145.47708333333327,179.30069444444445,running,1184.0,146.0,False,False,163.50609363469914,146.0,4.611111111111143,True,18,2021-08
2021-08-25 19:00:00,139.0,145.47569444444443,2021-08-01,False,131.19305555555553,159.75833333333333,128.56388888888887,162.3875,running,1345.0,167.0,False,False,150.2050308615262,167.0,6.475694444444429,True,19,2021-08
2021-08-25 20:00:00,111.0,113.29652777777775,2021-08-01,False,99.01388888888889,127.57916666666664,96.38472222222218,130.20833333333331,running,67.0,139.0,False,False,115.36330040180115,139.0,2.2965277777777544,True,20,2021-08
2021-08-25 21:00:00,121.0,115.07847222222225,2021-08-01,False,100.79583333333336,129.36111111111114,98.16666666666669,131.9902777777778,running,112.0,111.0,False,False,119.5641713634392,111.0,5.921527777777754,True,21,2021-08
2021-08-25 22:00:00,110.0,110.3263888888889,2021-08-01,False,96.04375000000002,124.60902777777778,93.41458333333333,127.23819444444447,running,102.0,121.0,False,False,112.36622702757096,121.0,0.32638888888889994,True,22,2021-08
2021-08-25 23:00:00,105.0,103.0875,2021-08-01,False,88.80486111111112,117.37013888888887,86.17569444444443,119.99930555555558,running,16.0,110.0,False,False,105.4440533854411,110.0,1.9124999999999943,True,23,2021-08
2021-08-26 00:00:00,72.0,67.53888888888888,2021-08-01,False,53.25625,81.82152777777776,50.6270833333333,84.45069444444445,running,415.0,105.0,False,False,66.65673047838163,105.0,4.461111111111123,True,0,2021-08
2021-08-26 01:00:00,103.0,104.02916666666668,2021-08-01,False,89.7465277777778,118.31180555555557,87.11736111111111,120.94097222222226,running,24.0,72.0,False,False,104.5357449342168,72.0,1.0291666666666828,True,1,2021-08
2021-08-26 02:00:00,115.0,106.85972222222225,2021-08-01,False,92.57708333333336,121.14236111111111,89.94791666666667,123.77152777777782,running,277.0,103.0,False,False,108.22771252634833,103.0,8.140277777777754,True,2,2021-08
2021-08-26 03:00:00,99.0,108.6902777777778,2021-08-01,False,94.40763888888893,122.97291666666668,91.77847222222222,125.60208333333335,running,30.0,115.0,False,False,111.61082645285455,115.0,9.690277777777794,True,3,2021-08
2021-08-26 04:00:00,110.0,104.87430555555557,2021-08-01,False,90.59166666666668,119.15694444444443,87.96249999999999,121.78611111111114,running,96.0,99.0,False,False,105.00873688487172,99.0,5.125694444444434,True,4,2021-08
2021-08-26 05:00:00,92.0,92.33472222222224,2021-08-01,False,78.05208333333336,106.61736111111112,75.42291666666667,109.2465277777778,running,139.0,110.0,False,False,90.90978510986474,110.0,0.3347222222222399,True,5,2021-08
2021-08-26 06:00:00,105.0,107.71249999999996,2021-08-01,False,93.42986111111108,121.99513888888885,90.8006944444444,124.62430555555554,running,393.0,92.0,False,False,110.44947926652752,92.0,2.712499999999963,True,6,2021-08
2021-08-26 07:00:00,134.0,124.09097222222226,2021-08-01,False,109.80833333333338,138.37361111111113,107.17916666666667,141.00277777777785,running,1981.0,105.0,False,False,129.58756255702292,105.0,9.909027777777737,True,7,2021-08
2021-08-26 08:00:00,183.0,180.10694444444445,2021-08-01,False,165.82430555555555,194.38958333333332,163.1951388888889,197.01875,running,592.0,134.0,True,True,178.05026032328954,134.0,2.8930555555555486,True,8,2021-08
2021-08-26 09:00:00,195.0,184.05416666666667,2021-08-01,False,169.7715277777778,198.33680555555557,167.1423611111111,200.96597222222223,running,1269.0,183.0,True,True,181.7981085476375,183.0,10.945833333333326,True,9,2021-08
2021-08-26 10:00:00,180.0,182.0076388888889,2021-08-01,False,167.72500000000002,196.29027777777776,165.0958333333333,198.91944444444448,running,286.0,195.0,True,True,181.1734336319188,195.0,2.0076388888888914,True,10,2021-08
2021-08-26 11:00:00,188.0,187.06875,2021-08-01,False,172.7861111111111,201.35138888888883,170.15694444444438,203.98055555555555,running,1425.0,180.0,True,True,188.3969580824396,180.0,0.9312500000000057,True,11,2021-08
2021-08-26 12:00:00,111.0,116.93541666666668,2021-08-01,False,102.6527777777778,131.21805555555557,100.02361111111112,133.84722222222226,running,37.0,188.0,False,False,114.27101854411738,188.0,5.935416666666683,True,12,2021-08
2021-08-26 13:00:00,183.0,183.0020833333333,2021-08-01,False,168.71944444444443,197.28472222222217,166.09027777777771,199.9138888888889,running,1792.0,111.0,True,True,184.0465114028161,111.0,0.002083333333303017,True,13,2021-08
2021-08-26 14:00:00,185.0,187.18888888888893,2021-08-01,False,172.90625000000006,201.4715277777778,170.27708333333334,204.1006944444445,running,746.0,183.0,True,True,187.01651746818808,183.0,2.1888888888889255,True,14,2021-08
2021-08-26 15:00:00,188.0,170.3881944444444,2021-08-01,False,156.1055555555555,184.6708333333333,153.47638888888883,187.29999999999995,running,2034.0,185.0,True,True,176.00500449810454,185.0,17.611805555555605,False,15,2021-08
2021-08-26 16:00:00,173.0,175.35972222222225,2021-08-01,False,161.07708333333335,189.64236111111117,158.44791666666669,192.2715277777778,running,645.0,188.0,True,True,180.8361347870561,188.0,2.3597222222222456,True,16,2021-08
2021-08-26 17:00:00,132.0,141.47222222222223,2021-08-01,False,127.18958333333336,155.7548611111111,124.56041666666664,158.38402777777782,running,301.0,173.0,False,True,143.5481070042971,173.0,9.472222222222229,True,17,2021-08
2021-08-26 18:00:00,162.0,162.13611111111112,2021-08-01,False,147.85347222222225,176.41875,145.22430555555553,179.0479166666667,running,2864.0,132.0,False,True,167.3101104766711,132.0,0.13611111111111995,True,18,2021-08
2021-08-26 19:00:00,156.0,153.07083333333333,2021-08-01,False,138.78819444444446,167.3534722222222,136.15902777777774,169.9826388888889,running,4012.0,162.0,False,False,153.31777889016564,162.0,2.9291666666666742,True,19,2021-08
2021-08-26 20:00:00,116.0,120.47222222222224,2021-08-01,False,106.18958333333336,134.75486111111113,103.56041666666668,137.38402777777782,running,203.0,156.0,False,False,122.82377046918975,156.0,4.472222222222243,True,20,2021-08
2021-08-26 21:00:00,125.0,115.91319444444444,2021-08-01,False,101.63055555555556,130.19583333333333,99.00138888888888,132.82500000000002,running,10.0,116.0,False,False,120.5220248668302,116.0,9.086805555555557,True,21,2021-08
2021-08-26 22:00:00,111.0,113.38125,2021-08-01,False,99.09861111111113,127.66388888888888,96.46944444444442,130.29305555555555,running,123.0,125.0,False,False,115.05273999460876,125.0,2.3812499999999943,True,22,2021-08
2021-08-26 23:00:00,105.0,104.12222222222223,2021-08-01,False,89.83958333333335,118.40486111111112,87.21041666666666,121.0340277777778,running,370.0,111.0,False,False,105.41677443892188,111.0,0.8777777777777658,True,23,2021-08
2021-08-27 00:00:00,72.0,70.94513888888888,2021-08-01,False,56.6625,85.22777777777776,54.0333333333333,87.85694444444445,shutdown,0.0,105.0,False,False,71.63043220651281,105.0,1.0548611111111228,True,0,2021-08
2021-08-27 01:00:00,102.0,104.41041666666668,2021-08-01,False,90.1277777777778,118.69305555555556,87.4986111111111,121.32222222222224,startup,43.0,72.0,False,False,105.84504249538011,72.0,2.410416666666677,True,1,2021-08
2021-08-27 02:00:00,111.0,107.89374999999995,2021-08-01,False,93.61111111111109,122.17638888888884,90.98194444444438,124.80555555555551,running,1024.0,102.0,False,False,108.63300325847295,102.0,3.1062500000000455,True,2,2021-08
2021-08-27 03:00:00,102.0,105.1493055555556,2021-08-01,False,90.86666666666672,119.43194444444448,88.23750000000003,122.06111111111116,running,334.0,111.0,False,False,108.6473213822968,111.0,3.1493055555555998,True,3,2021-08
2021-08-27 04:00:00,108.0,107.74305555555556,2021-08-01,False,93.46041666666667,122.02569444444444,90.83124999999998,124.65486111111112,running,293.0,102.0,False,False,109.07511292177742,102.0,0.25694444444444287,True,4,2021-08
2021-08-27 05:00:00,86.0,92.58750000000003,2021-08-01,False,78.30486111111115,106.87013888888892,75.67569444444446,109.4993055555556,running,73.0,108.0,False,False,92.75252330720312,108.0,6.587500000000034,True,5,2021-08
2021-08-27 06:00:00,101.0,105.21250000000002,2021-08-01,False,90.92986111111114,119.4951388888889,88.30069444444445,122.1243055555556,running,189.0,86.0,False,False,106.93151845441808,86.0,4.21250000000002,True,6,2021-08
2021-08-27 07:00:00,125.0,116.44722222222222,2021-08-01,False,102.16458333333334,130.72986111111112,99.53541666666663,133.35902777777778,running,698.0,101.0,False,False,118.36051781380482,101.0,8.552777777777777,True,7,2021-08
2021-08-27 08:00:00,181.0,180.66527777777773,2021-08-01,False,166.38263888888883,194.94791666666663,163.75347222222217,197.5770833333333,running,263.0,125.0,True,True,182.34402414503205,125.0,0.33472222222226833,True,8,2021-08
2021-08-27 09:00:00,176.0,183.14166666666665,2021-08-01,False,168.85902777777778,197.42430555555552,166.22986111111106,200.05347222222224,running,1321.0,181.0,True,True,179.7773878023944,181.0,7.1416666666666515,True,9,2021-08
2021-08-27 10:00:00,169.0,174.8020833333333,2021-08-01,False,160.5194444444444,189.08472222222215,157.89027777777773,191.71388888888885,running,1056.0,176.0,False,True,174.35489200879556,176.0,5.802083333333286,True,10,2021-08
2021-08-27 11:00:00,175.0,186.39236111111103,2021-08-01,False,172.10972222222216,200.6749999999999,169.48055555555544,203.30416666666665,running,2214.0,169.0,True,True,185.9959732219652,169.0,11.392361111111029,True,11,2021-08
2021-08-27 12:00:00,106.0,107.31666666666668,2021-08-01,False,93.0340277777778,121.59930555555556,90.4048611111111,124.22847222222224,running,326.0,175.0,False,False,106.72549087842012,175.0,1.316666666666677,True,12,2021-08
2021-08-27 13:00:00,173.0,178.95763888888888,2021-08-01,False,164.675,193.24027777777772,162.0458333333333,195.86944444444447,running,1925.0,106.0,False,True,182.4548745117442,106.0,5.95763888888888,True,13,2021-08
2021-08-27 14:00:00,165.0,178.13958333333326,2021-08-01,False,163.85694444444437,192.42222222222216,161.2277777777777,195.0513888888888,running,3481.0,173.0,False,True,175.5381675467949,173.0,13.139583333333263,True,14,2021-08
2021-08-27 15:00:00,162.0,162.3618055555556,2021-08-01,False,148.0791666666667,176.6444444444445,145.45000000000005,179.27361111111117,running,4309.0,165.0,False,True,167.31508363098385,165.0,0.36180555555560545,True,15,2021-08
2021-08-27 16:00:00,156.0,165.3548611111112,2021-08-01,False,151.0722222222223,179.6375000000001,148.44305555555565,182.2666666666668,running,3764.0,162.0,False,False,166.7217152664512,162.0,9.354861111111205,True,16,2021-08
2021-08-27 17:00:00,142.0,138.93194444444447,2021-08-01,False,124.6493055555556,153.21458333333334,122.0201388888889,155.84375000000006,running,1054.0,156.0,False,False,130.65127579972773,156.0,3.0680555555555316,True,17,2021-08
2021-08-27 18:00:00,143.0,156.9222222222222,2021-08-01,False,142.6395833333333,171.2048611111111,140.01041666666663,173.83402777777775,running,672.0,142.0,False,False,157.68582403492707,142.0,13.922222222222189,True,18,2021-08
2021-08-27 19:00:00,127.0,129.60208333333333,2021-08-01,False,115.31944444444444,143.8847222222222,112.69027777777777,146.5138888888889,running,1643.0,143.0,False,False,134.53787116239084,143.0,2.6020833333333258,True,19,2021-08
2021-08-27 20:00:00,108.0,112.52708333333332,2021-08-01,False,98.24444444444444,126.8097222222222,95.61527777777776,129.4388888888889,running,518.0,127.0,False,False,110.45534854731778,127.0,4.527083333333323,True,20,2021-08
2021-08-27 21:00:00,107.0,108.91111111111113,2021-08-01,False,94.62847222222224,123.19375,91.99930555555557,125.8229166666667,running,238.0,108.0,False,False,109.77665917780207,108.0,1.9111111111111256,True,21,2021-08
2021-08-27 22:00:00,96.0,103.37916666666666,2021-08-01,False,89.09652777777778,117.66180555555556,86.46736111111109,120.29097222222224,running,61.0,107.0,False,False,102.8292793302005,107.0,7.379166666666663,True,22,2021-08
2021-08-27 23:00:00,102.0,98.39166666666672,2021-08-01,False,84.10902777777784,112.6743055555556,81.47986111111115,115.3034722222223,running,270.0,96.0,False,False,98.51652594330594,96.0,3.6083333333332774,True,23,2021-08
2021-08-28 00:00:00,72.0,63.81666666666668,2021-08-01,False,49.534027777777794,78.09930555555556,46.9048611111111,80.72847222222225,running,174.0,102.0,False,False,57.75142701355672,102.0,8.183333333333323,True,0,2021-08
2021-08-28 01:00:00,104.0,102.31388888888888,2021-08-01,False,88.03125,116.59652777777777,85.40208333333331,119.22569444444446,running,160.0,72.0,False,False,100.07792656701255,72.0,1.6861111111111171,True,1,2021-08
2021-08-28 02:00:00,111.0,105.58958333333334,2021-08-01,False,91.30694444444444,119.87222222222222,88.67777777777776,122.50138888888893,running,68.0,104.0,False,False,107.4931779847944,104.0,5.410416666666663,True,2,2021-08
2021-08-28 03:00:00,102.0,102.38680555555558,2021-08-01,False,88.1041666666667,116.66944444444448,85.47500000000001,119.29861111111116,running,54.0,111.0,False,False,94.05130624737156,111.0,0.3868055555555827,True,3,2021-08
2021-08-28 04:00:00,103.0,104.20486111111111,2021-08-01,False,89.92222222222223,118.4875,87.29305555555554,121.11666666666667,running,440.0,102.0,False,False,103.46955493978842,102.0,1.2048611111111143,True,4,2021-08
2021-08-28 05:00:00,87.0,88.96111111111114,2021-08-01,False,74.67847222222225,103.24375000000002,72.04930555555556,105.87291666666673,running,29.0,103.0,False,False,90.22237936817103,103.0,1.961111111111137,True,5,2021-08
2021-08-28 06:00:00,98.0,102.61180555555556,2021-08-01,False,88.32916666666668,116.89444444444445,85.69999999999999,119.52361111111114,running,332.0,87.0,False,False,103.30845829267696,87.0,4.611805555555563,True,6,2021-08
2021-08-28 07:00:00,66.0,69.02777777777781,2021-08-01,False,54.74513888888893,83.3104166666667,52.11597222222224,85.93958333333339,running,542.0,98.0,False,False,71.23646667407783,98.0,3.027777777777814,True,7,2021-08
2021-08-28 08:00:00,35.0,37.08472222222223,2021-08-01,False,22.80208333333335,51.36736111111112,20.17291666666666,53.99652777777781,shutdown,0.0,66.0,False,False,30.62436158426273,66.0,2.084722222222233,True,8,2021-08
2021-08-28 09:00:00,36.0,44.14513888888887,2021-08-01,False,29.86249999999999,58.42777777777776,27.2333333333333,61.05694444444445,idle,0.0,35.0,False,False,27.415482861384355,35.0,8.145138888888873,True,9,2021-08
2021-08-28 10:00:00,38.0,46.24513888888887,2021-08-01,False,31.962499999999984,60.52777777777775,29.333333333333293,63.15694444444444,idle,0.0,36.0,False,False,25.27082777400873,36.0,8.245138888888867,True,10,2021-08
2021-08-28 11:00:00,37.0,52.02847222222219,2021-08-01,False,37.74583333333331,66.31111111111107,35.11666666666662,68.94027777777777,idle,0.0,38.0,False,False,26.177386392371893,38.0,15.028472222222192,True,11,2021-08
2021-08-28 12:00:00,38.0,46.16319444444444,2021-08-01,False,31.88055555555556,60.445833333333326,29.25138888888887,63.07500000000002,idle,0.0,37.0,False,False,24.63252656749775,37.0,8.163194444444443,True,12,2021-08
2021-08-28 13:00:00,38.0,50.65694444444443,2021-08-01,False,36.37430555555554,64.9395833333333,33.74513888888885,67.56875,idle,0.0,38.0,False,False,24.649369931301784,38.0,12.656944444444427,True,13,2021-08
2021-08-28 14:00:00,38.0,53.70833333333332,2021-08-01,False,39.42569444444444,67.99097222222221,36.79652777777775,70.6201388888889,idle,0.0,38.0,False,False,23.87345763131049,38.0,15.708333333333321,True,14,2021-08
2021-08-28 15:00:00,38.0,50.88333333333333,2021-08-01,False,36.60069444444445,65.16597222222222,33.97152777777776,67.79513888888891,idle,0.0,38.0,False,False,24.380292335215582,38.0,12.883333333333333,True,15,2021-08
2021-08-28 16:00:00,46.0,48.2204861111111,2021-08-01,False,33.93784722222222,62.50312499999998,31.30868055555553,65.13229166666667,idle,0.0,38.0,False,False,24.30884018853308,38.0,2.2204861111111,True,16,2021-08
2021-08-28 17:00:00,22.0,70.99791666666668,2021-08-01,False,56.7152777777778,85.28055555555557,54.08611111111111,87.90972222222226,idle,0.0,46.0,False,False,24.343958249361613,46.0,48.99791666666668,False,17,2021-08
2021-08-28 18:00:00,0.0,22.0,2021-08-01,True,7.717361111111117,36.28263888888888,20.0,24.0,idle,0.0,22.0,False,False,22.0,22.0,22.0,False,18,2021-08
2021-08-28 19:00:00,0.0,0.0,2021-08-01,True,0.0,14.282638888888885,0.0,2.0,idle,0.0,0.0,False,False,0.0,0.0,0.0,True,19,2021-08
2021-08-28 20:00:00,0.0,0.0,2021-08-01,True,0.0,14.282638888888885,0.0,2.0,idle,0.0,0.0,False,False,0.0,0.0,0.0,True,20,2021-08
2021-08-28 21:00:00,0.0,0.0,2021-08-01,True,0.0,14.282638888888885,0.0,2.0,idle,0.0,0.0,False,False,0.0,0.0,0.0,True,21,2021-08
2021-08-28 22:00:00,0.0,0.0,2021-08-01,True,0.0,14.282638888888885,0.0,2.0,idle,0.0,0.0,False,False,0.0,0.0,0.0,True,22,2021-08
2021-08-28 23:00:00,0.0,0.0,2021-08-01,True,0.0,14.282638888888885,0.0,2.0,idle,0.0,0.0,False,False,0.0,0.0,0.0,True,23,2021-08
2021-08-29 00:00:00,0.0,0.0,2021-08-01,True,0.0,14.282638888888885,0.0,2.0,idle,0.0,0.0,False,False,0.0,0.0,0.0,True,0,2021-08
2021-08-29 01:00:00,0.0,0.0,2021-08-01,True,0.0,14.282638888888885,0.0,2.0,idle,0.0,0.0,False,False,0.0,0.0,0.0,True,1,2021-08
2021-08-29 02:00:00,0.0,0.0,2021-08-01,True,0.0,14.282638888888885,0.0,2.0,idle,0.0,0.0,False,False,0.0,0.0,0.0,True,2,2021-08
2021-08-29 03:00:00,0.0,0.0,2021-08-01,True,0.0,14.282638888888885,0.0,2.0,idle,0.0,0.0,False,False,0.0,0.0,0.0,True,3,2021-08
2021-08-29 04:00:00,0.0,0.0,2021-08-01,True,0.0,14.282638888888885,0.0,2.0,idle,0.0,0.0,False,False,0.0,0.0,0.0,True,4,2021-08
2021-08-29 05:00:00,0.0,0.0,2021-08-01,True,0.0,14.282638888888885,0.0,2.0,idle,0.0,0.0,False,False,0.0,0.0,0.0,True,5,2021-08
2021-08-29 06:00:00,0.0,0.0,2021-08-01,True,0.0,14.282638888888885,0.0,2.0,idle,0.0,0.0,False,False,0.0,0.0,0.0,True,6,2021-08
2021-08-29 07:00:00,0.0,0.0,2021-08-01,True,0.0,14.282638888888885,0.0,2.0,idle,0.0,0.0,False,False,0.0,0.0,0.0,True,7,2021-08
2021-08-29 08:00:00,0.0,0.0,2021-08-01,True,0.0,14.282638888888885,0.0,2.0,idle,0.0,0.0,False,False,0.0,0.0,0.0,True,8,2021-08
2021-08-29 09:00:00,0.0,0.0,2021-08-01,True,0.0,14.282638888888885,0.0,2.0,idle,0.0,0.0,False,False,0.0,0.0,0.0,True,9,2021-08
2021-08-29 10:00:00,0.0,0.0,2021-08-01,True,0.0,14.282638888888885,0.0,2.0,idle,0.0,0.0,False,False,0.0,0.0,0.0,True,10,2021-08
2021-08-29 11:00:00,17.0,0.0,2021-08-01,True,0.0,14.282638888888885,0.0,2.0,idle,0.0,0.0,False,False,0.0,0.0,17.0,False,11,2021-08
2021-08-29 12:00:00,22.0,17.0,2021-08-01,True,2.717361111111117,31.282638888888883,15.0,19.0,idle,0.0,17.0,False,False,17.0,17.0,5.0,False,12,2021-08
2021-08-29 13:00:00,19.0,22.0,2021-08-01,True,7.717361111111117,36.28263888888888,20.0,24.0,idle,0.0,22.0,False,False,22.0,22.0,3.0,False,13,2021-08
2021-08-29 14:00:00,22.0,19.0,2021-08-01,True,4.717361111111117,33.28263888888888,17.0,21.0,idle,0.0,19.0,False,False,19.0,19.0,3.0,False,14,2021-08
2021-08-29 15:00:00,21.0,22.0,2021-08-01,True,7.717361111111117,36.28263888888888,20.0,24.0,idle,0.0,22.0,False,False,22.0,22.0,1.0,True,15,2021-08
2021-08-29 16:00:00,22.0,21.0,2021-08-01,True,6.717361111111117,35.28263888888888,19.0,23.0,idle,0.0,21.0,False,False,21.0,21.0,1.0,True,16,2021-08
2021-08-29 17:00:00,26.0,22.0,2021-08-01,True,7.717361111111117,36.28263888888888,20.0,24.0,idle,0.0,22.0,False,False,22.0,22.0,4.0,False,17,2021-08
2021-08-29 18:00:00,24.0,23.24236111111112,2021-08-01,False,8.959722222222236,37.525000000000006,6.330555555555545,40.1541666666667,idle,0.0,26.0,False,False,21.80571939690411,26.0,0.7576388888888808,True,18,2021-08
2021-08-29 19:00:00,21.0,24.0,2021-08-01,True,9.717361111111115,38.28263888888888,22.0,26.0,idle,0.0,24.0,False,False,24.0,24.0,3.0,False,19,2021-08
2021-08-29 20:00:00,20.0,21.0,2021-08-01,True,6.717361111111117,35.28263888888888,19.0,23.0,idle,0.0,21.0,False,False,21.0,21.0,1.0,True,20,2021-08
2021-08-29 21:00:00,20.0,20.0,2021-08-01,True,5.717361111111117,34.28263888888888,18.0,22.0,idle,0.0,20.0,False,False,20.0,20.0,0.0,True,21,2021-08
2021-08-29 22:00:00,22.0,20.0,2021-08-01,True,5.717361111111117,34.28263888888888,18.0,22.0,idle,0.0,20.0,False,False,20.0,20.0,2.0,True,22,2021-08
2021-08-29 23:00:00,20.0,22.0,2021-08-01,True,7.717361111111117,36.28263888888888,20.0,24.0,idle,0.0,22.0,False,False,22.0,22.0,2.0,True,23,2021-08
2021-08-30 00:00:00,20.0,20.0,2021-08-01,True,5.717361111111117,34.28263888888888,18.0,22.0,idle,0.0,20.0,False,False,20.0,20.0,0.0,True,0,2021-08
2021-08-30 01:00:00,21.0,20.0,2021-08-01,True,5.717361111111117,34.28263888888888,18.0,22.0,idle,0.0,20.0,False,False,20.0,20.0,1.0,True,1,2021-08
2021-08-30 02:00:00,21.0,21.0,2021-08-01,True,6.717361111111117,35.28263888888888,19.0,23.0,idle,0.0,21.0,False,False,21.0,21.0,0.0,True,2,2021-08
2021-08-30 03:00:00,20.0,21.0,2021-08-01,True,6.717361111111117,35.28263888888888,19.0,23.0,idle,0.0,21.0,False,False,21.0,21.0,1.0,True,3,2021-08
2021-08-30 04:00:00,20.0,20.0,2021-08-01,True,5.717361111111117,34.28263888888888,18.0,22.0,idle,0.0,20.0,False,False,20.0,20.0,0.0,True,4,2021-08
2021-08-30 05:00:00,20.0,20.0,2021-08-01,True,5.717361111111117,34.28263888888888,18.0,22.0,idle,0.0,20.0,False,False,20.0,20.0,0.0,True,5,2021-08
2021-08-30 06:00:00,21.0,20.0,2021-08-01,True,5.717361111111117,34.28263888888888,18.0,22.0,idle,0.0,20.0,False,False,20.0,20.0,1.0,True,6,2021-08
2021-08-30 07:00:00,52.0,21.0,2021-08-01,True,6.717361111111117,35.28263888888888,19.0,23.0,idle,0.0,21.0,False,False,21.0,21.0,31.0,False,7,2021-08
2021-08-30 08:00:00,167.0,165.40208333333337,2021-08-01,False,151.11944444444447,179.68472222222226,148.4902777777778,182.31388888888893,startup,879.0,52.0,True,True,170.46790299413686,52.0,1.5979166666666345,True,8,2021-08
2021-08-30 09:00:00,170.0,176.4659722222222,2021-08-01,False,162.18333333333334,190.74861111111107,159.55416666666662,193.3777777777778,running,1343.0,167.0,False,True,173.43479704164025,167.0,6.465972222222206,True,9,2021-08
2021-08-30 10:00:00,171.0,172.6305555555555,2021-08-01,False,158.3479166666666,186.9131944444444,155.71874999999994,189.54236111111103,running,844.0,170.0,True,True,165.83696690916736,170.0,1.6305555555555031,True,10,2021-08
2021-08-30 11:00:00,171.0,176.63749999999996,2021-08-01,False,162.35486111111106,190.92013888888889,159.7256944444444,193.54930555555552,running,766.0,171.0,False,True,178.01918531693775,171.0,5.63749999999996,True,11,2021-08
2021-08-30 12:00:00,114.0,108.02638888888887,2021-08-01,False,93.74375,122.30902777777776,91.1145833333333,124.93819444444443,running,448.0,171.0,False,False,112.10669492963532,171.0,5.973611111111126,True,12,2021-08
2021-08-30 13:00:00,172.0,177.15277777777777,2021-08-01,False,162.8701388888889,191.43541666666664,160.24097222222218,194.06458333333336,running,383.0,114.0,False,True,182.9110746991542,114.0,5.1527777777777715,True,13,2021-08
2021-08-30 14:00:00,171.0,172.42777777777775,2021-08-01,False,158.14513888888888,186.71041666666665,155.51597222222216,189.3395833333333,running,1151.0,172.0,False,True,177.64991666712598,172.0,1.4277777777777487,True,14,2021-08
2021-08-30 15:00:00,160.0,163.1708333333333,2021-08-01,False,148.88819444444442,177.45347222222216,146.2590277777777,180.08263888888888,running,1585.0,171.0,False,True,165.98473076917375,171.0,3.1708333333332916,True,15,2021-08
2021-08-30 16:00:00,170.0,164.47430555555556,2021-08-01,False,150.19166666666666,178.75694444444446,147.5625,181.38611111111112,running,1095.0,160.0,False,True,170.15576477179815,160.0,5.52569444444444,True,16,2021-08
2021-08-30 17:00:00,140.0,138.53263888888884,2021-08-01,False,124.24999999999996,152.81527777777774,121.62083333333328,155.4444444444444,running,140.0,170.0,False,False,148.0029676039543,170.0,1.4673611111111597,True,17,2021-08
2021-08-30 18:00:00,168.0,160.21527777777783,2021-08-01,False,145.93263888888896,174.4979166666667,143.30347222222224,177.12708333333342,running,579.0,140.0,False,True,163.96277335128212,140.0,7.784722222222172,True,18,2021-08
2021-08-30 19:00:00,144.0,146.46006944444446,2021-08-01,False,132.1774305555556,160.74270833333333,129.54826388888887,163.37187500000005,running,827.0,168.0,False,False,139.60767050304682,168.0,2.460069444444457,True,19,2021-08
2021-08-30 20:00:00,128.0,120.8215277777778,2021-08-01,False,106.53888888888892,135.10416666666669,103.90972222222224,137.73333333333338,running,13.0,144.0,False,False,122.87516726751758,144.0,7.178472222222197,True,20,2021-08
2021-08-30 21:00:00,129.0,121.32083333333334,2021-08-01,False,107.03819444444446,135.60347222222222,104.40902777777777,138.2326388888889,running,54.0,128.0,False,False,123.74178772157606,128.0,7.67916666666666,True,21,2021-08
2021-08-30 22:00:00,116.0,114.18333333333334,2021-08-01,False,99.90069444444444,128.4659722222222,97.27152777777776,131.09513888888893,running,461.0,129.0,False,False,112.94111188805428,129.0,1.8166666666666629,True,22,2021-08
2021-08-30 23:00:00,105.0,106.55902777777776,2021-08-01,False,92.27638888888887,120.84166666666664,89.64722222222218,123.47083333333332,running,151.0,116.0,False,False,108.06166190616096,116.0,1.5590277777777573,True,23,2021-08
2021-08-31 00:00:00,73.0,70.87361111111112,2021-08-01,False,56.59097222222224,85.15625,53.96180555555554,87.78541666666669,running,204.0,105.0,False,False,71.52049206594478,105.0,2.126388888888883,True,0,2021-08
2021-08-31 01:00:00,106.0,104.85972222222222,2021-08-01,False,90.57708333333332,119.1423611111111,87.94791666666664,121.7715277777778,running,353.0,73.0,False,False,102.52645039599471,73.0,1.1402777777777828,True,1,2021-08
2021-08-31 02:00:00,108.0,105.20972222222218,2021-08-01,False,90.9270833333333,119.49236111111108,88.29791666666661,122.12152777777776,running,306.0,106.0,False,False,105.90020609938468,106.0,2.790277777777817,True,2,2021-08
2021-08-31 03:00:00,101.0,102.6902777777778,2021-08-01,False,88.40763888888891,116.97291666666668,85.77847222222222,119.60208333333335,running,378.0,108.0,False,False,100.1644873462943,108.0,1.6902777777777942,True,3,2021-08
2021-08-31 04:00:00,110.0,103.60555555555554,2021-08-01,False,89.32291666666666,117.88819444444442,86.69374999999997,120.51736111111111,running,248.0,101.0,False,False,102.32188661797804,101.0,6.39444444444446,True,4,2021-08
2021-08-31 05:00:00,93.0,91.55625,2021-08-01,False,77.27361111111112,105.83888888888887,74.64444444444443,108.46805555555558,running,200.0,110.0,False,False,91.98977071023096,110.0,1.4437499999999943,True,5,2021-08
2021-08-31 06:00:00,113.0,107.34027777777776,2021-08-01,False,93.05763888888887,121.62291666666664,90.42847222222218,124.25208333333332,running,266.0,93.0,False,False,110.44044222473244,93.0,5.659722222222243,True,6,2021-08
2021-08-31 07:00:00,123.0,132.35694444444442,2021-08-01,False,118.07430555555554,146.6395833333333,115.44513888888883,149.26875,running,919.0,113.0,False,False,125.12392770214778,113.0,9.356944444444423,True,7,2021-08
2021-08-31 08:00:00,167.0,183.0131944444444,2021-08-01,False,168.7305555555555,197.2958333333333,166.10138888888883,199.92499999999995,running,653.0,123.0,False,True,181.3319973218521,123.0,16.013194444444395,True,8,2021-08
2021-08-31 09:00:00,169.0,174.8076388888889,2021-08-01,False,160.52500000000003,189.09027777777777,157.89583333333331,191.7194444444445,running,942.0,167.0,True,True,172.94269960414897,167.0,5.807638888888903,True,9,2021-08
2021-08-31 10:00:00,176.0,178.02708333333328,2021-08-01,False,163.7444444444444,192.30972222222212,161.1152777777777,194.93888888888887,running,1026.0,169.0,True,True,171.75358572431918,169.0,2.0270833333332803,True,10,2021-08
2021-08-31 11:00:00,165.0,181.5618055555555,2021-08-01,False,167.27916666666664,195.8444444444444,164.64999999999992,198.4736111111111,running,1255.0,176.0,True,True,181.8808409848624,176.0,16.56180555555551,True,11,2021-08
2021-08-31 12:00:00,112.0,104.08402777777776,2021-08-01,False,89.80138888888888,118.36666666666665,87.17222222222219,120.99583333333334,running,194.0,165.0,False,False,106.94714241185966,165.0,7.915972222222237,True,12,2021-08
2021-08-31 13:00:00,174.0,178.01458333333332,2021-08-01,False,163.73194444444442,192.29722222222225,161.10277777777776,194.92638888888888,running,710.0,112.0,True,True,174.72977568394288,112.0,4.01458333333332,True,13,2021-08
2021-08-31 14:00:00,182.0,176.40069444444438,2021-08-01,False,162.1180555555555,190.68333333333328,159.48888888888882,193.31249999999997,running,1198.0,174.0,True,True,179.59705612781244,174.0,5.599305555555617,True,14,2021-08
2021-08-31 15:00:00,157.0,166.02499999999998,2021-08-01,False,151.7423611111111,180.30763888888885,149.1131944444444,182.9368055555556,running,1803.0,182.0,False,True,169.32534706339968,182.0,9.024999999999977,True,15,2021-08
2021-08-31 16:00:00,167.0,168.8145833333333,2021-08-01,False,154.53194444444443,183.09722222222217,151.90277777777771,185.7263888888889,running,2164.0,157.0,False,True,177.69947031420668,157.0,1.814583333333303,True,16,2021-08
2021-08-31 17:00:00,125.0,135.9520833333333,2021-08-01,False,121.6694444444444,150.23472222222216,119.04027777777772,152.86388888888888,running,350.0,167.0,False,False,134.22082807795397,167.0,10.952083333333292,True,17,2021-08
2021-08-31 18:00:00,156.0,150.40694444444443,2021-08-01,False,136.12430555555557,164.6895833333333,133.49513888888885,167.31875000000002,running,1029.0,125.0,False,False,152.7991994653284,125.0,5.593055555555566,True,18,2021-08
2021-08-31 19:00:00,148.0,143.47638888888883,2021-08-01,False,129.19374999999997,157.7590277777777,126.56458333333326,160.38819444444442,running,1381.0,156.0,False,False,141.18337114330512,156.0,4.523611111111165,True,19,2021-08
2021-08-31 20:00:00,147.0,131.15902777777777,2021-08-01,False,116.87638888888888,145.44166666666666,114.2472222222222,148.07083333333333,running,179.0,148.0,False,False,128.2467116965002,148.0,15.840972222222234,True,20,2021-08
2021-08-31 21:00:00,131.0,128.2659722222222,2021-08-01,False,113.9833333333333,142.5486111111111,111.3541666666666,145.17777777777775,running,133.0,147.0,False,False,126.18822780383162,147.0,2.7340277777778113,True,21,2021-08
2021-08-31 22:00:00,119.0,118.06111111111112,2021-08-01,False,103.77847222222223,132.34375,101.14930555555554,134.9729166666667,running,366.0,131.0,False,False,115.9740299456452,131.0,0.9388888888888829,True,22,2021-08
2021-08-31 23:00:00,112.0,107.37777777777778,2021-08-01,False,93.0951388888889,121.66041666666666,90.4659722222222,124.28958333333335,running,186.0,119.0,False,False,106.8989203312519,119.0,4.62222222222222,True,23,2021-08
2021-09-01 00:00:00,74.0,78.11180555555556,2021-09-01,False,63.80208333333334,92.42152777777778,59.896527777777806,96.32708333333332,running,178.0,112.0,False,False,73.65020987398881,112.0,4.111805555555563,True,0,2021-09
2021-09-01 01:00:00,109.0,106.04999999999995,2021-09-01,False,91.74027777777772,120.35972222222216,87.8347222222222,124.26527777777773,running,1160.0,74.0,False,False,104.93390754492783,74.0,2.9500000000000455,True,1,2021-09
2021-09-01 02:00:00,114.0,110.4722222222222,2021-09-01,False,96.16249999999998,124.78194444444442,92.25694444444444,128.68749999999994,running,414.0,109.0,False,False,109.9912260514376,109.0,3.5277777777778,True,2,2021-09
2021-09-01 03:00:00,99.0,105.64791666666667,2021-09-01,False,91.33819444444444,119.9576388888889,87.43263888888892,123.86319444444445,running,507.0,114.0,False,False,105.47175516524312,114.0,6.647916666666674,True,3,2021-09
2021-09-01 04:00:00,115.0,107.14513888888888,2021-09-01,False,92.83541666666666,121.4548611111111,88.92986111111112,125.36041666666664,running,154.0,99.0,False,False,105.23624298451868,99.0,7.85486111111112,True,4,2021-09
2021-09-01 05:00:00,92.0,97.52916666666668,2021-09-01,False,83.21944444444446,111.8388888888889,79.31388888888893,115.74444444444444,running,248.0,115.0,False,False,99.4621276709302,115.0,5.529166666666683,True,5,2021-09
2021-09-01 06:00:00,116.0,111.23402777777775,2021-09-01,False,96.92430555555552,125.54374999999996,93.01875,129.4493055555555,running,88.0,92.0,False,False,112.83398015089044,92.0,4.765972222222246,True,6,2021-09
2021-09-01 07:00:00,124.0,133.49583333333334,2021-09-01,False,119.18611111111112,147.80555555555554,115.28055555555558,151.7111111111111,running,1747.0,116.0,False,False,137.3050116193204,116.0,9.495833333333337,True,7,2021-09
2021-09-01 08:00:00,180.0,173.78958333333335,2021-09-01,False,159.47986111111112,188.0993055555556,155.5743055555556,192.0048611111111,running,829.0,124.0,True,True,171.57607827888512,124.0,6.210416666666646,True,8,2021-09
2021-09-01 09:00:00,182.0,181.80000000000004,2021-09-01,False,167.4902777777778,196.10972222222227,163.5847222222223,200.01527777777775,running,1338.0,180.0,True,True,183.07717026003112,180.0,0.1999999999999602,True,9,2021-09
2021-09-01 10:00:00,185.0,174.19236111111113,2021-09-01,False,159.8826388888889,188.50208333333336,155.97708333333338,192.40763888888887,running,806.0,182.0,True,True,176.9162223055469,182.0,10.807638888888874,True,10,2021-09
2021-09-01 11:00:00,174.0,183.025,2021-09-01,False,168.71527777777777,197.33472222222224,164.80972222222226,201.24027777777772,running,1677.0,185.0,False,True,181.8298154165688,185.0,9.025000000000006,True,11,2021-09
2021-09-01 12:00:00,117.0,107.14722222222224,2021-09-01,False,92.83750000000002,121.45694444444446,88.93194444444448,125.3625,running,36.0,174.0,False,False,108.62090473063604,174.0,9.85277777777776,True,12,2021-09
2021-09-01 13:00:00,182.0,176.31388888888893,2021-09-01,False,162.00416666666672,190.62361111111116,158.09861111111115,194.5291666666667,running,1498.0,117.0,True,True,179.14163511462425,117.0,5.6861111111110745,True,13,2021-09
2021-09-01 14:00:00,184.0,178.21249999999998,2021-09-01,False,163.90277777777777,192.52222222222215,159.9972222222222,196.42777777777772,running,2107.0,182.0,True,True,179.20225997690858,182.0,5.787500000000023,True,14,2021-09
2021-09-01 15:00:00,173.0,168.52222222222227,2021-09-01,False,154.21250000000003,182.8319444444445,150.30694444444453,186.7375,running,1155.0,184.0,True,True,168.78727887189035,184.0,4.477777777777732,True,15,2021-09
2021-09-01 16:00:00,176.0,169.72222222222226,2021-09-01,False,155.41250000000002,184.0319444444445,151.5069444444445,187.9375,running,1460.0,173.0,True,True,175.87839219376062,173.0,6.277777777777743,True,16,2021-09
2021-09-01 17:00:00,139.0,140.66458333333335,2021-09-01,False,126.35486111111112,154.9743055555556,122.4493055555556,158.8798611111111,running,437.0,176.0,False,True,145.26236822943315,176.0,1.6645833333333542,True,17,2021-09
2021-09-01 18:00:00,163.0,164.588888888889,2021-09-01,False,150.27916666666675,178.89861111111122,146.37361111111125,182.80416666666676,running,1288.0,139.0,False,True,163.46378358555882,139.0,1.588888888888988,True,18,2021-09
2021-09-01 19:00:00,152.0,149.37986111111113,2021-09-01,False,135.0701388888889,163.68958333333336,131.16458333333338,167.59513888888887,running,1332.0,163.0,False,False,145.78850999845298,163.0,2.6201388888888744,True,19,2021-09
2021-09-01 20:00:00,129.0,122.42708333333334,2021-09-01,False,108.11736111111112,136.73680555555558,104.2118055555556,140.6423611111111,running,379.0,152.0,False,False,128.1746908512567,152.0,6.572916666666657,True,20,2021-09
2021-09-01 21:00:00,131.0,125.8777777777778,2021-09-01,False,111.56805555555556,140.1875,107.66250000000004,144.09305555555557,running,386.0,129.0,False,False,128.28156240625773,129.0,5.122222222222206,True,21,2021-09
2021-09-01 22:00:00,119.0,117.31041666666668,2021-09-01,False,103.00069444444446,131.6201388888889,99.09513888888893,135.52569444444444,running,120.0,131.0,False,False,117.08385220196308,131.0,1.6895833333333172,True,22,2021-09
2021-09-01 23:00:00,114.0,110.57013888888888,2021-09-01,False,96.26041666666666,124.8798611111111,92.35486111111112,128.78541666666663,running,294.0,119.0,False,False,111.75775492692117,119.0,3.429861111111123,True,23,2021-09
2021-09-02 00:00:00,79.0,77.8736111111111,2021-09-01,False,63.56388888888888,92.18333333333332,59.65833333333335,96.08888888888886,running,190.0,114.0,False,False,74.13366443707666,114.0,1.126388888888897,True,0,2021-09
2021-09-02 01:00:00,112.0,108.59999999999998,2021-09-01,False,94.29027777777776,122.9097222222222,90.38472222222222,126.81527777777774,running,216.0,79.0,False,False,107.8054773451972,79.0,3.40000000000002,True,1,2021-09
2021-09-02 02:00:00,114.0,112.57083333333335,2021-09-01,False,98.26111111111112,126.88055555555556,94.3555555555556,130.7861111111111,running,367.0,112.0,False,False,114.42710106140922,112.0,1.4291666666666458,True,2,2021-09
2021-09-02 03:00:00,106.0,105.42916666666665,2021-09-01,False,91.11944444444444,119.73888888888888,87.21388888888889,123.6444444444444,running,64.0,114.0,False,False,106.9932225743674,114.0,0.5708333333333542,True,3,2021-09
2021-09-02 04:00:00,114.0,111.19652777777776,2021-09-01,False,96.88680555555554,125.50624999999998,92.98125,129.41180555555553,running,310.0,106.0,False,False,111.12641912666942,106.0,2.80347222222224,True,4,2021-09
2021-09-02 05:00:00,93.0,96.3916666666667,2021-09-01,False,82.08194444444447,110.70138888888891,78.17638888888894,114.60694444444444,running,320.0,114.0,False,False,98.11845018042035,114.0,3.391666666666694,True,5,2021-09
2021-09-02 06:00:00,115.0,111.69444444444444,2021-09-01,False,97.38472222222222,126.00416666666666,93.47916666666669,129.9097222222222,running,654.0,93.0,False,False,111.18022196102704,93.0,3.305555555555557,True,6,2021-09
2021-09-02 07:00:00,141.0,134.15208333333334,2021-09-01,False,119.84236111111112,148.46180555555554,115.93680555555558,152.3673611111111,running,598.0,115.0,False,False,134.15240263881975,115.0,6.847916666666663,True,7,2021-09
2021-09-02 08:00:00,166.0,175.6263888888889,2021-09-01,False,161.31666666666666,189.93611111111116,157.41111111111115,193.84166666666664,running,811.0,141.0,False,True,179.63578455597252,141.0,9.626388888888897,True,8,2021-09
2021-09-02 09:00:00,184.0,171.1833333333333,2021-09-01,False,156.87361111111107,185.49305555555557,152.96805555555557,189.39861111111105,running,990.0,166.0,True,True,177.9930908626976,166.0,12.816666666666691,True,9,2021-09
2021-09-02 10:00:00,179.0,182.75416666666663,2021-09-01,False,168.4444444444444,197.06388888888887,164.5388888888889,200.9694444444444,running,770.0,184.0,True,True,182.6175693379939,184.0,3.7541666666666345,True,10,2021-09
2021-09-02 11:00:00,182.0,178.45277777777775,2021-09-01,False,164.14305555555552,192.7625,160.2375,196.6680555555555,running,661.0,179.0,True,True,180.69568341157836,179.0,3.5472222222222456,True,11,2021-09
2021-09-02 12:00:00,112.0,114.91875,2021-09-01,False,100.60902777777778,129.22847222222222,96.70347222222225,133.13402777777776,running,73.0,182.0,False,False,112.81889313431864,182.0,2.918750000000003,True,12,2021-09
2021-09-02 13:00:00,174.0,176.7131944444444,2021-09-01,False,162.4034722222222,191.02291666666665,158.49791666666664,194.92847222222215,running,1379.0,112.0,True,True,181.74400349285213,112.0,2.7131944444444116,True,13,2021-09
2021-09-02 14:00:00,192.0,176.2388888888889,2021-09-01,False,161.92916666666667,190.54861111111117,158.02361111111117,194.45416666666665,running,1151.0,174.0,True,True,181.61867434143096,174.0,15.761111111111092,True,14,2021-09
2021-09-02 15:00:00,170.0,174.53055555555557,2021-09-01,False,160.22083333333336,188.84027777777777,156.3152777777778,192.7458333333333,running,929.0,192.0,False,True,176.23794511678022,192.0,4.530555555555566,True,15,2021-09
2021-09-02 16:00:00,174.0,169.91180555555553,2021-09-01,False,155.60208333333333,184.2215277777777,151.69652777777776,188.1270833333333,running,1385.0,170.0,False,True,173.75254410117856,170.0,4.0881944444444684,True,16,2021-09
2021-09-02 17:00:00,132.0,139.35625,2021-09-01,False,125.04652777777775,153.6659722222222,121.14097222222225,157.57152777777776,running,1297.0,174.0,False,True,139.42957954081282,174.0,7.356249999999989,True,17,2021-09
2021-09-02 18:00:00,159.0,158.06874999999997,2021-09-01,False,143.75902777777776,172.37847222222217,139.8534722222222,176.28402777777774,running,4490.0,132.0,False,False,163.08880139339567,132.0,0.9312500000000341,True,18,2021-09
2021-09-02 19:00:00,161.0,153.07847222222216,2021-09-01,False,138.76874999999995,167.38819444444437,134.8631944444444,171.29374999999993,running,1893.0,159.0,False,False,156.63825485535082,159.0,7.92152777777784,True,19,2021-09
2021-09-02 20:00:00,132.0,133.11111111111111,2021-09-01,False,118.8013888888889,147.42083333333335,114.89583333333336,151.32638888888886,running,82.0,161.0,False,False,128.58849915242092,161.0,1.1111111111111143,True,20,2021-09
2021-09-02 21:00:00,131.0,122.98194444444448,2021-09-01,False,108.67222222222226,137.29166666666669,104.76666666666672,141.19722222222225,running,446.0,132.0,False,False,125.16443797492268,132.0,8.01805555555552,True,21,2021-09
2021-09-02 22:00:00,114.0,118.52152777777776,2021-09-01,False,104.21180555555554,132.83124999999998,100.30625,136.73680555555552,running,145.0,131.0,False,False,119.91764865482656,131.0,4.521527777777763,True,22,2021-09
2021-09-02 23:00:00,119.0,112.00208333333332,2021-09-01,False,97.6923611111111,126.31180555555554,93.78680555555556,130.21736111111107,running,130.0,114.0,False,False,115.56897995034444,114.0,6.997916666666683,True,23,2021-09
2021-09-03 00:00:00,69.0,79.7152777777778,2021-09-01,False,65.40555555555558,94.02500000000002,61.50000000000004,97.93055555555556,running,26.0,119.0,False,False,74.03283807432715,119.0,10.7152777777778,True,0,2021-09
2021-09-03 01:00:00,109.0,108.63263888888882,2021-09-01,False,94.3229166666666,122.94236111111104,90.41736111111106,126.84791666666658,running,188.0,69.0,False,False,106.55729902742526,69.0,0.36736111111117964,True,1,2021-09
2021-09-03 02:00:00,112.0,113.54027777777782,2021-09-01,False,99.2305555555556,127.85000000000004,95.32500000000006,131.7555555555556,running,402.0,109.0,False,False,114.1175216195031,109.0,1.540277777777817,True,2,2021-09
2021-09-03 03:00:00,110.0,106.05416666666665,2021-09-01,False,91.74444444444444,120.36388888888888,87.83888888888889,124.2694444444444,running,512.0,112.0,False,False,103.15325886205076,112.0,3.945833333333354,True,3,2021-09
2021-09-03 04:00:00,107.0,111.5875,2021-09-01,False,97.2777777777778,125.89722222222224,93.37222222222223,129.80277777777775,running,290.0,110.0,False,False,109.54675488940292,110.0,4.587500000000006,True,4,2021-09
2021-09-03 05:00:00,93.0,91.94791666666664,2021-09-01,False,77.63819444444442,106.25763888888886,73.73263888888889,110.1631944444444,running,122.0,107.0,False,False,91.94690167908166,107.0,1.052083333333357,True,5,2021-09
2021-09-03 06:00:00,107.0,110.49652777777776,2021-09-01,False,96.18680555555554,124.80624999999998,92.28125,128.71180555555551,running,280.0,93.0,False,False,110.8256568449853,93.0,3.4965277777777573,True,6,2021-09
2021-09-03 07:00:00,134.0,126.07916666666668,2021-09-01,False,111.76944444444446,140.3888888888889,107.86388888888892,144.29444444444442,running,800.0,107.0,False,False,124.6326556555812,107.0,7.92083333333332,True,7,2021-09
2021-09-03 08:00:00,170.0,175.4486111111111,2021-09-01,False,161.13888888888886,189.75833333333333,157.23333333333335,193.66388888888883,running,706.0,134.0,False,True,174.68745261868656,134.0,5.4486111111110915,True,8,2021-09
2021-09-03 09:00:00,171.0,173.7652777777778,2021-09-01,False,159.45555555555558,188.07500000000005,155.55000000000007,191.98055555555555,running,1005.0,170.0,False,True,178.93622126829328,170.0,2.7652777777778113,True,9,2021-09
2021-09-03 10:00:00,163.0,172.09722222222223,2021-09-01,False,157.78750000000002,186.40694444444443,153.88194444444446,190.3125,running,517.0,171.0,False,True,174.2084664814641,171.0,9.097222222222229,True,10,2021-09
2021-09-03 11:00:00,187.0,174.71944444444446,2021-09-01,False,160.40972222222223,189.0291666666667,156.50416666666672,192.9347222222222,running,337.0,163.0,True,True,174.33707271865754,163.0,12.280555555555537,True,11,2021-09
2021-09-03 12:00:00,108.0,113.93958333333336,2021-09-01,False,99.62986111111114,128.24930555555557,95.7243055555556,132.15486111111113,running,372.0,187.0,False,True,113.9479342433701,187.0,5.93958333333336,True,12,2021-09
2021-09-03 13:00:00,169.0,177.97847222222222,2021-09-01,False,163.66875,192.28819444444449,159.76319444444448,196.19375,running,1240.0,108.0,False,True,181.278148783356,108.0,8.978472222222223,True,13,2021-09
2021-09-03 14:00:00,178.0,177.29375,2021-09-01,False,162.98402777777778,191.6034722222222,159.07847222222222,195.50902777777776,running,280.0,169.0,False,True,179.5500748746419,169.0,0.7062500000000114,True,14,2021-09
2021-09-03 15:00:00,154.0,164.23680555555558,2021-09-01,False,149.92708333333337,178.54652777777778,146.0215277777778,182.45208333333332,running,2229.0,178.0,False,True,167.43434907585635,178.0,10.236805555555577,True,15,2021-09
2021-09-03 16:00:00,161.0,163.86458333333331,2021-09-01,False,149.5548611111111,178.17430555555552,145.64930555555554,182.0798611111111,running,348.0,154.0,False,True,168.1253186719209,154.0,2.8645833333333144,True,16,2021-09
2021-09-03 17:00:00,147.0,141.7805555555556,2021-09-01,False,127.47083333333336,156.09027777777783,123.56527777777784,159.99583333333334,running,51.0,161.0,False,False,142.8748750485708,161.0,5.219444444444406,True,17,2021-09
2021-09-03 18:00:00,154.0,157.43402777777777,2021-09-01,False,143.12430555555557,171.74374999999998,139.21875,175.64930555555554,running,473.0,147.0,False,False,150.23101289158217,147.0,3.4340277777777715,True,18,2021-09
2021-09-03 19:00:00,143.0,137.09375,2021-09-01,False,122.78402777777778,151.4034722222222,118.87847222222224,155.30902777777777,running,1928.0,154.0,False,False,138.1228812703256,154.0,5.90625,True,19,2021-09
2021-09-03 20:00:00,115.0,115.83124999999998,2021-09-01,False,101.52152777777776,130.14097222222222,97.61597222222224,134.04652777777773,running,75.0,143.0,False,False,116.39478035654408,143.0,0.831249999999983,True,20,2021-09
2021-09-03 21:00:00,110.0,113.21527777777776,2021-09-01,False,98.90555555555554,127.52499999999998,95.0,131.43055555555551,running,42.0,115.0,False,False,113.8582969341886,115.0,3.2152777777777573,True,21,2021-09
2021-09-03 22:00:00,105.0,104.87013888888887,2021-09-01,False,90.56041666666664,119.1798611111111,86.65486111111112,123.08541666666665,running,505.0,110.0,False,False,103.42450971919908,110.0,0.12986111111112564,True,22,2021-09
2021-09-03 23:00:00,101.0,106.0972222222222,2021-09-01,False,91.78749999999998,120.40694444444442,87.88194444444444,124.31249999999996,running,117.0,105.0,False,False,108.44766177169303,105.0,5.0972222222222,True,23,2021-09
2021-09-04 00:00:00,64.0,66.49444444444444,2021-09-01,False,52.18472222222222,80.80416666666666,48.27916666666668,84.7097222222222,running,156.0,101.0,False,False,65.49244928538845,101.0,2.49444444444444,True,0,2021-09
2021-09-04 01:00:00,106.0,102.66249999999997,2021-09-01,False,88.35277777777775,116.9722222222222,84.44722222222221,120.87777777777772,running,740.0,64.0,False,False,101.07216171642592,64.0,3.337500000000034,True,1,2021-09
2021-09-04 02:00:00,104.0,108.3159722222222,2021-09-01,False,94.00624999999998,122.62569444444442,90.10069444444444,126.53124999999996,running,287.0,106.0,False,False,108.10362117634364,106.0,4.3159722222222,True,2,2021-09
2021-09-04 03:00:00,98.0,104.32291666666666,2021-09-01,False,90.01319444444444,118.63263888888888,86.1076388888889,122.5381944444444,running,509.0,104.0,False,False,103.58416638888208,104.0,6.322916666666657,True,3,2021-09
2021-09-04 04:00:00,109.0,103.96666666666668,2021-09-01,False,89.65694444444446,118.2763888888889,85.75138888888893,122.18194444444444,running,183.0,98.0,False,False,99.24967615099716,98.0,5.033333333333317,True,4,2021-09
2021-09-04 05:00:00,88.0,91.92847222222224,2021-09-01,False,77.61875000000002,106.23819444444446,73.71319444444448,110.14375,running,745.0,109.0,False,False,89.41316318606465,109.0,3.92847222222224,True,5,2021-09
2021-09-04 06:00:00,111.0,102.85694444444442,2021-09-01,False,88.5472222222222,117.16666666666664,84.64166666666667,121.07222222222218,running,118.0,88.0,False,False,101.0782177083684,88.0,8.143055555555577,True,6,2021-09
2021-09-04 07:00:00,70.0,75.52222222222223,2021-09-01,False,61.212500000000006,89.83194444444445,57.30694444444447,93.73749999999998,running,693.0,111.0,False,False,87.02723916246853,111.0,5.522222222222226,True,7,2021-09
2021-09-04 08:00:00,33.0,37.57291666666668,2021-09-01,False,23.26319444444446,51.8826388888889,19.35763888888892,55.78819444444444,shutdown,0.0,70.0,False,False,33.349229223202016,70.0,4.5729166666666785,True,8,2021-09
2021-09-04 09:00:00,32.0,36.95486111111111,2021-09-01,False,22.645138888888887,51.26458333333333,18.73958333333335,55.170138888888864,idle,0.0,33.0,False,False,27.07894819147127,33.0,4.954861111111107,True,9,2021-09
2021-09-04 10:00:00,34.0,35.090972222222234,2021-09-01,False,20.78125000000001,49.40069444444445,16.875694444444477,53.30624999999999,idle,0.0,32.0,False,False,26.97692336956972,32.0,1.0909722222222342,True,10,2021-09
2021-09-04 11:00:00,32.0,36.46736111111112,2021-09-01,False,22.157638888888897,50.77708333333334,18.25208333333336,54.68263888888888,idle,0.0,34.0,False,False,29.67154175186345,34.0,4.467361111111117,True,11,2021-09
2021-09-04 12:00:00,33.0,35.97430555555557,2021-09-01,False,21.664583333333347,50.28402777777779,17.75902777777781,54.18958333333333,idle,0.0,32.0,False,False,25.073892043687454,32.0,2.974305555555567,True,12,2021-09
2021-09-04 13:00:00,34.0,37.00486111111112,2021-09-01,False,22.6951388888889,51.31458333333334,18.78958333333336,55.22013888888888,idle,0.0,33.0,False,False,26.35501712176032,33.0,3.0048611111111185,True,13,2021-09
2021-09-04 14:00:00,34.0,38.76805555555556,2021-09-01,False,24.458333333333343,53.07777777777778,20.55277777777781,56.98333333333332,idle,0.0,34.0,False,False,35.991807973844004,34.0,4.768055555555563,True,14,2021-09
2021-09-04 15:00:00,33.0,38.42361111111112,2021-09-01,False,24.1138888888889,52.73333333333334,20.208333333333364,56.63888888888888,idle,0.0,34.0,False,False,26.228239668739818,34.0,5.423611111111121,True,15,2021-09
2021-09-04 16:00:00,36.0,38.687152777777776,2021-09-01,False,24.37743055555556,52.996875,20.47187500000002,56.90243055555553,idle,0.0,33.0,False,False,26.74003380546681,33.0,2.6871527777777757,True,16,2021-09
2021-09-04 17:00:00,35.0,40.58958333333332,2021-09-01,False,26.279861111111103,54.89930555555554,22.37430555555557,58.80486111111108,idle,0.0,36.0,False,False,31.151179406656144,36.0,5.589583333333323,True,17,2021-09
2021-09-04 18:00:00,26.0,36.426388888888894,2021-09-01,False,22.116666666666674,50.73611111111112,18.211111111111137,54.64166666666665,idle,0.0,35.0,False,False,24.323645767959967,35.0,10.426388888888894,True,18,2021-09
2021-09-04 19:00:00,23.0,27.574999999999992,2021-09-01,False,13.265277777777772,41.88472222222221,9.359722222222237,45.79027777777775,idle,0.0,26.0,False,False,22.11862872278209,26.0,4.574999999999992,True,19,2021-09
2021-09-04 20:00:00,25.0,23.0,2021-09-01,True,8.69027777777778,37.30972222222222,21.0,25.0,idle,0.0,23.0,False,False,23.0,23.0,2.0,True,20,2021-09
2021-09-04 21:00:00,23.0,25.0,2021-09-01,True,10.69027777777778,39.30972222222222,23.0,27.0,idle,0.0,25.0,False,False,25.0,25.0,2.0,True,21,2021-09
2021-09-04 22:00:00,23.0,23.0,2021-09-01,True,8.69027777777778,37.30972222222222,21.0,25.0,idle,0.0,23.0,False,False,23.0,23.0,0.0,True,22,2021-09
2021-09-04 23:00:00,23.0,23.0,2021-09-01,True,8.69027777777778,37.30972222222222,21.0,25.0,idle,0.0,23.0,False,False,23.0,23.0,0.0,True,23,2021-09
2021-09-05 00:00:00,24.0,23.0,2021-09-01,True,8.69027777777778,37.30972222222222,21.0,25.0,idle,0.0,23.0,False,False,23.0,23.0,1.0,True,0,2021-09
2021-09-05 01:00:00,22.0,24.0,2021-09-01,True,9.69027777777778,38.30972222222222,22.0,26.0,idle,0.0,24.0,False,False,24.0,24.0,2.0,True,1,2021-09
2021-09-05 02:00:00,22.0,22.0,2021-09-01,True,7.69027777777778,36.30972222222222,20.0,24.0,idle,0.0,22.0,False,False,22.0,22.0,0.0,True,2,2021-09
2021-09-05 03:00:00,22.0,22.0,2021-09-01,True,7.69027777777778,36.30972222222222,20.0,24.0,idle,0.0,22.0,False,False,22.0,22.0,0.0,True,3,2021-09
2021-09-05 04:00:00,24.0,22.0,2021-09-01,True,7.69027777777778,36.30972222222222,20.0,24.0,idle,0.0,22.0,False,False,22.0,22.0,2.0,True,4,2021-09
2021-09-05 05:00:00,22.0,24.0,2021-09-01,True,9.69027777777778,38.30972222222222,22.0,26.0,idle,0.0,24.0,False,False,24.0,24.0,2.0,True,5,2021-09
2021-09-05 06:00:00,22.0,22.0,2021-09-01,True,7.69027777777778,36.30972222222222,20.0,24.0,idle,0.0,22.0,False,False,22.0,22.0,0.0,True,6,2021-09
2021-09-05 07:00:00,22.0,22.0,2021-09-01,True,7.69027777777778,36.30972222222222,20.0,24.0,idle,0.0,22.0,False,False,22.0,22.0,0.0,True,7,2021-09
2021-09-05 08:00:00,25.0,22.0,2021-09-01,True,7.69027777777778,36.30972222222222,20.0,24.0,idle,0.0,22.0,False,False,22.0,22.0,3.0,False,8,2021-09
2021-09-05 09:00:00,22.0,25.0,2021-09-01,True,10.69027777777778,39.30972222222222,23.0,27.0,idle,0.0,25.0,False,False,25.0,25.0,3.0,False,9,2021-09
2021-09-05 10:00:00,22.0,22.0,2021-09-01,True,7.69027777777778,36.30972222222222,20.0,24.0,idle,0.0,22.0,False,False,22.0,22.0,0.0,True,10,2021-09
2021-09-05 11:00:00,22.0,22.0,2021-09-01,True,7.69027777777778,36.30972222222222,20.0,24.0,idle,0.0,22.0,False,False,22.0,22.0,0.0,True,11,2021-09
2021-09-05 12:00:00,24.0,22.0,2021-09-01,True,7.69027777777778,36.30972222222222,20.0,24.0,idle,0.0,22.0,False,False,22.0,22.0,2.0,True,12,2021-09
2021-09-05 13:00:00,22.0,24.0,2021-09-01,True,9.69027777777778,38.30972222222222,22.0,26.0,idle,0.0,24.0,False,False,24.0,24.0,2.0,True,13,2021-09
2021-09-05 14:00:00,23.0,22.0,2021-09-01,True,7.69027777777778,36.30972222222222,20.0,24.0,idle,0.0,22.0,False,False,22.0,22.0,1.0,True,14,2021-09
2021-09-05 15:00:00,24.0,23.0,2021-09-01,True,8.69027777777778,37.30972222222222,21.0,25.0,idle,0.0,23.0,False,False,23.0,23.0,1.0,True,15,2021-09
2021-09-05 16:00:00,23.0,24.0,2021-09-01,True,9.69027777777778,38.30972222222222,22.0,26.0,idle,0.0,24.0,False,False,24.0,24.0,1.0,True,16,2021-09
2021-09-05 17:00:00,23.0,23.0,2021-09-01,True,8.69027777777778,37.30972222222222,21.0,25.0,idle,0.0,23.0,False,False,23.0,23.0,0.0,True,17,2021-09
2021-09-05 18:00:00,22.0,23.0,2021-09-01,True,8.69027777777778,37.30972222222222,21.0,25.0,idle,0.0,23.0,False,False,23.0,23.0,1.0,True,18,2021-09
2021-09-05 19:00:00,24.0,22.0,2021-09-01,True,7.69027777777778,36.30972222222222,20.0,24.0,idle,0.0,22.0,False,False,22.0,22.0,2.0,True,19,2021-09
2021-09-05 20:00:00,23.0,24.0,2021-09-01,True,9.69027777777778,38.30972222222222,22.0,26.0,idle,0.0,24.0,False,False,24.0,24.0,1.0,True,20,2021-09
2021-09-05 21:00:00,23.0,23.0,2021-09-01,True,8.69027777777778,37.30972222222222,21.0,25.0,idle,0.0,23.0,False,False,23.0,23.0,0.0,True,21,2021-09
2021-09-05 22:00:00,24.0,23.0,2021-09-01,True,8.69027777777778,37.30972222222222,21.0,25.0,idle,0.0,23.0,False,False,23.0,23.0,1.0,True,22,2021-09
2021-09-05 23:00:00,23.0,24.0,2021-09-01,True,9.69027777777778,38.30972222222222,22.0,26.0,idle,0.0,24.0,False,False,24.0,24.0,1.0,True,23,2021-09
2021-09-06 00:00:00,22.0,23.0,2021-09-01,True,8.69027777777778,37.30972222222222,21.0,25.0,idle,0.0,23.0,False,False,23.0,23.0,1.0,True,0,2021-09
2021-09-06 01:00:00,22.0,22.0,2021-09-01,True,7.69027777777778,36.30972222222222,20.0,24.0,idle,0.0,22.0,False,False,22.0,22.0,0.0,True,1,2021-09
2021-09-06 02:00:00,24.0,22.0,2021-09-01,True,7.69027777777778,36.30972222222222,20.0,24.0,idle,0.0,22.0,False,False,22.0,22.0,2.0,True,2,2021-09
2021-09-06 03:00:00,22.0,24.0,2021-09-01,True,9.69027777777778,38.30972222222222,22.0,26.0,idle,0.0,24.0,False,False,24.0,24.0,2.0,True,3,2021-09
2021-09-06 04:00:00,22.0,22.0,2021-09-01,True,7.69027777777778,36.30972222222222,20.0,24.0,idle,0.0,22.0,False,False,22.0,22.0,0.0,True,4,2021-09
2021-09-06 05:00:00,23.0,22.0,2021-09-01,True,7.69027777777778,36.30972222222222,20.0,24.0,idle,0.0,22.0,False,False,22.0,22.0,1.0,True,5,2021-09
2021-09-06 06:00:00,24.0,23.0,2021-09-01,True,8.69027777777778,37.30972222222222,21.0,25.0,idle,0.0,23.0,False,False,23.0,23.0,1.0,True,6,2021-09
2021-09-06 07:00:00,52.0,24.0,2021-09-01,True,9.69027777777778,38.30972222222222,22.0,26.0,idle,0.0,24.0,False,False,24.0,24.0,28.0,False,7,2021-09
2021-09-06 08:00:00,171.0,165.86388888888888,2021-09-01,False,151.55416666666667,180.1736111111111,147.6486111111111,184.07916666666665,startup,158.0,52.0,False,True,169.1986230454989,52.0,5.13611111111112,True,8,2021-09
2021-09-06 09:00:00,157.0,170.86805555555557,2021-09-01,False,156.55833333333334,185.1777777777778,152.65277777777783,189.0833333333333,running,976.0,171.0,False,True,172.9898919255108,171.0,13.868055555555571,True,9,2021-09
2021-09-06 10:00:00,171.0,161.35277777777773,2021-09-01,False,147.0430555555555,175.66249999999997,143.1375,179.56805555555547,running,615.0,157.0,True,True,161.986676732965,157.0,9.647222222222268,True,10,2021-09
2021-09-06 11:00:00,176.0,172.7173611111111,2021-09-01,False,158.40763888888887,187.0270833333333,154.50208333333336,190.93263888888885,running,2362.0,171.0,False,True,172.6928945688015,171.0,3.282638888888897,True,11,2021-09
2021-09-06 12:00:00,109.0,110.72361111111108,2021-09-01,False,96.41388888888886,125.0333333333333,92.50833333333333,128.93888888888884,running,800.0,176.0,False,False,110.60994823858545,176.0,1.723611111111083,True,12,2021-09
2021-09-06 13:00:00,160.0,171.09166666666667,2021-09-01,False,156.78194444444443,185.4013888888889,152.87638888888893,189.3069444444444,running,1112.0,109.0,False,True,174.9177950056588,109.0,11.091666666666669,True,13,2021-09
2021-09-06 14:00:00,160.0,162.02430555555557,2021-09-01,False,147.71458333333334,176.3340277777778,143.80902777777783,180.2395833333333,running,3967.0,160.0,False,True,165.46025793090146,160.0,2.0243055555555713,True,14,2021-09
2021-09-06 15:00:00,158.0,152.29166666666669,2021-09-01,False,137.98194444444448,166.6013888888889,134.0763888888889,170.50694444444446,running,1044.0,160.0,False,True,154.75347185817031,160.0,5.708333333333314,True,15,2021-09
2021-09-06 16:00:00,146.0,157.88888888888894,2021-09-01,False,143.5791666666667,172.19861111111118,139.6736111111112,176.10416666666669,running,2139.0,158.0,False,False,160.25780458537332,158.0,11.888888888888943,True,16,2021-09
2021-09-06 17:00:00,128.0,126.30555555555556,2021-09-01,False,111.99583333333334,140.61527777777778,108.0902777777778,144.52083333333331,running,499.0,146.0,False,False,127.18246820838525,146.0,1.6944444444444429,True,17,2021-09
2021-09-06 18:00:00,152.0,145.6673611111111,2021-09-01,False,131.35763888888886,159.97708333333333,127.45208333333332,163.88263888888883,running,963.0,128.0,False,False,146.06788172556946,128.0,6.3326388888889085,True,18,2021-09
2021-09-06 19:00:00,135.0,139.4173611111111,2021-09-01,False,125.10763888888889,153.72708333333333,121.20208333333332,157.63263888888883,running,1591.0,152.0,False,False,140.11861461386854,152.0,4.4173611111110915,True,19,2021-09
2021-09-06 20:00:00,121.0,119.10347222222224,2021-09-01,False,104.79375000000002,133.41319444444446,100.88819444444448,137.31875,running,120.0,135.0,False,False,116.77502457312328,135.0,1.896527777777763,True,20,2021-09
2021-09-06 21:00:00,123.0,115.31736111111108,2021-09-01,False,101.00763888888886,129.6270833333333,97.10208333333333,133.53263888888884,running,26.0,121.0,False,False,112.66770270461396,121.0,7.682638888888917,True,21,2021-09
2021-09-06 22:00:00,110.0,112.1944444444444,2021-09-01,False,97.88472222222218,126.50416666666662,93.97916666666664,130.40972222222217,running,39.0,123.0,False,False,111.96659467371218,123.0,2.1944444444444002,True,22,2021-09
2021-09-06 23:00:00,104.0,101.61388888888888,2021-09-01,False,87.30416666666666,115.9236111111111,83.39861111111112,119.82916666666664,running,217.0,110.0,False,False,105.95773077518652,110.0,2.38611111111112,True,23,2021-09
2021-09-07 00:00:00,72.0,68.22500000000001,2021-09-01,False,53.91527777777779,82.53472222222223,50.00972222222225,86.44027777777777,shutdown,0.0,104.0,False,False,66.67209083563654,104.0,3.7749999999999915,True,0,2021-09
2021-09-07 01:00:00,109.0,104.6472222222222,2021-09-01,False,90.33749999999998,118.95694444444442,86.43194444444444,122.86249999999995,startup,54.0,72.0,False,False,102.57633654936862,72.0,4.352777777777803,True,1,2021-09
2021-09-07 02:00:00,111.0,111.5423611111111,2021-09-01,False,97.23263888888889,125.85208333333333,93.32708333333336,129.75763888888886,running,258.0,109.0,False,False,112.2267303780618,109.0,0.5423611111111057,True,2,2021-09
2021-09-07 03:00:00,109.0,104.44062500000004,2021-09-01,False,90.13090277777782,118.75034722222226,86.22534722222228,122.6559027777778,running,304.0,111.0,False,False,105.1263983372643,111.0,4.55937499999996,True,3,2021-09
2021-09-07 04:00:00,109.0,104.5208333333333,2021-09-01,False,90.21111111111108,118.83055555555552,86.30555555555554,122.73611111111106,shutdown,0.0,109.0,False,False,101.55577328897354,109.0,4.4791666666667,True,4,2021-09
2021-09-07 05:00:00,96.0,99.6284722222222,2021-09-01,False,85.31874999999998,113.93819444444442,81.41319444444444,117.84374999999996,startup,150.0,109.0,False,False,104.73042705866548,109.0,3.6284722222222,True,5,2021-09
2021-09-07 06:00:00,115.0,110.99166666666666,2021-09-01,False,96.68194444444444,125.30138888888888,92.7763888888889,129.20694444444442,running,205.0,96.0,False,False,110.1210715357666,96.0,4.00833333333334,True,6,2021-09
2021-09-07 07:00:00,140.0,133.5760416666667,2021-09-01,False,119.26631944444448,147.8857638888889,115.36076388888894,151.79131944444447,running,548.0,115.0,False,False,125.75671458312851,115.0,6.423958333333303,True,7,2021-09
2021-09-07 08:00:00,173.0,172.55972222222223,2021-09-01,False,158.25,186.86944444444447,154.3444444444445,190.775,running,1236.0,140.0,True,True,172.46726758413664,140.0,0.4402777777777658,True,8,2021-09
2021-09-07 09:00:00,170.0,173.77222222222227,2021-09-01,False,159.46250000000003,188.0819444444445,155.55694444444453,191.9875,running,1727.0,173.0,False,True,173.8486328212823,173.0,3.7722222222222683,True,9,2021-09
2021-09-07 10:00:00,164.0,165.98472222222216,2021-09-01,False,151.67499999999995,180.2944444444444,147.7694444444444,184.19999999999996,running,1118.0,170.0,False,True,166.87409830462713,170.0,1.9847222222221603,True,10,2021-09
2021-09-07 11:00:00,174.0,173.64097222222227,2021-09-01,False,159.33125000000007,187.95069444444448,155.4256944444445,191.85625000000005,running,1540.0,164.0,True,True,173.74436322464055,164.0,0.359027777777726,True,11,2021-09
2021-09-07 12:00:00,116.0,110.20208333333328,2021-09-01,False,95.89236111111106,124.5118055555555,91.98680555555552,128.41736111111103,running,1184.0,174.0,False,False,108.19602563644338,174.0,5.797916666666723,True,12,2021-09
2021-09-07 13:00:00,181.0,170.47916666666666,2021-09-01,False,156.16944444444442,184.7888888888889,152.2638888888889,188.6944444444444,running,1548.0,116.0,True,True,169.2236583809094,116.0,10.520833333333343,True,13,2021-09
2021-09-07 14:00:00,182.0,169.55972222222223,2021-09-01,False,155.25,183.86944444444447,151.3444444444445,187.775,running,1395.0,181.0,True,True,167.5358839012389,181.0,12.440277777777766,True,14,2021-09
2021-09-07 15:00:00,166.0,169.46388888888893,2021-09-01,False,155.1541666666667,183.7736111111112,151.2486111111112,187.67916666666667,running,751.0,182.0,False,True,170.2712977450415,182.0,3.463888888888931,True,15,2021-09
2021-09-07 16:00:00,160.0,164.78680555555553,2021-09-01,False,150.47708333333333,179.09652777777774,146.57152777777776,183.0020833333333,running,1375.0,166.0,False,True,169.69980458235602,166.0,4.7868055555555316,True,16,2021-09
2021-09-07 17:00:00,135.0,131.82847222222222,2021-09-01,False,117.51875,146.13819444444442,113.61319444444446,150.04375,running,606.0,160.0,False,False,129.10309198581035,160.0,3.171527777777783,True,17,2021-09
2021-09-07 18:00:00,156.0,156.01180555555555,2021-09-01,False,141.70208333333335,170.32152777777776,137.79652777777778,174.22708333333333,running,685.0,135.0,False,False,158.88404803985577,135.0,0.011805555555554292,True,18,2021-09
2021-09-07 19:00:00,152.0,146.1402777777778,2021-09-01,False,131.83055555555558,160.45000000000005,127.92500000000004,164.35555555555555,running,1376.0,156.0,False,False,143.12730124979362,156.0,5.859722222222189,True,19,2021-09
2021-09-07 20:00:00,134.0,134.65833333333336,2021-09-01,False,120.34861111111114,148.96805555555557,116.4430555555556,152.87361111111113,running,201.0,152.0,False,False,137.47888114746533,152.0,0.6583333333333599,True,20,2021-09
2021-09-07 21:00:00,131.0,129.49027777777778,2021-09-01,False,115.18055555555556,143.8,111.27500000000002,147.70555555555552,running,78.0,134.0,False,False,126.96787506245428,134.0,1.5097222222222229,True,21,2021-09
2021-09-07 22:00:00,115.0,119.40625,2021-09-01,False,105.09652777777778,133.7159722222222,101.19097222222224,137.62152777777777,running,12.0,131.0,False,False,117.44606441701328,131.0,4.40625,True,22,2021-09
2021-09-07 23:00:00,111.0,107.90902777777778,2021-09-01,False,93.59930555555556,122.21875,89.69375000000002,126.12430555555554,running,73.0,115.0,False,False,107.93963411296455,115.0,3.09097222222222,True,23,2021-09
2021-09-08 00:00:00,72.0,73.53958333333335,2021-09-01,False,59.229861111111134,87.84930555555557,55.3243055555556,91.75486111111113,shutdown,0.0,111.0,False,False,72.98632524997566,111.0,1.5395833333333542,True,0,2021-09
2021-09-08 01:00:00,110.0,107.03611111111108,2021-09-01,False,92.72638888888886,121.3458333333333,88.82083333333333,125.25138888888884,startup,687.0,72.0,False,False,107.71353471269958,72.0,2.963888888888917,True,1,2021-09
2021-09-08 02:00:00,118.0,111.07013888888886,2021-09-01,False,96.76041666666664,125.37986111111108,92.8548611111111,129.2854166666666,running,109.0,110.0,False,False,114.0786863852672,110.0,6.929861111111137,True,2,2021-09
2021-09-08 03:00:00,112.0,111.12291666666668,2021-09-01,False,96.81319444444446,125.4326388888889,92.90763888888893,129.33819444444444,running,177.0,118.0,False,False,110.59717158424624,118.0,0.8770833333333172,True,3,2021-09
2021-09-08 04:00:00,113.0,111.80625,2021-09-01,False,97.4965277777778,126.11597222222224,93.59097222222223,130.02152777777775,running,110.0,112.0,False,False,114.62838221968426,112.0,1.1937499999999943,True,4,2021-09
2021-09-08 05:00:00,97.0,96.3638888888889,2021-09-01,False,82.05416666666667,110.67361111111111,78.14861111111114,114.57916666666664,running,120.0,113.0,False,False,98.84863762279916,113.0,0.6361111111111057,True,5,2021-09
2021-09-08 06:00:00,118.0,111.92916666666667,2021-09-01,False,97.61944444444444,126.2388888888889,93.71388888888892,130.14444444444445,running,233.0,97.0,False,False,113.3672927584887,97.0,6.070833333333326,True,6,2021-09
2021-09-08 07:00:00,135.0,137.24375,2021-09-01,False,122.9340277777778,151.55347222222224,119.02847222222223,155.45902777777775,running,2206.0,118.0,False,False,137.67868690336726,118.0,2.2437500000000057,True,7,2021-09
2021-09-08 08:00:00,171.0,172.03541666666663,2021-09-01,False,157.7256944444444,186.34513888888887,153.8201388888889,190.2506944444444,running,476.0,135.0,False,True,173.87013998842653,135.0,1.0354166666666345,True,8,2021-09
2021-09-08 09:00:00,160.0,171.41388888888886,2021-09-01,False,157.10416666666663,185.7236111111111,153.19861111111112,189.6291666666666,running,1154.0,171.0,False,True,175.38679659685806,171.0,11.413888888888863,True,9,2021-09
2021-09-08 10:00:00,152.0,161.9701388888889,2021-09-01,False,147.66041666666666,176.27986111111113,143.75486111111115,180.18541666666664,running,1369.0,160.0,False,True,166.60458531970733,160.0,9.970138888888897,True,10,2021-09
2021-09-08 11:00:00,156.0,172.12708333333333,2021-09-01,False,157.8173611111111,186.4368055555556,153.9118055555556,190.34236111111107,running,857.0,152.0,False,True,171.0659989586925,152.0,16.12708333333333,True,11,2021-09
2021-09-08 12:00:00,25.0,109.52777777777776,2021-09-01,False,95.21805555555554,123.83749999999998,91.3125,127.74305555555551,running,3.0,156.0,False,False,100.21591745537114,156.0,84.52777777777776,False,12,2021-09
2021-09-08 13:00:00,152.0,111.34166666666673,2021-09-01,False,97.0319444444445,125.65138888888896,93.12638888888895,129.55694444444447,running,1160.0,25.0,False,True,150.31400626310614,25.0,40.658333333333275,False,13,2021-09
2021-09-08 14:00:00,165.0,162.40624999999997,2021-09-01,False,148.09652777777774,176.7159722222222,144.19097222222223,180.6215277777777,running,6214.0,152.0,False,True,161.6593929016052,152.0,2.5937500000000284,True,14,2021-09
2021-09-08 15:00:00,165.0,148.00000000000003,2021-09-01,False,133.6902777777778,162.30972222222226,129.78472222222229,166.21527777777777,running,1042.0,165.0,True,True,135.0343968267333,165.0,16.99999999999997,True,15,2021-09
2021-09-08 16:00:00,166.0,157.78333333333336,2021-09-01,False,143.47361111111115,172.09305555555557,139.5680555555556,175.99861111111113,running,513.0,165.0,False,False,156.25074751394231,165.0,8.21666666666664,True,16,2021-09
2021-09-08 17:00:00,144.0,134.54305555555553,2021-09-01,False,120.2333333333333,148.85277777777776,116.32777777777775,152.75833333333327,running,616.0,166.0,True,False,134.63892364646503,166.0,9.456944444444474,True,17,2021-09
2021-09-08 18:00:00,164.0,160.59375,2021-09-01,False,146.2840277777778,174.9034722222222,142.37847222222223,178.80902777777777,running,737.0,144.0,False,False,162.09339089429832,144.0,3.40625,True,18,2021-09
2021-09-08 19:00:00,150.0,147.36111111111114,2021-09-01,False,133.05138888888894,161.67083333333335,129.14583333333337,165.5763888888889,running,2621.0,164.0,False,False,150.12525335731357,164.0,2.6388888888888573,True,19,2021-09
2021-09-08 20:00:00,103.0,115.51180555555555,2021-09-01,False,101.20208333333332,129.82152777777776,97.2965277777778,133.72708333333333,running,175.0,150.0,False,False,123.15289478546184,150.0,12.511805555555554,True,20,2021-09
2021-09-08 21:00:00,122.0,111.14513888888892,2021-09-01,False,96.8354166666667,125.45486111111114,92.92986111111117,129.36041666666668,running,17.0,103.0,False,False,113.2018871011278,103.0,10.854861111111077,True,21,2021-09
2021-09-08 22:00:00,106.0,113.14305555555556,2021-09-01,False,98.83333333333334,127.45277777777778,94.9277777777778,131.35833333333332,running,144.0,122.0,False,False,113.44252229890591,122.0,7.143055555555563,True,22,2021-09
2021-09-08 23:00:00,101.0,102.56111111111112,2021-09-01,False,88.2513888888889,116.87083333333334,84.34583333333336,120.77638888888887,running,91.0,106.0,False,False,105.87001242864,106.0,1.5611111111111171,True,23,2021-09
2021-09-09 00:00:00,72.0,70.67569444444442,2021-09-01,False,56.3659722222222,84.98541666666664,52.46041666666666,88.89097222222217,shutdown,0.0,101.0,False,False,66.58758703287702,101.0,1.3243055555555827,True,0,2021-09
2021-09-09 01:00:00,97.0,106.92499999999995,2021-09-01,False,92.61527777777772,121.23472222222216,88.7097222222222,125.14027777777773,startup,222.0,72.0,False,False,104.55540675084043,72.0,9.924999999999955,True,1,2021-09
2021-09-09 02:00:00,110.0,105.04930555555552,2021-09-01,False,90.7395833333333,119.35902777777774,86.83402777777776,123.26458333333328,running,72.0,97.0,False,False,108.1057364717073,97.0,4.95069444444448,True,2,2021-09
2021-09-09 03:00:00,109.0,106.2701388888889,2021-09-01,False,91.96041666666667,120.57986111111111,88.05486111111114,124.48541666666664,running,2.0,110.0,False,False,107.7224086201599,110.0,2.7298611111111057,True,3,2021-09
2021-09-09 04:00:00,107.0,108.59305555555557,2021-09-01,False,94.28333333333336,122.9027777777778,90.3777777777778,126.80833333333332,running,69.0,109.0,False,False,110.44743739147174,109.0,1.5930555555555657,True,4,2021-09
2021-09-09 05:00:00,92.0,91.3902777777778,2021-09-01,False,77.08055555555558,105.70000000000002,73.17500000000004,109.60555555555555,running,26.0,107.0,False,False,90.8214327303712,107.0,0.609722222222203,True,5,2021-09
2021-09-09 06:00:00,119.0,109.26666666666664,2021-09-01,False,94.95694444444442,123.57638888888886,91.05138888888888,127.4819444444444,running,346.0,92.0,False,False,110.71784089365812,92.0,9.733333333333363,True,6,2021-09
2021-09-09 07:00:00,139.0,133.77361111111117,2021-09-01,False,119.46388888888896,148.08333333333337,115.5583333333334,151.98888888888894,running,2056.0,119.0,False,False,146.7753971082464,119.0,5.226388888888835,True,7,2021-09
2021-09-09 08:00:00,172.0,170.50694444444449,2021-09-01,False,156.19722222222225,184.81666666666672,152.29166666666674,188.72222222222223,running,434.0,139.0,True,True,170.5097056673439,139.0,1.4930555555555145,True,8,2021-09
2021-09-09 09:00:00,170.0,171.09861111111115,2021-09-01,False,156.78888888888895,185.40833333333336,152.88333333333338,189.31388888888893,running,1125.0,172.0,False,True,172.52395693509737,172.0,1.098611111111154,True,9,2021-09
2021-09-09 10:00:00,155.0,161.66805555555555,2021-09-01,False,147.35833333333335,175.97777777777776,143.45277777777778,179.88333333333333,running,1248.0,170.0,False,True,160.77508717202124,170.0,6.668055555555554,True,10,2021-09
2021-09-09 11:00:00,174.0,169.44513888888892,2021-09-01,False,155.13541666666669,183.75486111111115,151.22986111111118,187.66041666666663,running,688.0,155.0,True,True,166.94893392481617,155.0,4.55486111111108,True,11,2021-09
2021-09-09 12:00:00,111.0,109.67083333333328,2021-09-01,False,95.36111111111106,123.9805555555555,91.45555555555552,127.88611111111103,running,194.0,174.0,False,False,110.19576488184296,174.0,1.3291666666667226,True,12,2021-09
2021-09-09 13:00:00,171.0,168.8604166666666,2021-09-01,False,154.5506944444444,183.1701388888888,150.64513888888882,187.0756944444444,running,1542.0,111.0,False,True,167.78917217964613,111.0,2.1395833333334053,True,13,2021-09
2021-09-09 14:00:00,165.0,170.73749999999993,2021-09-01,False,156.4277777777777,185.04722222222216,152.52222222222218,188.95277777777767,running,2666.0,171.0,False,True,170.04783779225227,171.0,5.737499999999926,True,14,2021-09
2021-09-09 15:00:00,173.0,158.96527777777777,2021-09-01,False,144.65555555555557,173.27499999999998,140.75,177.18055555555554,running,888.0,165.0,True,True,156.1474172501911,165.0,14.034722222222229,True,15,2021-09
2021-09-09 16:00:00,160.0,165.7444444444444,2021-09-01,False,151.4347222222222,180.05416666666662,147.52916666666664,183.95972222222215,running,950.0,173.0,False,False,165.4537980127582,173.0,5.744444444444412,True,16,2021-09
2021-09-09 17:00:00,140.0,139.4027777777778,2021-09-01,False,125.09305555555558,153.71250000000003,121.18750000000004,157.61805555555554,running,494.0,160.0,False,False,137.67527840911848,160.0,0.5972222222222001,True,17,2021-09
2021-09-09 18:00:00,162.0,158.375,2021-09-01,False,144.0652777777778,172.6847222222222,140.15972222222223,176.59027777777777,running,1136.0,140.0,False,False,157.69948809438918,140.0,3.625,True,18,2021-09
2021-09-09 19:00:00,142.0,153.20625000000004,2021-09-01,False,138.8965277777778,167.51597222222227,134.9909722222223,171.42152777777778,running,2702.0,162.0,False,False,154.09271990816893,162.0,11.20625000000004,True,19,2021-09
2021-09-09 20:00:00,128.0,119.30416666666672,2021-09-01,False,104.9944444444445,133.61388888888894,101.08888888888896,137.51944444444447,running,2.0,142.0,False,False,120.88379784066292,142.0,8.695833333333283,True,20,2021-09
2021-09-09 21:00:00,128.0,124.21319444444444,2021-09-01,False,109.90347222222222,138.52291666666667,105.99791666666668,142.42847222222218,running,84.0,128.0,False,False,124.39797209214194,128.0,3.78680555555556,True,21,2021-09
2021-09-09 22:00:00,109.0,117.47847222222224,2021-09-01,False,103.16875000000002,131.78819444444446,99.26319444444448,135.69375,running,30.0,128.0,False,False,117.05771424019454,128.0,8.478472222222237,True,22,2021-09
2021-09-09 23:00:00,109.0,103.43541666666664,2021-09-01,False,89.12569444444442,117.74513888888886,85.22013888888888,121.6506944444444,running,186.0,109.0,False,False,104.36217168669398,109.0,5.56458333333336,True,23,2021-09
2021-09-10 00:00:00,77.0,72.6513888888889,2021-09-01,False,58.34166666666668,86.96111111111112,54.436111111111146,90.86666666666666,shutdown,0.0,109.0,False,False,71.50626258452499,109.0,4.348611111111097,True,0,2021-09
2021-09-10 01:00:00,102.0,105.06874999999998,2021-09-01,False,90.75902777777776,119.3784722222222,86.85347222222222,123.28402777777774,startup,270.0,77.0,False,False,104.57184023584554,77.0,3.06874999999998,True,1,2021-09
2021-09-10 02:00:00,112.0,109.02847222222223,2021-09-01,False,94.71875,123.33819444444444,90.81319444444448,127.24375,running,143.0,102.0,False,False,109.68141014925033,102.0,2.9715277777777658,True,2,2021-09
2021-09-10 03:00:00,106.0,102.01180555555555,2021-09-01,False,87.70208333333333,116.32152777777776,83.7965277777778,120.22708333333333,running,144.0,112.0,False,False,103.74385932095656,112.0,3.9881944444444457,True,3,2021-09
2021-09-10 04:00:00,108.0,107.36180555555556,2021-09-01,False,93.05208333333334,121.67152777777778,89.1465277777778,125.57708333333332,running,125.0,106.0,False,False,107.04494605744064,106.0,0.6381944444444372,True,4,2021-09
2021-09-10 05:00:00,92.0,91.07708333333336,2021-09-01,False,76.76736111111114,105.38680555555558,72.8618055555556,109.29236111111112,running,13.0,108.0,False,False,92.1480350365638,108.0,0.9229166666666373,True,5,2021-09
2021-09-10 06:00:00,111.0,109.87499999999996,2021-09-01,False,95.56527777777774,124.18472222222218,91.6597222222222,128.09027777777771,running,54.0,92.0,False,False,108.90959730502487,92.0,1.1250000000000426,True,6,2021-09
2021-09-10 07:00:00,132.0,130.7986111111111,2021-09-01,False,116.48888888888888,145.1083333333333,112.58333333333331,149.01388888888886,running,1777.0,111.0,False,False,127.950969456905,111.0,1.2013888888889142,True,7,2021-09
2021-09-10 08:00:00,180.0,174.8763888888889,2021-09-01,False,160.56666666666666,189.18611111111116,156.66111111111115,193.09166666666664,running,196.0,132.0,True,True,172.72655100665537,132.0,5.123611111111103,True,8,2021-09
2021-09-10 09:00:00,184.0,177.48055555555567,2021-09-01,False,163.17083333333346,191.79027777777787,159.2652777777779,195.69583333333344,running,1038.0,180.0,True,True,178.49459994527226,180.0,6.519444444444332,True,9,2021-09
2021-09-10 10:00:00,168.0,175.82638888888886,2021-09-01,False,161.51666666666665,190.13611111111103,157.6111111111111,194.04166666666663,running,1409.0,184.0,False,True,179.14250141062206,184.0,7.826388888888857,True,10,2021-09
2021-09-10 11:00:00,181.0,175.8277777777778,2021-09-01,False,161.51805555555558,190.13750000000005,157.61250000000007,194.04305555555555,running,1647.0,168.0,True,True,178.3828492738321,168.0,5.172222222222189,True,11,2021-09
2021-09-10 12:00:00,116.0,113.15069444444448,2021-09-01,False,98.84097222222226,127.4604166666667,94.93541666666673,131.36597222222224,running,480.0,181.0,False,False,112.0765240737798,181.0,2.8493055555555173,True,12,2021-09
2021-09-10 13:00:00,180.0,175.51805555555555,2021-09-01,False,161.20833333333331,189.82777777777775,157.3027777777778,193.7333333333333,running,838.0,116.0,True,True,179.1394760813298,116.0,4.481944444444451,True,13,2021-09
2021-09-10 14:00:00,178.0,178.40625000000006,2021-09-01,False,164.09652777777785,192.71597222222223,160.19097222222229,196.62152777777783,running,968.0,180.0,True,True,179.36228346467198,180.0,0.40625000000005684,True,14,2021-09
2021-09-10 15:00:00,171.0,165.7527777777778,2021-09-01,False,151.4430555555556,180.0625,147.53750000000002,183.9680555555556,running,1214.0,178.0,True,True,169.0077519951924,178.0,5.247222222222206,True,15,2021-09
2021-09-10 16:00:00,164.0,169.95416666666662,2021-09-01,False,155.6444444444444,184.26388888888889,151.73888888888888,188.1694444444444,running,5858.0,171.0,False,True,170.33988446967282,171.0,5.954166666666623,True,16,2021-09
2021-09-10 17:00:00,138.0,143.20416666666668,2021-09-01,False,128.89444444444445,157.5138888888889,124.98888888888892,161.41944444444442,running,261.0,164.0,False,False,146.0329205517028,164.0,5.20416666666668,True,17,2021-09
2021-09-10 18:00:00,155.0,155.9145833333333,2021-09-01,False,141.60486111111106,170.22430555555553,137.69930555555555,174.12986111111104,running,774.0,138.0,False,False,155.05702169779892,138.0,0.9145833333332973,True,18,2021-09
2021-09-10 19:00:00,142.0,144.76666666666668,2021-09-01,False,130.45694444444445,159.0763888888889,126.55138888888892,162.98194444444442,running,1387.0,155.0,False,False,147.1729639864501,155.0,2.76666666666668,True,19,2021-09
2021-09-10 20:00:00,116.0,122.30694444444444,2021-09-01,False,107.99722222222222,136.61666666666667,104.09166666666668,140.52222222222218,running,3.0,142.0,False,False,122.01559775940908,142.0,6.30694444444444,True,20,2021-09
2021-09-10 21:00:00,117.0,116.52847222222223,2021-09-01,False,102.21875,130.83819444444447,98.31319444444448,134.74374999999998,running,9.0,116.0,False,False,116.8499308465738,116.0,0.4715277777777658,True,21,2021-09
2021-09-10 22:00:00,102.0,108.34999999999998,2021-09-01,False,94.04027777777776,122.6597222222222,90.13472222222222,126.56527777777774,running,157.0,117.0,False,False,107.8312694243134,117.0,6.34999999999998,True,22,2021-09
2021-09-10 23:00:00,88.0,101.08125,2021-09-01,False,86.77152777777778,115.39097222222222,82.86597222222224,119.29652777777775,running,24.0,102.0,False,False,103.82632714110044,102.0,13.081249999999997,True,23,2021-09
2021-09-11 00:00:00,61.0,65.17708333333333,2021-09-01,False,50.86736111111111,79.48680555555555,46.96180555555557,83.39236111111109,shutdown,0.0,88.0,False,False,64.07875007406248,88.0,4.177083333333329,True,0,2021-09
2021-09-11 01:00:00,97.0,97.48888888888892,2021-09-01,False,83.1791666666667,111.79861111111114,79.27361111111117,115.70416666666668,startup,4.0,61.0,False,False,100.71600739507856,61.0,0.4888888888889227,True,1,2021-09
2021-09-11 02:00:00,95.0,104.57083333333335,2021-09-01,False,90.26111111111112,118.88055555555556,86.3555555555556,122.78611111111113,running,155.0,97.0,False,False,108.63959574776578,97.0,9.570833333333354,True,2,2021-09
2021-09-11 03:00:00,94.0,98.92222222222225,2021-09-01,False,84.61250000000003,113.23194444444448,80.70694444444449,117.1375,shutdown,0.0,95.0,False,False,94.4562599355694,95.0,4.922222222222246,True,3,2021-09
2021-09-11 04:00:00,89.0,103.74791666666668,2021-09-01,False,89.43819444444446,118.0576388888889,85.53263888888893,121.96319444444444,startup,144.0,94.0,False,False,100.61547314378365,94.0,14.747916666666683,True,4,2021-09
2021-09-11 05:00:00,82.0,82.77708333333331,2021-09-01,False,68.46736111111109,97.08680555555551,64.56180555555555,100.99236111111108,running,48.0,89.0,False,False,82.27223299147855,89.0,0.7770833333333087,True,5,2021-09
2021-09-11 06:00:00,86.0,100.29513888888884,2021-09-01,False,85.98541666666662,114.60486111111106,82.07986111111109,118.5104166666666,running,104.0,82.0,False,False,100.50210173377552,82.0,14.295138888888843,True,6,2021-09
2021-09-11 07:00:00,51.0,62.94791666666667,2021-09-01,False,48.63819444444445,77.25763888888889,44.732638888888914,81.16319444444443,running,1718.0,86.0,False,False,63.358653681738645,86.0,11.947916666666671,True,7,2021-09
2021-09-11 08:00:00,23.0,31.502777777777787,2021-09-01,False,17.193055555555567,45.81250000000001,13.28750000000003,49.71805555555554,shutdown,0.0,51.0,False,False,25.67485175358064,51.0,8.502777777777787,True,8,2021-09
2021-09-11 09:00:00,23.0,25.577083333333327,2021-09-01,False,11.267361111111107,39.88680555555555,7.36180555555557,43.79236111111109,idle,0.0,23.0,False,False,22.730801491355145,23.0,2.577083333333327,True,9,2021-09
2021-09-11 10:00:00,22.0,25.33055555555556,2021-09-01,False,11.02083333333334,39.64027777777778,7.115277777777802,43.54583333333332,idle,0.0,23.0,False,False,20.87989780151077,23.0,3.3305555555555593,True,10,2021-09
2021-09-11 11:00:00,23.0,25.15000000000001,2021-09-01,False,10.84027777777779,39.45972222222223,6.934722222222252,43.36527777777776,idle,0.0,22.0,False,False,23.73856615951729,22.0,2.1500000000000092,True,11,2021-09
2021-09-11 12:00:00,25.0,26.51666666666667,2021-09-01,False,12.20694444444445,40.826388888888886,8.301388888888912,44.73194444444442,idle,0.0,23.0,False,False,20.775777292854407,23.0,1.5166666666666693,True,12,2021-09
2021-09-11 13:00:00,23.0,29.081250000000004,2021-09-01,False,14.771527777777784,43.390972222222224,10.865972222222249,47.29652777777776,idle,0.0,25.0,False,False,25.56437668521161,25.0,6.081250000000004,True,13,2021-09
2021-09-11 14:00:00,23.0,23.0,2021-09-01,True,8.69027777777778,37.30972222222222,21.0,25.0,idle,0.0,23.0,False,False,23.0,23.0,0.0,True,14,2021-09
2021-09-11 15:00:00,24.0,23.0,2021-09-01,True,8.69027777777778,37.30972222222222,21.0,25.0,idle,0.0,23.0,False,False,23.0,23.0,1.0,True,15,2021-09
2021-09-11 16:00:00,24.0,24.0,2021-09-01,True,9.69027777777778,38.30972222222222,22.0,26.0,idle,0.0,24.0,False,False,24.0,24.0,0.0,True,16,2021-09
2021-09-11 17:00:00,23.0,24.0,2021-09-01,True,9.69027777777778,38.30972222222222,22.0,26.0,idle,0.0,24.0,False,False,24.0,24.0,1.0,True,17,2021-09
2021-09-11 18:00:00,23.0,23.0,2021-09-01,True,8.69027777777778,37.30972222222222,21.0,25.0,idle,0.0,23.0,False,False,23.0,23.0,0.0,True,18,2021-09
2021-09-11 19:00:00,25.0,23.0,2021-09-01,True,8.69027777777778,37.30972222222222,21.0,25.0,idle,0.0,23.0,False,False,23.0,23.0,2.0,True,19,2021-09
2021-09-11 20:00:00,23.0,25.0,2021-09-01,True,10.69027777777778,39.30972222222222,23.0,27.0,idle,0.0,25.0,False,False,25.0,25.0,2.0,True,20,2021-09
2021-09-11 21:00:00,23.0,23.0,2021-09-01,True,8.69027777777778,37.30972222222222,21.0,25.0,idle,0.0,23.0,False,False,23.0,23.0,0.0,True,21,2021-09
2021-09-11 22:00:00,23.0,23.0,2021-09-01,True,8.69027777777778,37.30972222222222,21.0,25.0,idle,0.0,23.0,False,False,23.0,23.0,0.0,True,22,2021-09
2021-09-11 23:00:00,23.0,23.0,2021-09-01,True,8.69027777777778,37.30972222222222,21.0,25.0,idle,0.0,23.0,False,False,23.0,23.0,0.0,True,23,2021-09
2021-09-12 00:00:00,23.0,23.0,2021-09-01,True,8.69027777777778,37.30972222222222,21.0,25.0,idle,0.0,23.0,False,False,23.0,23.0,0.0,True,0,2021-09
2021-09-12 01:00:00,23.0,23.0,2021-09-01,True,8.69027777777778,37.30972222222222,21.0,25.0,idle,0.0,23.0,False,False,23.0,23.0,0.0,True,1,2021-09
2021-09-12 02:00:00,24.0,23.0,2021-09-01,True,8.69027777777778,37.30972222222222,21.0,25.0,idle,0.0,23.0,False,False,23.0,23.0,1.0,True,2,2021-09
2021-09-12 03:00:00,23.0,24.0,2021-09-01,True,9.69027777777778,38.30972222222222,22.0,26.0,idle,0.0,24.0,False,False,24.0,24.0,1.0,True,3,2021-09
2021-09-12 04:00:00,23.0,23.0,2021-09-01,True,8.69027777777778,37.30972222222222,21.0,25.0,idle,0.0,23.0,False,False,23.0,23.0,0.0,True,4,2021-09
2021-09-12 05:00:00,23.0,23.0,2021-09-01,True,8.69027777777778,37.30972222222222,21.0,25.0,idle,0.0,23.0,False,False,23.0,23.0,0.0,True,5,2021-09
2021-09-12 06:00:00,23.0,23.0,2021-09-01,True,8.69027777777778,37.30972222222222,21.0,25.0,idle,0.0,23.0,False,False,23.0,23.0,0.0,True,6,2021-09
2021-09-12 07:00:00,23.0,23.0,2021-09-01,True,8.69027777777778,37.30972222222222,21.0,25.0,idle,0.0,23.0,False,False,23.0,23.0,0.0,True,7,2021-09
2021-09-12 08:00:00,25.0,23.0,2021-09-01,True,8.69027777777778,37.30972222222222,21.0,25.0,idle,0.0,23.0,False,False,23.0,23.0,2.0,True,8,2021-09
2021-09-12 09:00:00,23.0,25.0,2021-09-01,True,10.69027777777778,39.30972222222222,23.0,27.0,idle,0.0,25.0,False,False,25.0,25.0,2.0,True,9,2021-09
2021-09-12 10:00:00,23.0,23.0,2021-09-01,True,8.69027777777778,37.30972222222222,21.0,25.0,idle,0.0,23.0,False,False,23.0,23.0,0.0,True,10,2021-09
2021-09-12 11:00:00,23.0,23.0,2021-09-01,True,8.69027777777778,37.30972222222222,21.0,25.0,idle,0.0,23.0,False,False,23.0,23.0,0.0,True,11,2021-09
2021-09-12 12:00:00,23.0,23.0,2021-09-01,True,8.69027777777778,37.30972222222222,21.0,25.0,idle,0.0,23.0,False,False,23.0,23.0,0.0,True,12,2021-09
2021-09-12 13:00:00,23.0,23.0,2021-09-01,True,8.69027777777778,37.30972222222222,21.0,25.0,idle,0.0,23.0,False,False,23.0,23.0,0.0,True,13,2021-09
2021-09-12 14:00:00,25.0,23.0,2021-09-01,True,8.69027777777778,37.30972222222222,21.0,25.0,idle,0.0,23.0,False,False,23.0,23.0,2.0,True,14,2021-09
2021-09-12 15:00:00,23.0,25.0,2021-09-01,True,10.69027777777778,39.30972222222222,23.0,27.0,idle,0.0,25.0,False,False,25.0,25.0,2.0,True,15,2021-09
2021-09-12 16:00:00,24.0,23.0,2021-09-01,True,8.69027777777778,37.30972222222222,21.0,25.0,idle,0.0,23.0,False,False,23.0,23.0,1.0,True,16,2021-09
2021-09-12 17:00:00,23.0,24.0,2021-09-01,True,9.69027777777778,38.30972222222222,22.0,26.0,idle,0.0,24.0,False,False,24.0,24.0,1.0,True,17,2021-09
2021-09-12 18:00:00,23.0,23.0,2021-09-01,True,8.69027777777778,37.30972222222222,21.0,25.0,idle,0.0,23.0,False,False,23.0,23.0,0.0,True,18,2021-09
2021-09-12 19:00:00,23.0,23.0,2021-09-01,True,8.69027777777778,37.30972222222222,21.0,25.0,idle,0.0,23.0,False,False,23.0,23.0,0.0,True,19,2021-09
2021-09-12 20:00:00,23.0,23.0,2021-09-01,True,8.69027777777778,37.30972222222222,21.0,25.0,idle,0.0,23.0,False,False,23.0,23.0,0.0,True,20,2021-09
2021-09-12 21:00:00,25.0,23.0,2021-09-01,True,8.69027777777778,37.30972222222222,21.0,25.0,idle,0.0,23.0,False,False,23.0,23.0,2.0,True,21,2021-09
2021-09-12 22:00:00,23.0,25.0,2021-09-01,True,10.69027777777778,39.30972222222222,23.0,27.0,idle,0.0,25.0,False,False,25.0,25.0,2.0,True,22,2021-09
2021-09-12 23:00:00,23.0,23.0,2021-09-01,True,8.69027777777778,37.30972222222222,21.0,25.0,idle,0.0,23.0,False,False,23.0,23.0,0.0,True,23,2021-09
2021-09-13 00:00:00,23.0,23.0,2021-09-01,True,8.69027777777778,37.30972222222222,21.0,25.0,idle,0.0,23.0,False,False,23.0,23.0,0.0,True,0,2021-09
2021-09-13 01:00:00,23.0,23.0,2021-09-01,True,8.69027777777778,37.30972222222222,21.0,25.0,idle,0.0,23.0,False,False,23.0,23.0,0.0,True,1,2021-09
2021-09-13 02:00:00,23.0,23.0,2021-09-01,True,8.69027777777778,37.30972222222222,21.0,25.0,idle,0.0,23.0,False,False,23.0,23.0,0.0,True,2,2021-09
2021-09-13 03:00:00,24.0,23.0,2021-09-01,True,8.69027777777778,37.30972222222222,21.0,25.0,idle,0.0,23.0,False,False,23.0,23.0,1.0,True,3,2021-09
2021-09-13 04:00:00,24.0,24.0,2021-09-01,True,9.69027777777778,38.30972222222222,22.0,26.0,idle,0.0,24.0,False,False,24.0,24.0,0.0,True,4,2021-09
2021-09-13 05:00:00,23.0,24.0,2021-09-01,True,9.69027777777778,38.30972222222222,22.0,26.0,idle,0.0,24.0,False,False,24.0,24.0,1.0,True,5,2021-09
2021-09-13 06:00:00,23.0,23.0,2021-09-01,True,8.69027777777778,37.30972222222222,21.0,25.0,idle,0.0,23.0,False,False,23.0,23.0,0.0,True,6,2021-09
2021-09-13 07:00:00,63.0,23.0,2021-09-01,True,8.69027777777778,37.30972222222222,21.0,25.0,startup,196.0,23.0,False,False,23.0,23.0,40.0,False,7,2021-09
2021-09-13 08:00:00,185.0,179.45416666666662,2021-09-01,False,165.1444444444444,193.76388888888889,161.23888888888888,197.6694444444444,running,630.0,63.0,True,True,177.5398132205865,63.0,5.545833333333377,True,8,2021-09
2021-09-13 09:00:00,183.0,181.7180555555556,2021-09-01,False,167.40833333333336,196.02777777777777,163.5027777777778,199.9333333333333,running,1043.0,185.0,True,True,179.78343305925904,185.0,1.281944444444406,True,9,2021-09
2021-09-13 10:00:00,177.0,167.6083333333333,2021-09-01,False,153.2986111111111,181.9180555555555,149.39305555555552,185.82361111111103,running,1924.0,183.0,True,True,173.6499042719472,183.0,9.391666666666708,True,10,2021-09
2021-09-13 11:00:00,182.0,177.99027777777778,2021-09-01,False,163.68055555555554,192.3,159.77500000000003,196.20555555555552,running,946.0,177.0,True,True,182.32521556605096,177.0,4.009722222222223,True,11,2021-09
2021-09-13 12:00:00,117.0,115.88888888888889,2021-09-01,False,101.57916666666668,130.19861111111112,97.67361111111111,134.10416666666663,running,20.0,182.0,False,True,117.76951697921535,182.0,1.1111111111111143,True,12,2021-09
2021-09-13 13:00:00,184.0,177.5236111111111,2021-09-01,False,163.2138888888889,191.8333333333333,159.30833333333334,195.73888888888888,running,1996.0,117.0,True,True,179.40409433004507,117.0,6.476388888888891,True,13,2021-09
2021-09-13 14:00:00,180.0,177.96944444444443,2021-09-01,False,163.65972222222223,192.27916666666664,159.75416666666666,196.1847222222222,running,1018.0,184.0,True,True,180.62249308727425,184.0,2.0305555555555657,True,14,2021-09
2021-09-13 15:00:00,168.0,170.06597222222223,2021-09-01,False,155.75625000000002,184.37569444444443,151.85069444444446,188.28125,running,1138.0,180.0,False,True,172.55044225257177,180.0,2.0659722222222285,True,15,2021-09
2021-09-13 16:00:00,175.0,160.84236111111107,2021-09-01,False,146.53263888888887,175.15208333333328,142.6270833333333,179.05763888888885,running,982.0,168.0,True,False,165.42250285018994,168.0,14.157638888888926,True,16,2021-09
2021-09-13 17:00:00,132.0,144.34097222222223,2021-09-01,False,130.03125,158.65069444444447,126.12569444444448,162.55624999999998,running,435.0,175.0,False,True,141.63096089197836,175.0,12.340972222222234,True,17,2021-09
2021-09-13 18:00:00,145.0,157.36493055555553,2021-09-01,False,143.05520833333333,171.67465277777774,139.14965277777776,175.5802083333333,running,584.0,132.0,False,True,161.39941931645114,132.0,12.364930555555532,True,18,2021-09
2021-09-13 19:00:00,148.0,129.0788194444445,2021-09-01,False,114.76909722222229,143.3885416666667,110.86354166666672,147.29409722222226,running,2820.0,145.0,False,False,127.09062635792486,145.0,18.92118055555551,False,19,2021-09
2021-09-13 20:00:00,121.0,118.38125,2021-09-01,False,104.07152777777776,132.69097222222223,100.16597222222224,136.59652777777774,running,14.0,148.0,False,False,118.24790717549732,148.0,2.6187500000000057,True,20,2021-09
2021-09-13 21:00:00,123.0,121.0729166666666,2021-09-01,False,106.76319444444438,135.38263888888883,102.85763888888884,139.28819444444434,running,72.0,121.0,False,False,121.31028821087986,121.0,1.9270833333333997,True,21,2021-09
2021-09-13 22:00:00,110.0,109.16076388888888,2021-09-01,False,94.85104166666666,123.4704861111111,90.94548611111112,127.37604166666664,running,11.0,123.0,False,False,106.82276928196757,123.0,0.83923611111112,True,22,2021-09
2021-09-13 23:00:00,108.0,104.0756944444444,2021-09-01,False,89.76597222222217,118.3854166666666,85.86041666666664,122.29097222222217,running,345.0,110.0,False,False,105.95773077518652,110.0,3.9243055555556055,True,23,2021-09
2021-09-14 00:00:00,70.0,71.08125000000001,2021-09-01,False,56.77152777777779,85.39097222222223,52.865972222222254,89.29652777777777,running,128.0,108.0,False,False,70.83357967653842,108.0,1.0812500000000114,True,0,2021-09
2021-09-14 01:00:00,110.0,104.04305555555553,2021-09-01,False,89.7333333333333,118.35277777777776,85.82777777777777,122.25833333333328,running,45.0,70.0,False,False,102.05127423318844,70.0,5.956944444444474,True,1,2021-09
2021-09-14 02:00:00,112.0,109.66597222222224,2021-09-01,False,95.35625000000002,123.97569444444446,91.45069444444448,127.88125,running,479.0,110.0,False,False,108.75911693139062,110.0,2.334027777777763,True,2,2021-09
2021-09-14 03:00:00,105.0,103.85729166666668,2021-09-01,False,89.54756944444446,118.1670138888889,85.64201388888893,122.07256944444444,running,93.0,112.0,False,False,104.69464186720748,112.0,1.1427083333333172,True,3,2021-09
2021-09-14 04:00:00,111.0,107.44305555555556,2021-09-01,False,93.13333333333334,121.75277777777778,89.2277777777778,125.65833333333332,running,255.0,105.0,False,False,106.4851121473245,105.0,3.55694444444444,True,4,2021-09
2021-09-14 05:00:00,93.0,93.42986111111112,2021-09-01,False,79.1201388888889,107.73958333333334,75.21458333333337,111.64513888888888,running,76.0,111.0,False,False,96.54783810483036,111.0,0.4298611111111228,True,5,2021-09
2021-09-14 06:00:00,108.0,112.5090277777778,2021-09-01,False,98.19930555555558,126.81875000000002,94.29375000000005,130.72430555555556,running,1228.0,93.0,False,False,111.8800240997839,93.0,4.509027777777803,True,6,2021-09
2021-09-14 07:00:00,140.0,130.59583333333336,2021-09-01,False,116.28611111111114,144.90555555555557,112.3805555555556,148.81111111111113,running,1110.0,108.0,False,False,136.54992024176238,108.0,9.40416666666664,True,7,2021-09
2021-09-14 08:00:00,174.0,179.62291666666664,2021-09-01,False,165.31319444444443,193.93263888888885,161.40763888888887,197.8381944444444,running,432.0,140.0,True,True,181.21192327513683,140.0,5.62291666666664,True,8,2021-09
2021-09-14 09:00:00,166.0,172.14999999999998,2021-09-01,False,157.84027777777777,186.45972222222215,153.9347222222222,190.36527777777772,running,1672.0,174.0,False,True,177.5196595306668,174.0,6.149999999999977,True,9,2021-09
2021-09-14 10:00:00,152.0,172.76875,2021-09-01,False,158.4590277777778,187.07847222222225,154.55347222222224,190.98402777777775,running,840.0,166.0,False,True,172.85463633969016,166.0,20.76875000000001,False,10,2021-09
2021-09-14 11:00:00,170.0,168.95347222222225,2021-09-01,False,154.64375,183.26319444444448,150.7381944444445,187.16875,running,2099.0,152.0,False,True,172.11540474596836,152.0,1.0465277777777544,True,11,2021-09
2021-09-14 12:00:00,118.0,108.85763888888889,2021-09-01,False,94.54791666666668,123.1673611111111,90.64236111111111,127.07291666666664,running,2791.0,170.0,False,False,107.93309550669792,170.0,9.142361111111114,True,12,2021-09
2021-09-14 13:00:00,163.0,172.0965277777777,2021-09-01,False,157.78680555555547,186.40624999999997,153.88124999999997,190.31180555555545,running,1109.0,118.0,False,True,172.9275851096146,118.0,9.096527777777709,True,13,2021-09
2021-09-14 14:00:00,158.0,171.59166666666667,2021-09-01,False,157.28194444444443,185.9013888888889,153.37638888888893,189.8069444444444,running,1023.0,163.0,False,True,171.85203448612873,163.0,13.591666666666669,True,14,2021-09
2021-09-14 15:00:00,161.0,155.4520833333334,2021-09-01,False,141.1423611111112,169.7618055555556,137.23680555555563,173.66736111111118,running,1178.0,158.0,False,False,154.7789863131867,158.0,5.547916666666595,True,15,2021-09
2021-09-14 16:00:00,160.0,161.78819444444446,2021-09-01,False,147.47847222222225,176.09791666666666,143.57291666666669,180.00347222222223,running,1395.0,161.0,False,False,163.55228101112436,161.0,1.788194444444457,True,16,2021-09
2021-09-14 17:00:00,123.0,130.01180555555555,2021-09-01,False,115.70208333333332,144.32152777777776,111.7965277777778,148.22708333333333,running,230.0,160.0,False,False,132.2651711305624,160.0,7.011805555555554,True,17,2021-09
2021-09-14 18:00:00,158.0,149.98402777777775,2021-09-01,False,135.67430555555552,164.29375,131.76875,168.1993055555555,running,973.0,123.0,False,False,148.7041402005117,123.0,8.015972222222246,True,18,2021-09
2021-09-14 19:00:00,153.0,150.55486111111114,2021-09-01,False,136.2451388888889,164.86458333333337,132.3395833333334,168.77013888888888,running,1497.0,158.0,False,False,153.06439358643115,158.0,2.445138888888863,True,19,2021-09
2021-09-14 20:00:00,128.0,130.68402777777777,2021-09-01,False,116.37430555555557,144.99374999999998,112.46875,148.89930555555554,running,45.0,153.0,False,False,125.22864328657018,153.0,2.6840277777777715,True,20,2021-09
2021-09-14 21:00:00,128.0,123.4340277777778,2021-09-01,False,109.12430555555558,137.74375000000003,105.21875000000004,141.64930555555554,running,149.0,128.0,False,False,123.777590570957,128.0,4.5659722222222,True,21,2021-09
2021-09-14 22:00:00,111.0,115.75486111111108,2021-09-01,False,101.44513888888886,130.0645833333333,97.53958333333333,133.97013888888884,running,66.0,128.0,False,False,113.46731011716176,128.0,4.754861111111083,True,22,2021-09
2021-09-14 23:00:00,110.0,106.15069444444444,2021-09-01,False,91.84097222222222,120.46041666666666,87.93541666666668,124.3659722222222,running,405.0,111.0,False,False,106.8048108602882,111.0,3.84930555555556,True,23,2021-09
