timestamp,actual,prediction,model_fit_before,known_idle,global_lower,global_upper,conditional_lower,conditional_upper
2021-08-01 00:00:00,21.0,21.0,2021-08-01,True,6.717361111111117,35.28263888888888,19.0,23.0
2021-08-01 01:00:00,23.0,21.0,2021-08-01,True,6.717361111111117,35.28263888888888,19.0,23.0
2021-08-01 02:00:00,21.0,23.0,2021-08-01,True,8.717361111111117,37.28263888888888,21.0,25.0
2021-08-01 03:00:00,21.0,21.0,2021-08-01,True,6.717361111111117,35.28263888888888,19.0,23.0
2021-08-01 04:00:00,22.0,21.0,2021-08-01,True,6.717361111111117,35.28263888888888,19.0,23.0
2021-08-01 05:00:00,22.0,22.0,2021-08-01,True,7.717361111111117,36.28263888888888,20.0,24.0
2021-08-01 06:00:00,20.0,22.0,2021-08-01,True,7.717361111111117,36.28263888888888,20.0,24.0
2021-08-01 07:00:00,20.0,20.0,2021-08-01,True,5.717361111111117,34.28263888888888,18.0,22.0
2021-08-01 08:00:00,23.0,20.0,2021-08-01,True,5.717361111111117,34.28263888888888,18.0,22.0
2021-08-01 09:00:00,22.0,23.0,2021-08-01,True,8.717361111111117,37.28263888888888,21.0,25.0
2021-08-01 10:00:00,21.0,22.0,2021-08-01,True,7.717361111111117,36.28263888888888,20.0,24.0
2021-08-01 11:00:00,21.0,21.0,2021-08-01,True,6.717361111111117,35.28263888888888,19.0,23.0
2021-08-01 12:00:00,23.0,21.0,2021-08-01,True,6.717361111111117,35.28263888888888,19.0,23.0
2021-08-01 13:00:00,21.0,23.0,2021-08-01,True,8.717361111111117,37.28263888888888,21.0,25.0
2021-08-01 14:00:00,21.0,21.0,2021-08-01,True,6.717361111111117,35.28263888888888,19.0,23.0
2021-08-01 15:00:00,22.0,21.0,2021-08-01,True,6.717361111111117,35.28263888888888,19.0,23.0
2021-08-01 16:00:00,23.0,22.0,2021-08-01,True,7.717361111111117,36.28263888888888,20.0,24.0
2021-08-01 17:00:00,21.0,23.0,2021-08-01,True,8.717361111111117,37.28263888888888,21.0,25.0
2021-08-01 18:00:00,20.0,21.0,2021-08-01,True,6.717361111111117,35.28263888888888,19.0,23.0
2021-08-01 19:00:00,21.0,20.0,2021-08-01,True,5.717361111111117,34.28263888888888,18.0,22.0
2021-08-01 20:00:00,23.0,21.0,2021-08-01,True,6.717361111111117,35.28263888888888,19.0,23.0
2021-08-01 21:00:00,22.0,23.0,2021-08-01,True,8.717361111111117,37.28263888888888,21.0,25.0
2021-08-01 22:00:00,22.0,22.0,2021-08-01,True,7.717361111111117,36.28263888888888,20.0,24.0
2021-08-01 23:00:00,22.0,22.0,2021-08-01,True,7.717361111111117,36.28263888888888,20.0,24.0
2021-08-02 00:00:00,21.0,22.0,2021-08-01,True,7.717361111111117,36.28263888888888,20.0,24.0
2021-08-02 01:00:00,21.0,21.0,2021-08-01,True,6.717361111111117,35.28263888888888,19.0,23.0
2021-08-02 02:00:00,21.0,21.0,2021-08-01,True,6.717361111111117,35.28263888888888,19.0,23.0
2021-08-02 03:00:00,23.0,21.0,2021-08-01,True,6.717361111111117,35.28263888888888,19.0,23.0
2021-08-02 04:00:00,21.0,23.0,2021-08-01,True,8.717361111111117,37.28263888888888,21.0,25.0
2021-08-02 05:00:00,21.0,21.0,2021-08-01,True,6.717361111111117,35.28263888888888,19.0,23.0
2021-08-02 06:00:00,22.0,21.0,2021-08-01,True,6.717361111111117,35.28263888888888,19.0,23.0
2021-08-02 07:00:00,21.0,22.0,2021-08-01,True,7.717361111111117,36.28263888888888,20.0,24.0
2021-08-02 08:00:00,20.0,21.0,2021-08-01,True,6.717361111111117,35.28263888888888,19.0,23.0
2021-08-02 09:00:00,21.0,20.0,2021-08-01,True,5.717361111111117,34.28263888888888,18.0,22.0
2021-08-02 10:00:00,22.0,21.0,2021-08-01,True,6.717361111111117,35.28263888888888,19.0,23.0
2021-08-02 11:00:00,21.0,22.0,2021-08-01,True,7.717361111111117,36.28263888888888,20.0,24.0
2021-08-02 12:00:00,21.0,21.0,2021-08-01,True,6.717361111111117,35.28263888888888,19.0,23.0
2021-08-02 13:00:00,22.0,21.0,2021-08-01,True,6.717361111111117,35.28263888888888,19.0,23.0
2021-08-02 14:00:00,23.0,22.0,2021-08-01,True,7.717361111111117,36.28263888888888,20.0,24.0
2021-08-02 15:00:00,21.0,23.0,2021-08-01,True,8.717361111111117,37.28263888888888,21.0,25.0
2021-08-02 16:00:00,21.0,21.0,2021-08-01,True,6.717361111111117,35.28263888888888,19.0,23.0
2021-08-02 17:00:00,22.0,21.0,2021-08-01,True,6.717361111111117,35.28263888888888,19.0,23.0
2021-08-02 18:00:00,22.0,22.0,2021-08-01,True,7.717361111111117,36.28263888888888,20.0,24.0
2021-08-02 19:00:00,21.0,22.0,2021-08-01,True,7.717361111111117,36.28263888888888,20.0,24.0
2021-08-02 20:00:00,22.0,21.0,2021-08-01,True,6.717361111111117,35.28263888888888,19.0,23.0
2021-08-02 21:00:00,22.0,22.0,2021-08-01,True,7.717361111111117,36.28263888888888,20.0,24.0
2021-08-02 22:00:00,22.0,22.0,2021-08-01,True,7.717361111111117,36.28263888888888,20.0,24.0
2021-08-02 23:00:00,21.0,22.0,2021-08-01,True,7.717361111111117,36.28263888888888,20.0,24.0
2021-08-03 00:00:00,21.0,21.0,2021-08-01,True,6.717361111111117,35.28263888888888,19.0,23.0
2021-08-03 01:00:00,23.0,21.0,2021-08-01,True,6.717361111111117,35.28263888888888,19.0,23.0
2021-08-03 02:00:00,21.0,23.0,2021-08-01,True,8.717361111111117,37.28263888888888,21.0,25.0
2021-08-03 03:00:00,21.0,21.0,2021-08-01,True,6.717361111111117,35.28263888888888,19.0,23.0
2021-08-03 04:00:00,21.0,21.0,2021-08-01,True,6.717361111111117,35.28263888888888,19.0,23.0
2021-08-03 05:00:00,22.0,21.0,2021-08-01,True,6.717361111111117,35.28263888888888,19.0,23.0
2021-08-03 06:00:00,21.0,22.0,2021-08-01,True,7.717361111111117,36.28263888888888,20.0,24.0
2021-08-03 07:00:00,20.0,21.0,2021-08-01,True,6.717361111111117,35.28263888888888,19.0,23.0
2021-08-03 08:00:00,22.0,20.0,2021-08-01,True,5.717361111111117,34.28263888888888,18.0,22.0
2021-08-03 09:00:00,21.0,22.0,2021-08-01,True,7.717361111111117,36.28263888888888,20.0,24.0
2021-08-03 10:00:00,21.0,21.0,2021-08-01,True,6.717361111111117,35.28263888888888,19.0,23.0
2021-08-03 11:00:00,22.0,21.0,2021-08-01,True,6.717361111111117,35.28263888888888,19.0,23.0
2021-08-03 12:00:00,23.0,22.0,2021-08-01,True,7.717361111111117,36.28263888888888,20.0,24.0
2021-08-03 13:00:00,21.0,23.0,2021-08-01,True,8.717361111111117,37.28263888888888,21.0,25.0
2021-08-03 14:00:00,21.0,21.0,2021-08-01,True,6.717361111111117,35.28263888888888,19.0,23.0
2021-08-03 15:00:00,23.0,21.0,2021-08-01,True,6.717361111111117,35.28263888888888,19.0,23.0
2021-08-03 16:00:00,22.0,23.0,2021-08-01,True,8.717361111111117,37.28263888888888,21.0,25.0
2021-08-03 17:00:00,21.0,22.0,2021-08-01,True,7.717361111111117,36.28263888888888,20.0,24.0
2021-08-03 18:00:00,22.0,21.0,2021-08-01,True,6.717361111111117,35.28263888888888,19.0,23.0
2021-08-03 19:00:00,23.0,22.0,2021-08-01,True,7.717361111111117,36.28263888888888,20.0,24.0
2021-08-03 20:00:00,21.0,23.0,2021-08-01,True,8.717361111111117,37.28263888888888,21.0,25.0
2021-08-03 21:00:00,22.0,21.0,2021-08-01,True,6.717361111111117,35.28263888888888,19.0,23.0
2021-08-03 22:00:00,21.0,22.0,2021-08-01,True,7.717361111111117,36.28263888888888,20.0,24.0
2021-08-03 23:00:00,23.0,21.0,2021-08-01,True,6.717361111111117,35.28263888888888,19.0,23.0
2021-08-04 00:00:00,21.0,23.0,2021-08-01,True,8.717361111111117,37.28263888888888,21.0,25.0
2021-08-04 01:00:00,21.0,21.0,2021-08-01,True,6.717361111111117,35.28263888888888,19.0,23.0
2021-08-04 02:00:00,20.0,21.0,2021-08-01,True,6.717361111111117,35.28263888888888,19.0,23.0
2021-08-04 03:00:00,22.0,20.0,2021-08-01,True,5.717361111111117,34.28263888888888,18.0,22.0
2021-08-04 04:00:00,21.0,22.0,2021-08-01,True,7.717361111111117,36.28263888888888,20.0,24.0
2021-08-04 05:00:00,21.0,21.0,2021-08-01,True,6.717361111111117,35.28263888888888,19.0,23.0
2021-08-04 06:00:00,23.0,21.0,2021-08-01,True,6.717361111111117,35.28263888888888,19.0,23.0
2021-08-04 07:00:00,20.0,23.0,2021-08-01,True,8.717361111111117,37.28263888888888,21.0,25.0
2021-08-04 08:00:00,21.0,20.0,2021-08-01,True,5.717361111111117,34.28263888888888,18.0,22.0
2021-08-04 09:00:00,21.0,21.0,2021-08-01,True,6.717361111111117,35.28263888888888,19.0,23.0
2021-08-04 10:00:00,22.0,21.0,2021-08-01,True,6.717361111111117,35.28263888888888,19.0,23.0
2021-08-04 11:00:00,21.0,22.0,2021-08-01,True,7.717361111111117,36.28263888888888,20.0,24.0
2021-08-04 12:00:00,21.0,21.0,2021-08-01,True,6.717361111111117,35.28263888888888,19.0,23.0
2021-08-04 13:00:00,22.0,21.0,2021-08-01,True,6.717361111111117,35.28263888888888,19.0,23.0
2021-08-04 14:00:00,22.0,22.0,2021-08-01,True,7.717361111111117,36.28263888888888,20.0,24.0
2021-08-04 15:00:00,22.0,22.0,2021-08-01,True,7.717361111111117,36.28263888888888,20.0,24.0
2021-08-04 16:00:00,21.0,22.0,2021-08-01,True,7.717361111111117,36.28263888888888,20.0,24.0
2021-08-04 17:00:00,23.0,21.0,2021-08-01,True,6.717361111111117,35.28263888888888,19.0,23.0
2021-08-04 18:00:00,21.0,23.0,2021-08-01,True,8.717361111111117,37.28263888888888,21.0,25.0
2021-08-04 19:00:00,21.0,21.0,2021-08-01,True,6.717361111111117,35.28263888888888,19.0,23.0
2021-08-04 20:00:00,21.0,21.0,2021-08-01,True,6.717361111111117,35.28263888888888,19.0,23.0
2021-08-04 21:00:00,23.0,21.0,2021-08-01,True,6.717361111111117,35.28263888888888,19.0,23.0
2021-08-04 22:00:00,21.0,23.0,2021-08-01,True,8.717361111111117,37.28263888888888,21.0,25.0
2021-08-04 23:00:00,21.0,21.0,2021-08-01,True,6.717361111111117,35.28263888888888,19.0,23.0
2021-08-05 00:00:00,21.0,21.0,2021-08-01,True,6.717361111111117,35.28263888888888,19.0,23.0
2021-08-05 01:00:00,22.0,21.0,2021-08-01,True,6.717361111111117,35.28263888888888,19.0,23.0
2021-08-05 02:00:00,21.0,22.0,2021-08-01,True,7.717361111111117,36.28263888888888,20.0,24.0
2021-08-05 03:00:00,21.0,21.0,2021-08-01,True,6.717361111111117,35.28263888888888,19.0,23.0
2021-08-05 04:00:00,22.0,21.0,2021-08-01,True,6.717361111111117,35.28263888888888,19.0,23.0
2021-08-05 05:00:00,21.0,22.0,2021-08-01,True,7.717361111111117,36.28263888888888,20.0,24.0
2021-08-05 06:00:00,21.0,21.0,2021-08-01,True,6.717361111111117,35.28263888888888,19.0,23.0
2021-08-05 07:00:00,20.0,21.0,2021-08-01,True,6.717361111111117,35.28263888888888,19.0,23.0
2021-08-05 08:00:00,22.0,20.0,2021-08-01,True,5.717361111111117,34.28263888888888,18.0,22.0
2021-08-05 09:00:00,21.0,22.0,2021-08-01,True,7.717361111111117,36.28263888888888,20.0,24.0
2021-08-05 10:00:00,21.0,21.0,2021-08-01,True,6.717361111111117,35.28263888888888,19.0,23.0
2021-08-05 11:00:00,22.0,21.0,2021-08-01,True,6.717361111111117,35.28263888888888,19.0,23.0
2021-08-05 12:00:00,22.0,22.0,2021-08-01,True,7.717361111111117,36.28263888888888,20.0,24.0
2021-08-05 13:00:00,22.0,22.0,2021-08-01,True,7.717361111111117,36.28263888888888,20.0,24.0
2021-08-05 14:00:00,21.0,22.0,2021-08-01,True,7.717361111111117,36.28263888888888,20.0,24.0
2021-08-05 15:00:00,23.0,21.0,2021-08-01,True,6.717361111111117,35.28263888888888,19.0,23.0
2021-08-05 16:00:00,22.0,23.0,2021-08-01,True,8.717361111111117,37.28263888888888,21.0,25.0
2021-08-05 17:00:00,22.0,22.0,2021-08-01,True,7.717361111111117,36.28263888888888,20.0,24.0
2021-08-05 18:00:00,21.0,22.0,2021-08-01,True,7.717361111111117,36.28263888888888,20.0,24.0
2021-08-05 19:00:00,22.0,21.0,2021-08-01,True,6.717361111111117,35.28263888888888,19.0,23.0
2021-08-05 20:00:00,21.0,22.0,2021-08-01,True,7.717361111111117,36.28263888888888,20.0,24.0
2021-08-05 21:00:00,21.0,21.0,2021-08-01,True,6.717361111111117,35.28263888888888,19.0,23.0
2021-08-05 22:00:00,22.0,21.0,2021-08-01,True,6.717361111111117,35.28263888888888,19.0,23.0
2021-08-05 23:00:00,23.0,22.0,2021-08-01,True,7.717361111111117,36.28263888888888,20.0,24.0
2021-08-06 00:00:00,21.0,23.0,2021-08-01,True,8.717361111111117,37.28263888888888,21.0,25.0
2021-08-06 01:00:00,21.0,21.0,2021-08-01,True,6.717361111111117,35.28263888888888,19.0,23.0
2021-08-06 02:00:00,20.0,21.0,2021-08-01,True,6.717361111111117,35.28263888888888,19.0,23.0
2021-08-06 03:00:00,22.0,20.0,2021-08-01,True,5.717361111111117,34.28263888888888,18.0,22.0
2021-08-06 04:00:00,22.0,22.0,2021-08-01,True,7.717361111111117,36.28263888888888,20.0,24.0
2021-08-06 05:00:00,21.0,22.0,2021-08-01,True,7.717361111111117,36.28263888888888,20.0,24.0
2021-08-06 06:00:00,22.0,21.0,2021-08-01,True,6.717361111111117,35.28263888888888,19.0,23.0
2021-08-06 07:00:00,20.0,22.0,2021-08-01,True,7.717361111111117,36.28263888888888,20.0,24.0
2021-08-06 08:00:00,20.0,20.0,2021-08-01,True,5.717361111111117,34.28263888888888,18.0,22.0
2021-08-06 09:00:00,21.0,20.0,2021-08-01,True,5.717361111111117,34.28263888888888,18.0,22.0
2021-08-06 10:00:00,24.0,21.0,2021-08-01,True,6.717361111111117,35.28263888888888,19.0,23.0
2021-08-06 11:00:00,24.0,24.0,2021-08-01,True,9.717361111111117,38.28263888888888,22.0,26.0
2021-08-06 12:00:00,24.0,24.0,2021-08-01,True,9.717361111111117,38.28263888888888,22.0,26.0
2021-08-06 13:00:00,23.0,24.0,2021-08-01,True,9.717361111111117,38.28263888888888,22.0,26.0
2021-08-06 14:00:00,24.0,23.0,2021-08-01,True,8.717361111111117,37.28263888888888,21.0,25.0
2021-08-06 15:00:00,22.0,24.0,2021-08-01,True,9.717361111111117,38.28263888888888,22.0,26.0
2021-08-06 16:00:00,22.0,22.0,2021-08-01,True,7.717361111111117,36.28263888888888,20.0,24.0
2021-08-06 17:00:00,23.0,22.0,2021-08-01,True,7.717361111111117,36.28263888888888,20.0,24.0
2021-08-06 18:00:00,22.0,23.0,2021-08-01,True,8.717361111111117,37.28263888888888,21.0,25.0
2021-08-06 19:00:00,21.0,22.0,2021-08-01,True,7.717361111111117,36.28263888888888,20.0,24.0
2021-08-06 20:00:00,21.0,21.0,2021-08-01,True,6.717361111111117,35.28263888888888,19.0,23.0
2021-08-06 21:00:00,23.0,21.0,2021-08-01,True,6.717361111111117,35.28263888888888,19.0,23.0
2021-08-06 22:00:00,21.0,23.0,2021-08-01,True,8.717361111111117,37.28263888888888,21.0,25.0
2021-08-06 23:00:00,21.0,21.0,2021-08-01,True,6.717361111111117,35.28263888888888,19.0,23.0
2021-08-07 00:00:00,22.0,21.0,2021-08-01,True,6.717361111111117,35.28263888888888,19.0,23.0
2021-08-07 01:00:00,22.0,22.0,2021-08-01,True,7.717361111111117,36.28263888888888,20.0,24.0
2021-08-07 02:00:00,21.0,22.0,2021-08-01,True,7.717361111111117,36.28263888888888,20.0,24.0
2021-08-07 03:00:00,21.0,21.0,2021-08-01,True,6.717361111111117,35.28263888888888,19.0,23.0
2021-08-07 04:00:00,21.0,21.0,2021-08-01,True,6.717361111111117,35.28263888888888,19.0,23.0
2021-08-07 05:00:00,22.0,21.0,2021-08-01,True,6.717361111111117,35.28263888888888,19.0,23.0
2021-08-07 06:00:00,21.0,22.0,2021-08-01,True,7.717361111111117,36.28263888888888,20.0,24.0
2021-08-07 07:00:00,21.0,21.0,2021-08-01,True,6.717361111111117,35.28263888888888,19.0,23.0
2021-08-07 08:00:00,22.0,21.0,2021-08-01,True,6.717361111111117,35.28263888888888,19.0,23.0
2021-08-07 09:00:00,22.0,22.0,2021-08-01,True,7.717361111111117,36.28263888888888,20.0,24.0
2021-08-07 10:00:00,21.0,22.0,2021-08-01,True,7.717361111111117,36.28263888888888,20.0,24.0
2021-08-07 11:00:00,21.0,21.0,2021-08-01,True,6.717361111111117,35.28263888888888,19.0,23.0
2021-08-07 12:00:00,23.0,21.0,2021-08-01,True,6.717361111111117,35.28263888888888,19.0,23.0
2021-08-07 13:00:00,21.0,23.0,2021-08-01,True,8.717361111111117,37.28263888888888,21.0,25.0
2021-08-07 14:00:00,21.0,21.0,2021-08-01,True,6.717361111111117,35.28263888888888,19.0,23.0
2021-08-07 15:00:00,21.0,21.0,2021-08-01,True,6.717361111111117,35.28263888888888,19.0,23.0
2021-08-07 16:00:00,24.0,21.0,2021-08-01,True,6.717361111111117,35.28263888888888,19.0,23.0
2021-08-07 17:00:00,21.0,24.0,2021-08-01,True,9.717361111111117,38.28263888888888,22.0,26.0
2021-08-07 18:00:00,21.0,21.0,2021-08-01,True,6.717361111111117,35.28263888888888,19.0,23.0
2021-08-07 19:00:00,22.0,21.0,2021-08-01,True,6.717361111111117,35.28263888888888,19.0,23.0
2021-08-07 20:00:00,23.0,22.0,2021-08-01,True,7.717361111111117,36.28263888888888,20.0,24.0
2021-08-07 21:00:00,22.0,23.0,2021-08-01,True,8.717361111111117,37.28263888888888,21.0,25.0
2021-08-07 22:00:00,21.0,22.0,2021-08-01,True,7.717361111111117,36.28263888888888,20.0,24.0
2021-08-07 23:00:00,23.0,21.0,2021-08-01,True,6.717361111111117,35.28263888888888,19.0,23.0
2021-08-08 00:00:00,21.0,23.0,2021-08-01,True,8.717361111111117,37.28263888888888,21.0,25.0
2021-08-08 01:00:00,21.0,21.0,2021-08-01,True,6.717361111111117,35.28263888888888,19.0,23.0
2021-08-08 02:00:00,21.0,21.0,2021-08-01,True,6.717361111111117,35.28263888888888,19.0,23.0
2021-08-08 03:00:00,23.0,21.0,2021-08-01,True,6.717361111111117,35.28263888888888,19.0,23.0
2021-08-08 04:00:00,21.0,23.0,2021-08-01,True,8.717361111111117,37.28263888888888,21.0,25.0
2021-08-08 05:00:00,21.0,21.0,2021-08-01,True,6.717361111111117,35.28263888888888,19.0,23.0
2021-08-08 06:00:00,21.0,21.0,2021-08-01,True,6.717361111111117,35.28263888888888,19.0,23.0
2021-08-08 07:00:00,22.0,21.0,2021-08-01,True,6.717361111111117,35.28263888888888,19.0,23.0
2021-08-08 08:00:00,21.0,22.0,2021-08-01,True,7.717361111111117,36.28263888888888,20.0,24.0
2021-08-08 09:00:00,21.0,21.0,2021-08-01,True,6.717361111111117,35.28263888888888,19.0,23.0
2021-08-08 10:00:00,23.0,21.0,2021-08-01,True,6.717361111111117,35.28263888888888,19.0,23.0
2021-08-08 11:00:00,21.0,23.0,2021-08-01,True,8.717361111111117,37.28263888888888,21.0,25.0
2021-08-08 12:00:00,21.0,21.0,2021-08-01,True,6.717361111111117,35.28263888888888,19.0,23.0
2021-08-08 13:00:00,21.0,21.0,2021-08-01,True,6.717361111111117,35.28263888888888,19.0,23.0
2021-08-08 14:00:00,22.0,21.0,2021-08-01,True,6.717361111111117,35.28263888888888,19.0,23.0
2021-08-08 15:00:00,21.0,22.0,2021-08-01,True,7.717361111111117,36.28263888888888,20.0,24.0
2021-08-08 16:00:00,21.0,21.0,2021-08-01,True,6.717361111111117,35.28263888888888,19.0,23.0
2021-08-08 17:00:00,22.0,21.0,2021-08-01,True,6.717361111111117,35.28263888888888,19.0,23.0
2021-08-08 18:00:00,22.0,22.0,2021-08-01,True,7.717361111111117,36.28263888888888,20.0,24.0
2021-08-08 19:00:00,21.0,22.0,2021-08-01,True,7.717361111111117,36.28263888888888,20.0,24.0
2021-08-08 20:00:00,21.0,21.0,2021-08-01,True,6.717361111111117,35.28263888888888,19.0,23.0
2021-08-08 21:00:00,22.0,21.0,2021-08-01,True,6.717361111111117,35.28263888888888,19.0,23.0
2021-08-08 22:00:00,21.0,22.0,2021-08-01,True,7.717361111111117,36.28263888888888,20.0,24.0
2021-08-08 23:00:00,21.0,21.0,2021-08-01,True,6.717361111111117,35.28263888888888,19.0,23.0
2021-08-09 00:00:00,21.0,21.0,2021-08-01,True,6.717361111111117,35.28263888888888,19.0,23.0
2021-08-09 01:00:00,23.0,21.0,2021-08-01,True,6.717361111111117,35.28263888888888,19.0,23.0
2021-08-09 02:00:00,20.0,23.0,2021-08-01,True,8.717361111111117,37.28263888888888,21.0,25.0
2021-08-09 03:00:00,22.0,20.0,2021-08-01,True,5.717361111111117,34.28263888888888,18.0,22.0
2021-08-09 04:00:00,21.0,22.0,2021-08-01,True,7.717361111111117,36.28263888888888,20.0,24.0
2021-08-09 05:00:00,21.0,21.0,2021-08-01,True,6.717361111111117,35.28263888888888,19.0,23.0
2021-08-09 06:00:00,20.0,21.0,2021-08-01,True,6.717361111111117,35.28263888888888,19.0,23.0
2021-08-09 07:00:00,70.0,20.0,2021-08-01,True,5.717361111111117,34.28263888888888,18.0,22.0
2021-08-09 08:00:00,193.0,157.51249999999996,2021-08-01,False,143.22986111111106,171.79513888888886,140.6006944444444,174.42430555555552
2021-08-09 09:00:00,191.0,162.45416666666668,2021-08-01,False,148.17152777777778,176.73680555555558,145.54236111111112,179.36597222222224
2021-08-09 10:00:00,182.0,155.0819444444445,2021-08-01,False,140.79930555555563,169.36458333333337,138.1701388888889,171.9937500000001
2021-08-09 11:00:00,187.0,151.82638888888889,2021-08-01,False,137.54375,166.10902777777778,134.91458333333333,168.73819444444445
2021-08-09 12:00:00,129.0,117.1277777777778,2021-08-01,False,102.84513888888891,131.41041666666666,100.21597222222222,134.03958333333338
2021-08-09 13:00:00,182.0,146.62499999999997,2021-08-01,False,132.34236111111107,160.90763888888887,129.7131944444444,163.53680555555553
2021-08-09 14:00:00,183.0,158.16041666666663,2021-08-01,False,143.87777777777774,172.44305555555553,141.24861111111107,175.0722222222222
2021-08-09 15:00:00,167.0,151.725,2021-08-01,False,137.4423611111111,166.0076388888889,134.81319444444443,168.63680555555555
2021-08-09 16:00:00,184.0,154.76111111111112,2021-08-01,False,140.47847222222225,169.04375,137.84930555555553,171.6729166666667
2021-08-09 17:00:00,146.0,139.3625,2021-08-01,False,125.07986111111113,153.64513888888888,122.45069444444444,156.2743055555556
2021-08-09 18:00:00,98.0,121.17291666666664,2021-08-01,False,106.89027777777775,135.45555555555552,104.26111111111106,138.0847222222222
2021-08-09 19:00:00,93.0,100.14861111111117,2021-08-01,False,85.86597222222228,114.43125000000005,83.23680555555559,117.06041666666674
2021-08-09 20:00:00,109.0,94.69027777777778,2021-08-01,False,80.4076388888889,108.97291666666666,77.7784722222222,111.60208333333335
2021-08-09 21:00:00,115.0,104.53402777777774,2021-08-01,False,90.25138888888885,118.81666666666662,87.62222222222216,121.44583333333331
2021-08-09 22:00:00,109.0,103.3069444444445,2021-08-01,False,89.02430555555561,117.58958333333338,86.39513888888892,120.21875000000007
2021-08-09 23:00:00,98.0,99.83888888888887,2021-08-01,False,85.55624999999999,114.12152777777776,82.9270833333333,116.75069444444445
2021-08-10 00:00:00,68.0,55.63819444444445,2021-08-01,False,41.35555555555557,69.92083333333333,38.72638888888888,72.55000000000003
2021-08-10 01:00:00,99.0,100.8659722222222,2021-08-01,False,86.58333333333331,115.14861111111108,83.95416666666662,117.77777777777777
2021-08-10 02:00:00,96.0,95.6909722222222,2021-08-01,False,81.40833333333332,109.97361111111108,78.77916666666663,112.60277777777777
2021-08-10 03:00:00,98.0,93.43819444444446,2021-08-01,False,79.15555555555558,107.72083333333335,76.52638888888889,110.35000000000004
2021-08-10 04:00:00,101.0,97.39097222222225,2021-08-01,False,83.10833333333336,111.67361111111113,80.47916666666667,114.30277777777782
2021-08-10 05:00:00,85.0,87.85694444444445,2021-08-01,False,73.57430555555557,102.13958333333333,70.94513888888888,104.76875000000003
2021-08-10 06:00:00,100.0,99.68541666666668,2021-08-01,False,85.4027777777778,113.96805555555557,82.77361111111111,116.59722222222226
2021-08-10 07:00:00,128.0,119.52777777777776,2021-08-01,False,105.24513888888887,133.81041666666664,102.61597222222218,136.43958333333333
2021-08-10 08:00:00,183.0,166.19999999999996,2021-08-01,False,151.91736111111106,180.48263888888886,149.2881944444444,183.11180555555552
2021-08-10 09:00:00,185.0,170.42638888888894,2021-08-01,False,156.14375000000007,184.7090277777778,153.51458333333335,187.33819444444453
2021-08-10 10:00:00,175.0,168.34583333333336,2021-08-01,False,154.0631944444445,182.62847222222223,151.43402777777777,185.25763888888895
2021-08-10 11:00:00,185.0,170.50416666666663,2021-08-01,False,156.22152777777774,184.78680555555553,153.59236111111107,187.4159722222222
2021-08-10 12:00:00,107.0,116.81944444444444,2021-08-01,False,102.53680555555556,131.10208333333333,99.90763888888887,133.73125000000002
2021-08-10 13:00:00,181.0,158.83888888888893,2021-08-01,False,144.55625000000003,173.12152777777783,141.92708333333337,175.7506944444445
2021-08-10 14:00:00,170.0,167.7895833333333,2021-08-01,False,153.5069444444444,182.0722222222222,150.87777777777774,184.70138888888886
2021-08-10 15:00:00,155.0,161.15,2021-08-01,False,146.8673611111111,175.4326388888889,144.23819444444445,178.06180555555557
2021-08-10 16:00:00,169.0,163.84583333333336,2021-08-01,False,149.5631944444445,178.12847222222223,146.93402777777777,180.75763888888895
2021-08-10 17:00:00,126.0,140.01041666666669,2021-08-01,False,125.7277777777778,154.29305555555555,123.09861111111111,156.92222222222227
2021-08-10 18:00:00,165.0,146.95694444444447,2021-08-01,False,132.67430555555558,161.23958333333337,130.0451388888889,163.86875000000003
2021-08-10 19:00:00,156.0,146.55138888888894,2021-08-01,False,132.26875000000007,160.8340277777778,129.63958333333335,163.46319444444453
2021-08-10 20:00:00,129.0,127.02777777777776,2021-08-01,False,112.74513888888887,141.31041666666664,110.11597222222218,143.93958333333333
2021-08-10 21:00:00,123.0,123.17638888888884,2021-08-01,False,108.89374999999995,137.45902777777772,106.26458333333326,140.0881944444444
2021-08-10 22:00:00,106.0,110.67638888888888,2021-08-01,False,96.39375,124.95902777777776,93.7645833333333,127.58819444444445
2021-08-10 23:00:00,99.0,97.4402777777778,2021-08-01,False,83.15763888888891,111.72291666666668,80.52847222222222,114.35208333333337
2021-08-11 00:00:00,77.0,48.23194444444443,2021-08-01,False,33.94930555555555,62.51458333333331,31.320138888888856,65.14375000000001
2021-08-11 01:00:00,99.0,90.0034722222222,2021-08-01,False,75.72083333333332,104.28611111111108,73.09166666666663,106.91527777777777
2021-08-11 02:00:00,109.0,94.57569444444444,2021-08-01,False,80.29305555555555,108.85833333333332,77.66388888888886,111.48750000000001
2021-08-11 03:00:00,104.0,102.24166666666665,2021-08-01,False,87.95902777777776,116.52430555555553,85.32986111111107,119.15347222222222
2021-08-11 04:00:00,111.0,98.16388888888888,2021-08-01,False,83.88125,112.44652777777776,81.2520833333333,115.07569444444445
2021-08-11 05:00:00,92.0,98.275,2021-08-01,False,83.99236111111112,112.55763888888889,81.36319444444443,115.18680555555558
2021-08-11 06:00:00,122.0,102.00625,2021-08-01,False,87.72361111111111,116.28888888888888,85.09444444444442,118.91805555555557
2021-08-11 07:00:00,132.0,128.6638888888889,2021-08-01,False,114.38125000000001,142.94652777777776,111.75208333333332,145.57569444444448
2021-08-11 08:00:00,203.0,170.3069444444444,2021-08-01,False,156.02430555555554,184.58958333333328,153.39513888888882,187.21875
2021-08-11 09:00:00,179.0,171.0131944444444,2021-08-01,False,156.7305555555555,185.2958333333333,154.10138888888883,187.92499999999995
2021-08-11 10:00:00,183.0,164.51111111111112,2021-08-01,False,150.22847222222225,178.79375,147.59930555555553,181.4229166666667
2021-08-11 11:00:00,184.0,166.2680555555556,2021-08-01,False,151.9854166666667,180.5506944444445,149.35625000000005,183.17986111111117
2021-08-11 12:00:00,113.0,110.8159722222222,2021-08-01,False,96.53333333333332,125.09861111111108,93.90416666666663,127.72777777777777
2021-08-11 13:00:00,183.0,156.68333333333337,2021-08-01,False,142.40069444444447,170.96597222222226,139.7715277777778,173.59513888888893
2021-08-11 14:00:00,187.0,169.3270833333333,2021-08-01,False,155.04444444444442,183.60972222222216,152.4152777777777,186.23888888888888
2021-08-11 15:00:00,153.0,158.49722222222218,2021-08-01,False,144.21458333333328,172.77986111111107,141.58541666666662,175.40902777777774
2021-08-11 16:00:00,182.0,163.70277777777775,2021-08-01,False,149.42013888888886,177.98541666666665,146.7909722222222,180.61458333333331
2021-08-11 17:00:00,151.0,140.46180555555554,2021-08-01,False,126.17916666666666,154.7444444444444,123.54999999999997,157.37361111111113
2021-08-11 18:00:00,180.0,156.7576388888889,2021-08-01,False,142.47500000000002,171.04027777777776,139.8458333333333,173.66944444444448
2021-08-11 19:00:00,150.0,146.31666666666663,2021-08-01,False,132.03402777777774,160.59930555555553,129.40486111111107,163.2284722222222
2021-08-11 20:00:00,125.0,126.39444444444445,2021-08-01,False,112.11180555555556,140.67708333333331,109.48263888888887,143.30625000000003
2021-08-11 21:00:00,108.0,117.94444444444449,2021-08-01,False,103.6618055555556,132.22708333333338,101.03263888888891,134.85625000000005
2021-08-11 22:00:00,110.0,105.09444444444443,2021-08-01,False,90.81180555555555,119.37708333333332,88.18263888888886,122.00625000000001
2021-08-11 23:00:00,99.0,97.08819444444444,2021-08-01,False,82.80555555555556,111.37083333333332,80.17638888888887,114.00000000000001
2021-08-12 00:00:00,76.0,49.92222222222222,2021-08-01,False,35.639583333333334,64.2048611111111,33.01041666666664,66.83402777777779
2021-08-12 01:00:00,105.0,96.02291666666665,2021-08-01,False,81.74027777777776,110.30555555555553,79.11111111111107,112.93472222222222
2021-08-12 02:00:00,108.0,105.33263888888888,2021-08-01,False,91.05,119.61527777777776,88.4208333333333,122.24444444444445
2021-08-12 03:00:00,104.0,99.73750000000004,2021-08-01,False,85.45486111111116,114.02013888888892,82.82569444444447,116.64930555555561
2021-08-12 04:00:00,107.0,103.50138888888884,2021-08-01,False,89.21874999999996,117.78402777777772,86.58958333333327,120.41319444444441
2021-08-12 05:00:00,89.0,88.56458333333333,2021-08-01,False,74.28194444444445,102.84722222222221,71.65277777777776,105.4763888888889
2021-08-12 06:00:00,114.0,104.0513888888889,2021-08-01,False,89.76875000000001,118.33402777777778,87.13958333333332,120.96319444444447
2021-08-12 07:00:00,130.0,122.4625,2021-08-01,False,108.17986111111112,136.7451388888889,105.55069444444443,139.37430555555557
2021-08-12 08:00:00,187.0,171.81249999999997,2021-08-01,False,157.52986111111107,186.09513888888887,154.9006944444444,188.72430555555553
2021-08-12 09:00:00,181.0,171.3055555555555,2021-08-01,False,157.02291666666662,185.58819444444435,154.3937499999999,188.21736111111107
2021-08-12 10:00:00,177.0,160.15694444444443,2021-08-01,False,145.87430555555557,174.4395833333333,143.24513888888885,177.06875000000002
2021-08-12 11:00:00,188.0,164.64374999999998,2021-08-01,False,150.3611111111111,178.92638888888888,147.73194444444442,181.55555555555554
2021-08-12 12:00:00,120.0,110.87777777777777,2021-08-01,False,96.59513888888888,125.16041666666665,93.96597222222219,127.78958333333334
2021-08-12 13:00:00,170.0,156.54097222222217,2021-08-01,False,142.25833333333327,170.82361111111106,139.6291666666666,173.45277777777773
2021-08-12 14:00:00,184.0,165.8736111111111,2021-08-01,False,151.5909722222222,180.15625,148.96180555555554,182.78541666666666
2021-08-12 15:00:00,165.0,158.99930555555554,2021-08-01,False,144.71666666666664,173.28194444444443,142.08749999999998,175.9111111111111
2021-08-12 16:00:00,170.0,163.3638888888889,2021-08-01,False,149.08125,177.6465277777778,146.45208333333335,180.27569444444447
2021-08-12 17:00:00,135.0,140.66180555555553,2021-08-01,False,126.37916666666665,154.9444444444444,123.74999999999996,157.57361111111112
2021-08-12 18:00:00,172.0,157.9131944444444,2021-08-01,False,143.63055555555553,172.19583333333327,141.0013888888888,174.825
2021-08-12 19:00:00,161.0,146.4770833333333,2021-08-01,False,132.1944444444444,160.7597222222222,129.56527777777774,163.38888888888886
2021-08-12 20:00:00,125.0,127.0701388888889,2021-08-01,False,112.78750000000002,141.3527777777778,110.15833333333333,143.98194444444448
2021-08-12 21:00:00,112.0,121.32916666666662,2021-08-01,False,107.04652777777774,135.61180555555552,104.41736111111105,138.24097222222218
2021-08-12 22:00:00,116.0,103.8361111111111,2021-08-01,False,89.55347222222221,118.11874999999998,86.92430555555552,120.74791666666667
2021-08-12 23:00:00,103.0,104.33194444444445,2021-08-01,False,90.04930555555556,118.61458333333333,87.42013888888887,121.24375000000002
2021-08-13 00:00:00,72.0,44.607638888888886,2021-08-01,False,30.325000000000003,58.89027777777777,27.69583333333331,61.51944444444446
2021-08-13 01:00:00,100.0,99.2652777777778,2021-08-01,False,84.98263888888891,113.54791666666668,82.35347222222222,116.17708333333337
2021-08-13 02:00:00,112.0,99.30416666666666,2021-08-01,False,85.02152777777778,113.58680555555554,82.39236111111109,116.21597222222223
2021-08-13 03:00:00,116.0,105.5694444444444,2021-08-01,False,91.28680555555552,119.85208333333328,88.65763888888883,122.48124999999997
2021-08-13 04:00:00,110.0,105.97708333333334,2021-08-01,False,91.69444444444446,120.25972222222222,89.06527777777777,122.88888888888891
2021-08-13 05:00:00,88.0,97.08958333333332,2021-08-01,False,82.80694444444444,111.3722222222222,80.17777777777775,114.0013888888889
2021-08-13 06:00:00,110.0,105.91666666666669,2021-08-01,False,91.6340277777778,120.19930555555557,89.00486111111111,122.82847222222226
2021-08-13 07:00:00,136.0,114.3256944444444,2021-08-01,False,100.04305555555551,128.6083333333333,97.41388888888882,131.23749999999995
2021-08-13 08:00:00,196.0,169.19999999999996,2021-08-01,False,154.91736111111106,183.48263888888886,152.2881944444444,186.11180555555552
2021-08-13 09:00:00,188.0,165.17638888888888,2021-08-01,False,150.89375,179.45902777777775,148.2645833333333,182.08819444444447
2021-08-13 10:00:00,184.0,165.04583333333338,2021-08-01,False,150.76319444444448,179.32847222222227,148.13402777777782,181.95763888888894
2021-08-13 11:00:00,196.0,168.25833333333333,2021-08-01,False,153.97569444444446,182.5409722222222,151.34652777777774,185.1701388888889
2021-08-13 12:00:00,111.0,111.4284722222222,2021-08-01,False,97.14583333333331,125.71111111111108,94.51666666666662,128.34027777777777
2021-08-13 13:00:00,183.0,153.05069444444445,2021-08-01,False,138.76805555555558,167.33333333333331,136.13888888888886,169.96250000000003
2021-08-13 14:00:00,189.0,164.61805555555557,2021-08-01,False,150.33541666666667,178.90069444444447,147.70625,181.52986111111113
2021-08-13 15:00:00,167.0,160.04305555555553,2021-08-01,False,145.76041666666663,174.32569444444442,143.13124999999997,176.9548611111111
2021-08-13 16:00:00,183.0,165.77777777777777,2021-08-01,False,151.4951388888889,180.06041666666664,148.86597222222218,182.68958333333336
2021-08-13 17:00:00,149.0,141.06388888888887,2021-08-01,False,126.78124999999999,155.34652777777774,124.1520833333333,157.97569444444446
2021-08-13 18:00:00,174.0,161.0284722222222,2021-08-01,False,146.74583333333334,175.31111111111107,144.11666666666662,177.9402777777778
2021-08-13 19:00:00,146.0,147.60138888888886,2021-08-01,False,133.31874999999997,161.88402777777776,130.6895833333333,164.51319444444442
2021-08-13 20:00:00,117.0,114.15555555555557,2021-08-01,False,99.87291666666668,128.43819444444443,97.24374999999999,131.06736111111115
2021-08-13 21:00:00,113.0,116.71180555555551,2021-08-01,False,102.42916666666663,130.9944444444444,99.79999999999994,133.62361111111107
2021-08-13 22:00:00,109.0,105.0402777777778,2021-08-01,False,90.75763888888892,119.32291666666669,88.12847222222223,121.95208333333338
2021-08-13 23:00:00,97.0,103.09930555555556,2021-08-01,False,88.81666666666668,117.38194444444444,86.18749999999999,120.01111111111113
2021-08-14 00:00:00,62.0,51.250694444444434,2021-08-01,False,36.96805555555555,65.53333333333332,34.33888888888886,68.16250000000001
2021-08-14 01:00:00,97.0,94.00069444444443,2021-08-01,False,79.71805555555555,108.28333333333332,77.08888888888886,110.91250000000001
2021-08-14 02:00:00,107.0,92.1965277777778,2021-08-01,False,77.91388888888892,106.47916666666669,75.28472222222223,109.10833333333338
2021-08-14 03:00:00,91.0,90.54305555555558,2021-08-01,False,76.2604166666667,104.82569444444447,73.63125000000001,107.45486111111116
2021-08-14 04:00:00,98.0,85.12986111111113,2021-08-01,False,70.84722222222224,99.41250000000001,68.21805555555555,102.0416666666667
2021-08-14 05:00:00,83.0,78.41180555555555,2021-08-01,False,64.12916666666666,92.69444444444443,61.49999999999997,95.32361111111112
2021-08-14 06:00:00,86.0,90.85763888888894,2021-08-01,False,76.57500000000006,105.14027777777783,73.94583333333337,107.76944444444452
2021-08-14 07:00:00,53.0,85.28611111111113,2021-08-01,False,71.00347222222224,99.56875000000001,68.37430555555555,102.1979166666667
2021-08-14 08:00:00,23.0,46.164583333333326,2021-08-01,False,31.881944444444443,60.44722222222221,29.25277777777775,63.0763888888889
2021-08-14 09:00:00,22.0,22.178472222222226,2021-08-01,False,7.895833333333343,36.46111111111111,5.2666666666666515,39.0902777777778
2021-08-14 10:00:00,21.0,24.35138888888889,2021-08-01,False,10.068750000000009,38.634027777777774,7.439583333333317,41.263194444444466
2021-08-14 11:00:00,23.0,22.86319444444445,2021-08-01,False,8.580555555555566,37.14583333333333,5.951388888888875,39.77500000000002
2021-08-14 12:00:00,22.0,22.95625,2021-08-01,False,8.673611111111118,37.23888888888888,6.0444444444444265,39.86805555555557
2021-08-14 13:00:00,21.0,21.69097222222222,2021-08-01,False,7.4083333333333385,35.973611111111104,4.779166666666647,38.602777777777796
2021-08-14 14:00:00,22.0,21.0,2021-08-01,True,6.717361111111117,35.28263888888888,19.0,23.0
2021-08-14 15:00:00,23.0,22.0,2021-08-01,True,7.717361111111117,36.28263888888888,20.0,24.0
2021-08-14 16:00:00,22.0,23.0,2021-08-01,True,8.717361111111117,37.28263888888888,21.0,25.0
2021-08-14 17:00:00,21.0,22.0,2021-08-01,True,7.717361111111117,36.28263888888888,20.0,24.0
2021-08-14 18:00:00,22.0,21.0,2021-08-01,True,6.717361111111117,35.28263888888888,19.0,23.0
2021-08-14 19:00:00,23.0,22.0,2021-08-01,True,7.717361111111117,36.28263888888888,20.0,24.0
2021-08-14 20:00:00,22.0,23.0,2021-08-01,True,8.717361111111117,37.28263888888888,21.0,25.0
2021-08-14 21:00:00,22.0,22.0,2021-08-01,True,7.717361111111117,36.28263888888888,20.0,24.0
2021-08-14 22:00:00,23.0,22.0,2021-08-01,True,7.717361111111117,36.28263888888888,20.0,24.0
2021-08-14 23:00:00,22.0,23.0,2021-08-01,True,8.717361111111117,37.28263888888888,21.0,25.0
2021-08-15 00:00:00,22.0,22.0,2021-08-01,True,7.717361111111117,36.28263888888888,20.0,24.0
2021-08-15 01:00:00,23.0,22.0,2021-08-01,True,7.717361111111117,36.28263888888888,20.0,24.0
2021-08-15 02:00:00,22.0,23.0,2021-08-01,True,8.717361111111117,37.28263888888888,21.0,25.0
2021-08-15 03:00:00,21.0,22.0,2021-08-01,True,7.717361111111117,36.28263888888888,20.0,24.0
2021-08-15 04:00:00,22.0,21.0,2021-08-01,True,6.717361111111117,35.28263888888888,19.0,23.0
2021-08-15 05:00:00,23.0,22.0,2021-08-01,True,7.717361111111117,36.28263888888888,20.0,24.0
2021-08-15 06:00:00,22.0,23.0,2021-08-01,True,8.717361111111117,37.28263888888888,21.0,25.0
2021-08-15 07:00:00,21.0,22.0,2021-08-01,True,7.717361111111117,36.28263888888888,20.0,24.0
2021-08-15 08:00:00,23.0,21.0,2021-08-01,True,6.717361111111117,35.28263888888888,19.0,23.0
2021-08-15 09:00:00,23.0,23.0,2021-08-01,True,8.717361111111117,37.28263888888888,21.0,25.0
2021-08-15 10:00:00,21.0,23.0,2021-08-01,True,8.717361111111117,37.28263888888888,21.0,25.0
2021-08-15 11:00:00,22.0,21.0,2021-08-01,True,6.717361111111117,35.28263888888888,19.0,23.0
2021-08-15 12:00:00,23.0,22.0,2021-08-01,True,7.717361111111117,36.28263888888888,20.0,24.0
2021-08-15 13:00:00,22.0,23.0,2021-08-01,True,8.717361111111117,37.28263888888888,21.0,25.0
2021-08-15 14:00:00,22.0,22.0,2021-08-01,True,7.717361111111117,36.28263888888888,20.0,24.0
2021-08-15 15:00:00,21.0,22.0,2021-08-01,True,7.717361111111117,36.28263888888888,20.0,24.0
2021-08-15 16:00:00,23.0,21.0,2021-08-01,True,6.717361111111117,35.28263888888888,19.0,23.0
2021-08-15 17:00:00,22.0,23.0,2021-08-01,True,8.717361111111117,37.28263888888888,21.0,25.0
2021-08-15 18:00:00,21.0,22.0,2021-08-01,True,7.717361111111117,36.28263888888888,20.0,24.0
2021-08-15 19:00:00,23.0,21.0,2021-08-01,True,6.717361111111117,35.28263888888888,19.0,23.0
2021-08-15 20:00:00,22.0,23.0,2021-08-01,True,8.717361111111117,37.28263888888888,21.0,25.0
2021-08-15 21:00:00,22.0,22.0,2021-08-01,True,7.717361111111117,36.28263888888888,20.0,24.0
2021-08-15 22:00:00,23.0,22.0,2021-08-01,True,7.717361111111117,36.28263888888888,20.0,24.0
2021-08-15 23:00:00,23.0,23.0,2021-08-01,True,8.717361111111117,37.28263888888888,21.0,25.0
2021-08-16 00:00:00,22.0,23.0,2021-08-01,True,8.717361111111117,37.28263888888888,21.0,25.0
2021-08-16 01:00:00,21.0,22.0,2021-08-01,True,7.717361111111117,36.28263888888888,20.0,24.0
2021-08-16 02:00:00,23.0,21.0,2021-08-01,True,6.717361111111117,35.28263888888888,19.0,23.0
2021-08-16 03:00:00,21.0,23.0,2021-08-01,True,8.717361111111117,37.28263888888888,21.0,25.0
2021-08-16 04:00:00,22.0,21.0,2021-08-01,True,6.717361111111117,35.28263888888888,19.0,23.0
2021-08-16 05:00:00,22.0,22.0,2021-08-01,True,7.717361111111117,36.28263888888888,20.0,24.0
2021-08-16 06:00:00,23.0,22.0,2021-08-01,True,7.717361111111117,36.28263888888888,20.0,24.0
2021-08-16 07:00:00,60.0,23.0,2021-08-01,True,8.717361111111117,37.28263888888888,21.0,25.0
2021-08-16 08:00:00,174.0,186.72222222222217,2021-08-01,False,172.4395833333333,201.00486111111104,169.81041666666658,203.63402777777776
2021-08-16 09:00:00,183.0,176.9416666666666,2021-08-01,False,162.65902777777774,191.22430555555547,160.02986111111102,193.8534722222222
2021-08-16 10:00:00,144.0,178.94305555555553,2021-08-01,False,164.66041666666666,193.2256944444444,162.03124999999994,195.85486111111112
2021-08-16 11:00:00,155.0,180.06736111111113,2021-08-01,False,165.78472222222223,194.35000000000002,163.15555555555557,196.97916666666669
2021-08-16 12:00:00,97.0,116.2263888888889,2021-08-01,False,101.94375000000002,130.5090277777778,99.31458333333333,133.13819444444448
2021-08-16 13:00:00,153.0,167.80625000000006,2021-08-01,False,153.52361111111117,182.08888888888896,150.8944444444445,184.71805555555562
2021-08-16 14:00:00,146.0,167.68194444444447,2021-08-01,False,153.3993055555556,181.96458333333334,150.77013888888888,184.59375000000006
2021-08-16 15:00:00,133.0,155.16527777777776,2021-08-01,False,140.8826388888889,169.44791666666663,138.25347222222217,172.07708333333335
2021-08-16 16:00:00,116.0,153.7388888888889,2021-08-01,False,139.45625,168.0215277777778,136.82708333333335,170.65069444444447
2021-08-16 17:00:00,100.0,122.9409722222222,2021-08-01,False,108.65833333333332,137.2236111111111,106.02916666666663,139.85277777777776
2021-08-16 18:00:00,92.0,102.45833333333334,2021-08-01,False,88.17569444444446,116.74097222222223,85.54652777777777,119.37013888888892
2021-08-16 19:00:00,89.0,95.52708333333328,2021-08-01,False,81.2444444444444,109.80972222222216,78.6152777777777,112.43888888888885
2021-08-16 20:00:00,98.0,99.775,2021-08-01,False,85.49236111111112,114.05763888888889,82.86319444444443,116.68680555555558
2021-08-16 21:00:00,112.0,101.0520833333334,2021-08-01,False,86.76944444444452,115.33472222222228,84.14027777777783,117.96388888888897
2021-08-16 22:00:00,95.0,102.60138888888883,2021-08-01,False,88.31874999999995,116.88402777777772,85.68958333333326,119.51319444444441
2021-08-16 23:00:00,96.0,93.74930555555557,2021-08-01,False,79.46666666666668,108.03194444444445,76.83749999999999,110.66111111111114
2021-08-17 00:00:00,70.0,65.1993055555556,2021-08-01,False,50.916666666666714,79.48194444444448,48.28750000000002,82.11111111111117
2021-08-17 01:00:00,96.0,101.76805555555552,2021-08-01,False,87.48541666666664,116.0506944444444,84.85624999999995,118.6798611111111
2021-08-17 02:00:00,98.0,98.82708333333336,2021-08-01,False,84.54444444444448,113.10972222222225,81.91527777777779,115.73888888888894
2021-08-17 03:00:00,92.0,98.27083333333336,2021-08-01,False,83.98819444444447,112.55347222222224,81.35902777777778,115.18263888888893
2021-08-17 04:00:00,93.0,95.38263888888888,2021-08-01,False,81.1,109.66527777777776,78.4708333333333,112.29444444444445
2021-08-17 05:00:00,86.0,86.1736111111111,2021-08-01,False,71.89097222222222,100.45624999999998,69.26180555555553,103.08541666666667
2021-08-17 06:00:00,94.0,99.6159722222222,2021-08-01,False,85.33333333333331,113.89861111111108,82.70416666666662,116.52777777777777
2021-08-17 07:00:00,125.0,116.8722222222222,2021-08-01,False,102.58958333333332,131.15486111111107,99.96041666666663,133.7840277777778
2021-08-17 08:00:00,164.0,183.1930555555555,2021-08-01,False,168.9104166666666,197.4756944444444,166.28124999999994,200.10486111111106
2021-08-17 09:00:00,163.0,178.8618055555556,2021-08-01,False,164.5791666666667,193.1444444444445,161.95000000000005,195.77361111111117
2021-08-17 10:00:00,153.0,167.37152777777774,2021-08-01,False,153.08888888888885,181.65416666666664,150.45972222222218,184.2833333333333
2021-08-17 11:00:00,169.0,174.82777777777773,2021-08-01,False,160.54513888888886,189.1104166666666,157.91597222222214,191.73958333333331
2021-08-17 12:00:00,110.0,101.25625,2021-08-01,False,86.97361111111111,115.53888888888888,84.34444444444442,118.16805555555557
2021-08-17 13:00:00,162.0,172.20555555555555,2021-08-01,False,157.92291666666665,186.48819444444445,155.29375,189.1173611111111
2021-08-17 14:00:00,161.0,163.17013888888886,2021-08-01,False,148.8875,177.45277777777773,146.25833333333327,180.08194444444445
2021-08-17 15:00:00,150.0,148.11458333333334,2021-08-01,False,133.83194444444445,162.39722222222224,131.20277777777778,165.0263888888889
2021-08-17 16:00:00,152.0,156.34236111111116,2021-08-01,False,142.05972222222226,170.62500000000006,139.4305555555556,173.25416666666672
2021-08-17 17:00:00,113.0,124.20486111111111,2021-08-01,False,109.92222222222223,138.4875,107.29305555555554,141.11666666666667
2021-08-17 18:00:00,149.0,142.9798611111111,2021-08-01,False,128.6972222222222,157.2625,126.06805555555552,159.89166666666665
2021-08-17 19:00:00,138.0,144.95208333333338,2021-08-01,False,130.66944444444448,159.23472222222227,128.04027777777782,161.86388888888894
2021-08-17 20:00:00,120.0,122.35972222222222,2021-08-01,False,108.07708333333333,136.6423611111111,105.44791666666664,139.2715277777778
2021-08-17 21:00:00,118.0,114.56944444444444,2021-08-01,False,100.28680555555556,128.85208333333333,97.65763888888887,131.48125000000002
2021-08-17 22:00:00,110.0,106.39652777777776,2021-08-01,False,92.11388888888888,120.67916666666665,89.48472222222219,123.30833333333334
2021-08-17 23:00:00,104.0,103.54513888888889,2021-08-01,False,89.2625,117.82777777777777,86.63333333333331,120.45694444444446
2021-08-18 00:00:00,65.0,71.01666666666665,2021-08-01,False,56.73402777777777,85.29930555555553,54.10486111111108,87.92847222222223
2021-08-18 01:00:00,95.0,101.76250000000002,2021-08-01,False,87.47986111111113,116.0451388888889,84.85069444444444,118.67430555555559
2021-08-18 02:00:00,103.0,103.4215277777778,2021-08-01,False,89.13888888888891,117.70416666666668,86.50972222222222,120.33333333333337
2021-08-18 03:00:00,91.0,101.35416666666666,2021-08-01,False,87.07152777777777,115.63680555555554,84.44236111111108,118.26597222222223
2021-08-18 04:00:00,95.0,100.02013888888888,2021-08-01,False,85.7375,114.30277777777776,83.1083333333333,116.93194444444445
2021-08-18 05:00:00,83.0,85.86527777777775,2021-08-01,False,71.58263888888887,100.14791666666663,68.95347222222217,102.77708333333332
2021-08-18 06:00:00,101.0,100.32222222222224,2021-08-01,False,86.03958333333335,114.60486111111112,83.41041666666666,117.23402777777781
2021-08-18 07:00:00,125.0,114.3784722222222,2021-08-01,False,100.09583333333332,128.6611111111111,97.46666666666663,131.29027777777776
2021-08-18 08:00:00,163.0,177.04027777777773,2021-08-01,False,162.75763888888883,191.32291666666663,160.12847222222217,193.9520833333333
2021-08-18 09:00:00,169.0,177.01944444444447,2021-08-01,False,162.73680555555558,191.30208333333337,160.1076388888889,193.93125000000003
2021-08-18 10:00:00,159.0,170.95416666666668,2021-08-01,False,156.67152777777778,185.23680555555558,154.04236111111112,187.86597222222224
2021-08-18 11:00:00,173.0,176.7944444444444,2021-08-01,False,162.5118055555555,191.0770833333333,159.88263888888883,193.70624999999995
2021-08-18 12:00:00,102.0,105.3555555555556,2021-08-01,False,91.07291666666671,119.63819444444448,88.44375000000002,122.26736111111117
2021-08-18 13:00:00,171.0,172.91249999999997,2021-08-01,False,158.6298611111111,187.19513888888883,156.00069444444438,189.82430555555555
2021-08-18 14:00:00,179.0,171.35069444444443,2021-08-01,False,157.06805555555553,185.63333333333333,154.43888888888887,188.2625
2021-08-18 15:00:00,170.0,162.37986111111107,2021-08-01,False,148.09722222222217,176.66249999999997,145.4680555555555,179.29166666666663
2021-08-18 16:00:00,166.0,165.2368055555556,2021-08-01,False,150.9541666666667,179.5194444444445,148.32500000000005,182.14861111111117
2021-08-18 17:00:00,141.0,138.63541666666666,2021-08-01,False,124.35277777777777,152.91805555555555,121.72361111111108,155.54722222222222
2021-08-18 18:00:00,164.0,162.22986111111103,2021-08-01,False,147.94722222222214,176.51249999999993,145.31805555555547,179.1416666666666
2021-08-18 19:00:00,143.0,144.35833333333332,2021-08-01,False,130.07569444444442,158.64097222222222,127.44652777777775,161.27013888888888
2021-08-18 20:00:00,120.0,116.64097222222222,2021-08-01,False,102.35833333333333,130.9236111111111,99.72916666666664,133.5527777777778
2021-08-18 21:00:00,115.0,115.1527777777778,2021-08-01,False,100.87013888888892,129.4354166666667,98.24097222222223,132.06458333333336
2021-08-18 22:00:00,112.0,109.27361111111112,2021-08-01,False,94.99097222222224,123.55625,92.36180555555555,126.1854166666667
2021-08-18 23:00:00,105.0,100.54236111111108,2021-08-01,False,86.2597222222222,114.82499999999996,83.6305555555555,117.45416666666665
2021-08-19 00:00:00,71.0,76.74861111111112,2021-08-01,False,62.465972222222234,91.03125,59.83680555555554,93.66041666666669
2021-08-19 01:00:00,102.0,103.42916666666665,2021-08-01,False,89.14652777777776,117.71180555555553,86.51736111111107,120.34097222222222
2021-08-19 02:00:00,109.0,105.79999999999998,2021-08-01,False,91.5173611111111,120.08263888888887,88.88819444444441,122.71180555555556
2021-08-19 03:00:00,109.0,104.54166666666666,2021-08-01,False,90.25902777777777,118.82430555555554,87.62986111111108,121.45347222222223
2021-08-19 04:00:00,104.0,107.0777777777778,2021-08-01,False,92.79513888888891,121.36041666666668,90.16597222222222,123.98958333333337
2021-08-19 05:00:00,88.0,91.40694444444443,2021-08-01,False,77.12430555555555,105.68958333333332,74.49513888888886,108.31875000000001
2021-08-19 06:00:00,109.0,105.30069444444445,2021-08-01,False,91.01805555555556,119.58333333333333,88.38888888888887,122.21250000000002
2021-08-19 07:00:00,123.0,120.08333333333331,2021-08-01,False,105.80069444444443,134.36597222222218,103.17152777777774,136.9951388888889
2021-08-19 08:00:00,174.0,181.7680555555555,2021-08-01,False,167.4854166666666,196.0506944444444,164.85624999999993,198.67986111111105
2021-08-19 09:00:00,174.0,177.80277777777775,2021-08-01,False,163.52013888888888,192.08541666666662,160.89097222222216,194.71458333333334
2021-08-19 10:00:00,163.0,178.2256944444444,2021-08-01,False,163.94305555555553,192.50833333333327,161.3138888888888,195.1375
2021-08-19 11:00:00,177.0,181.95138888888883,2021-08-01,False,167.66874999999993,196.23402777777773,165.03958333333327,198.8631944444444
2021-08-19 12:00:00,105.0,105.94305555555552,2021-08-01,False,91.66041666666663,120.2256944444444,89.03124999999994,122.85486111111109
2021-08-19 13:00:00,168.0,175.45694444444442,2021-08-01,False,161.17430555555552,189.73958333333331,158.54513888888886,192.36874999999998
2021-08-19 14:00:00,175.0,174.7659722222222,2021-08-01,False,160.4833333333333,189.0486111111111,157.85416666666663,191.67777777777775
2021-08-19 15:00:00,170.0,161.53750000000002,2021-08-01,False,147.25486111111115,175.8201388888889,144.62569444444443,178.4493055555556
2021-08-19 16:00:00,166.0,165.87708333333342,2021-08-01,False,151.59444444444455,180.15972222222229,148.96527777777783,182.788888888889
2021-08-19 17:00:00,130.0,137.19583333333333,2021-08-01,False,122.91319444444444,151.4784722222222,120.28402777777775,154.1076388888889
2021-08-19 18:00:00,152.0,156.78888888888895,2021-08-01,False,142.50625000000008,171.07152777777782,139.87708333333336,173.70069444444454
2021-08-19 19:00:00,147.0,150.9541666666666,2021-08-01,False,136.67152777777773,165.23680555555546,134.042361111111,167.86597222222218
2021-08-19 20:00:00,128.0,123.06388888888884,2021-08-01,False,108.78124999999996,137.34652777777774,106.15208333333327,139.9756944444444
2021-08-19 21:00:00,121.0,121.94861111111108,2021-08-01,False,107.6659722222222,136.23124999999996,105.0368055555555,138.86041666666665
2021-08-19 22:00:00,116.0,112.33819444444444,2021-08-01,False,98.05555555555556,126.62083333333332,95.42638888888887,129.25
2021-08-19 23:00:00,110.0,106.47708333333335,2021-08-01,False,92.19444444444447,120.75972222222224,89.56527777777778,123.38888888888893
2021-08-20 00:00:00,73.0,74.03402777777778,2021-08-01,False,59.7513888888889,88.31666666666666,57.122222222222206,90.94583333333335
2021-08-20 01:00:00,101.0,105.09027777777774,2021-08-01,False,90.80763888888886,119.37291666666663,88.17847222222217,122.00208333333332
2021-08-20 02:00:00,107.0,107.975,2021-08-01,False,93.69236111111111,122.25763888888888,91.06319444444442,124.88680555555557
2021-08-20 03:00:00,102.0,107.11041666666668,2021-08-01,False,92.8277777777778,121.39305555555556,90.1986111111111,124.02222222222225
2021-08-20 04:00:00,99.0,105.25763888888886,2021-08-01,False,90.97499999999998,119.54027777777775,88.34583333333329,122.16944444444444
2021-08-20 05:00:00,88.0,89.46458333333334,2021-08-01,False,75.18194444444445,103.74722222222222,72.55277777777776,106.37638888888891
2021-08-20 06:00:00,111.0,104.84097222222226,2021-08-01,False,90.55833333333338,119.12361111111115,87.92916666666669,121.75277777777784
2021-08-20 07:00:00,127.0,122.3840277777778,2021-08-01,False,108.10138888888892,136.66666666666669,105.47222222222223,139.29583333333338
2021-08-20 08:00:00,171.0,179.02361111111105,2021-08-01,False,164.74097222222218,193.30624999999992,162.11180555555546,195.93541666666664
2021-08-20 09:00:00,165.0,180.59375,2021-08-01,False,166.31111111111113,194.87638888888887,163.6819444444444,197.5055555555556
2021-08-20 10:00:00,157.0,176.71388888888887,2021-08-01,False,162.43124999999998,190.99652777777777,159.80208333333331,193.62569444444443
2021-08-20 11:00:00,187.0,179.68472222222218,2021-08-01,False,165.40208333333328,193.96736111111107,162.77291666666662,196.59652777777774
2021-08-20 12:00:00,111.0,113.33958333333332,2021-08-01,False,99.05694444444444,127.6222222222222,96.42777777777775,130.2513888888889
2021-08-20 13:00:00,177.0,180.3493055555556,2021-08-01,False,166.06666666666672,194.63194444444446,163.4375,197.26111111111118
2021-08-20 14:00:00,175.0,180.28263888888884,2021-08-01,False,165.99999999999994,194.56527777777774,163.37083333333328,197.1944444444444
2021-08-20 15:00:00,159.0,164.60624999999996,2021-08-01,False,150.32361111111106,178.88888888888886,147.6944444444444,181.51805555555552
2021-08-20 16:00:00,171.0,168.7826388888889,2021-08-01,False,154.5,183.0652777777778,151.87083333333334,185.69444444444446
2021-08-20 17:00:00,134.0,140.76180555555553,2021-08-01,False,126.47916666666664,155.04444444444442,123.84999999999995,157.6736111111111
2021-08-20 18:00:00,155.0,162.60347222222214,2021-08-01,False,148.32083333333327,176.886111111111,145.69166666666655,179.51527777777773
2021-08-20 19:00:00,125.0,144.1395833333333,2021-08-01,False,129.85694444444442,158.42222222222216,127.22777777777772,161.05138888888888
2021-08-20 20:00:00,114.0,108.62569444444443,2021-08-01,False,94.34305555555555,122.90833333333332,91.71388888888886,125.53750000000001
2021-08-20 21:00:00,118.0,113.62569444444443,2021-08-01,False,99.34305555555555,127.90833333333332,96.71388888888886,130.53750000000002
2021-08-20 22:00:00,106.0,109.58055555555552,2021-08-01,False,95.29791666666664,123.8631944444444,92.66874999999995,126.4923611111111
2021-08-20 23:00:00,98.0,103.07083333333334,2021-08-01,False,88.78819444444446,117.35347222222222,86.15902777777777,119.98263888888891
2021-08-21 00:00:00,63.0,63.66666666666666,2021-08-01,False,49.384027777777774,77.94930555555554,46.75486111111108,80.57847222222223
2021-08-21 01:00:00,95.0,101.84097222222218,2021-08-01,False,87.5583333333333,116.12361111111106,84.9291666666666,118.75277777777775
2021-08-21 02:00:00,104.0,101.66180555555556,2021-08-01,False,87.37916666666668,115.94444444444444,84.74999999999999,118.57361111111113
2021-08-21 03:00:00,94.0,99.50972222222224,2021-08-01,False,85.22708333333335,113.79236111111112,82.59791666666666,116.42152777777781
2021-08-21 04:00:00,104.0,99.50763888888888,2021-08-01,False,85.225,113.79027777777776,82.5958333333333,116.41944444444445
2021-08-21 05:00:00,95.0,89.15486111111112,2021-08-01,False,74.87222222222223,103.4375,72.24305555555554,106.06666666666669
2021-08-21 06:00:00,99.0,101.18958333333332,2021-08-01,False,86.90694444444443,115.4722222222222,84.27777777777774,118.10138888888889
2021-08-21 07:00:00,69.0,66.63194444444443,2021-08-01,False,52.349305555555546,80.91458333333331,49.720138888888854,83.54375
2021-08-21 08:00:00,23.0,28.80625,2021-08-01,False,14.523611111111116,43.08888888888888,11.894444444444424,45.71805555555557
2021-08-21 09:00:00,21.0,22.934722222222216,2021-08-01,False,8.652083333333334,37.2173611111111,6.022916666666642,39.846527777777794
2021-08-21 10:00:00,21.0,21.515972222222224,2021-08-01,False,7.233333333333341,35.79861111111111,4.60416666666665,38.4277777777778
2021-08-21 11:00:00,23.0,23.21875,2021-08-01,False,8.936111111111117,37.50138888888888,6.306944444444426,40.130555555555574
2021-08-21 12:00:00,22.0,22.03541666666667,2021-08-01,False,7.752777777777787,36.31805555555555,5.123611111111096,38.947222222222244
2021-08-21 13:00:00,21.0,22.28888888888889,2021-08-01,False,8.006250000000009,36.571527777777774,5.377083333333317,39.200694444444466
2021-08-21 14:00:00,23.0,21.0,2021-08-01,True,6.717361111111117,35.28263888888888,19.0,23.0
2021-08-21 15:00:00,22.0,23.0,2021-08-01,True,8.717361111111117,37.28263888888888,21.0,25.0
2021-08-21 16:00:00,22.0,22.0,2021-08-01,True,7.717361111111117,36.28263888888888,20.0,24.0
2021-08-21 17:00:00,22.0,22.0,2021-08-01,True,7.717361111111117,36.28263888888888,20.0,24.0
2021-08-21 18:00:00,25.0,22.0,2021-08-01,True,7.717361111111117,36.28263888888888,20.0,24.0
2021-08-21 19:00:00,21.0,25.0,2021-08-01,True,10.717361111111117,39.28263888888888,23.0,27.0
2021-08-21 20:00:00,22.0,21.0,2021-08-01,True,6.717361111111117,35.28263888888888,19.0,23.0
2021-08-21 21:00:00,23.0,22.0,2021-08-01,True,7.717361111111117,36.28263888888888,20.0,24.0
2021-08-21 22:00:00,25.0,23.0,2021-08-01,True,8.717361111111117,37.28263888888888,21.0,25.0
2021-08-21 23:00:00,22.0,25.0,2021-08-01,True,10.717361111111117,39.28263888888888,23.0,27.0
2021-08-22 00:00:00,22.0,22.0,2021-08-01,True,7.717361111111117,36.28263888888888,20.0,24.0
2021-08-22 01:00:00,23.0,22.0,2021-08-01,True,7.717361111111117,36.28263888888888,20.0,24.0
2021-08-22 02:00:00,24.0,23.0,2021-08-01,True,8.717361111111117,37.28263888888888,21.0,25.0
2021-08-22 03:00:00,23.0,24.0,2021-08-01,True,9.717361111111117,38.28263888888888,22.0,26.0
2021-08-22 04:00:00,22.0,23.0,2021-08-01,True,8.717361111111117,37.28263888888888,21.0,25.0
2021-08-22 05:00:00,24.0,22.0,2021-08-01,True,7.717361111111117,36.28263888888888,20.0,24.0
2021-08-22 06:00:00,22.0,24.0,2021-08-01,True,9.717361111111117,38.28263888888888,22.0,26.0
2021-08-22 07:00:00,22.0,22.0,2021-08-01,True,7.717361111111117,36.28263888888888,20.0,24.0
2021-08-22 08:00:00,22.0,22.0,2021-08-01,True,7.717361111111117,36.28263888888888,20.0,24.0
2021-08-22 09:00:00,24.0,22.0,2021-08-01,True,7.717361111111117,36.28263888888888,20.0,24.0
2021-08-22 10:00:00,22.0,24.0,2021-08-01,True,9.717361111111117,38.28263888888888,22.0,26.0
2021-08-22 11:00:00,22.0,22.0,2021-08-01,True,7.717361111111117,36.28263888888888,20.0,24.0
2021-08-22 12:00:00,23.0,22.0,2021-08-01,True,7.717361111111117,36.28263888888888,20.0,24.0
2021-08-22 13:00:00,24.0,23.0,2021-08-01,True,8.717361111111117,37.28263888888888,21.0,25.0
2021-08-22 14:00:00,23.0,24.0,2021-08-01,True,9.717361111111117,38.28263888888888,22.0,26.0
2021-08-22 15:00:00,23.0,23.0,2021-08-01,True,8.717361111111117,37.28263888888888,21.0,25.0
2021-08-22 16:00:00,25.0,23.0,2021-08-01,True,8.717361111111117,37.28263888888888,21.0,25.0
2021-08-22 17:00:00,22.0,25.0,2021-08-01,True,10.717361111111117,39.28263888888888,23.0,27.0
2021-08-22 18:00:00,22.0,22.0,2021-08-01,True,7.717361111111117,36.28263888888888,20.0,24.0
2021-08-22 19:00:00,22.0,22.0,2021-08-01,True,7.717361111111117,36.28263888888888,20.0,24.0
2021-08-22 20:00:00,24.0,22.0,2021-08-01,True,7.717361111111117,36.28263888888888,20.0,24.0
2021-08-22 21:00:00,22.0,24.0,2021-08-01,True,9.717361111111117,38.28263888888888,22.0,26.0
2021-08-22 22:00:00,23.0,22.0,2021-08-01,True,7.717361111111117,36.28263888888888,20.0,24.0
2021-08-22 23:00:00,23.0,23.0,2021-08-01,True,8.717361111111117,37.28263888888888,21.0,25.0
2021-08-23 00:00:00,23.0,23.0,2021-08-01,True,8.717361111111117,37.28263888888888,21.0,25.0
2021-08-23 01:00:00,23.0,23.0,2021-08-01,True,8.717361111111117,37.28263888888888,21.0,25.0
2021-08-23 02:00:00,23.0,23.0,2021-08-01,True,8.717361111111117,37.28263888888888,21.0,25.0
2021-08-23 03:00:00,24.0,23.0,2021-08-01,True,8.717361111111117,37.28263888888888,21.0,25.0
2021-08-23 04:00:00,22.0,24.0,2021-08-01,True,9.717361111111117,38.28263888888888,22.0,26.0
2021-08-23 05:00:00,22.0,22.0,2021-08-01,True,7.717361111111117,36.28263888888888,20.0,24.0
2021-08-23 06:00:00,21.0,22.0,2021-08-01,True,7.717361111111117,36.28263888888888,20.0,24.0
2021-08-23 07:00:00,58.0,21.0,2021-08-01,True,6.717361111111117,35.28263888888888,19.0,23.0
2021-08-23 08:00:00,167.0,177.09236111111105,2021-08-01,False,162.80972222222215,191.37499999999994,160.1805555555555,194.0041666666666
2021-08-23 09:00:00,180.0,175.87013888888885,2021-08-01,False,161.58749999999998,190.15277777777771,158.95833333333326,192.78194444444443
2021-08-23 10:00:00,170.0,167.44652777777776,2021-08-01,False,153.1638888888889,181.72916666666663,150.53472222222217,184.35833333333335
2021-08-23 11:00:00,184.0,177.79999999999993,2021-08-01,False,163.51736111111103,192.08263888888882,160.88819444444437,194.7118055555555
2021-08-23 12:00:00,116.0,114.17569444444445,2021-08-01,False,99.89305555555556,128.45833333333331,97.26388888888887,131.08750000000003
2021-08-23 13:00:00,184.0,175.02361111111114,2021-08-01,False,160.74097222222224,189.30625000000003,158.11180555555558,191.9354166666667
2021-08-23 14:00:00,184.0,169.73888888888888,2021-08-01,False,155.45625,184.02152777777775,152.8270833333333,186.65069444444447
2021-08-23 15:00:00,180.0,161.5743055555555,2021-08-01,False,147.29166666666663,175.85694444444437,144.6624999999999,178.4861111111111
2021-08-23 16:00:00,172.0,149.4333333333333,2021-08-01,False,135.1506944444444,163.7159722222222,132.52152777777775,166.34513888888887
2021-08-23 17:00:00,142.0,134.15972222222223,2021-08-01,False,119.87708333333335,148.4423611111111,117.24791666666665,151.07152777777782
2021-08-23 18:00:00,156.0,148.32638888888886,2021-08-01,False,134.04375,162.60902777777773,131.41458333333327,165.23819444444445
2021-08-23 19:00:00,129.0,123.37986111111113,2021-08-01,False,109.09722222222224,137.66250000000002,106.46805555555555,140.29166666666669
2021-08-23 20:00:00,112.0,110.5868055555556,2021-08-01,False,96.30416666666672,124.86944444444448,93.67500000000003,127.49861111111117
2021-08-23 21:00:00,111.0,111.07222222222228,2021-08-01,False,96.7895833333334,125.35486111111116,94.1604166666667,127.98402777777785
2021-08-23 22:00:00,109.0,102.0673611111111,2021-08-01,False,87.78472222222221,116.34999999999998,85.15555555555552,118.97916666666667
2021-08-23 23:00:00,96.0,100.30555555555556,2021-08-01,False,86.02291666666667,114.58819444444444,83.39374999999998,117.21736111111113
2021-08-24 00:00:00,65.0,63.21388888888891,2021-08-01,False,48.93125000000003,77.4965277777778,46.302083333333336,80.12569444444449
2021-08-24 01:00:00,105.0,102.72430555555552,2021-08-01,False,88.44166666666663,117.0069444444444,85.81249999999994,119.63611111111109
2021-08-24 02:00:00,110.0,105.6319444444444,2021-08-01,False,91.34930555555552,119.91458333333328,88.72013888888883,122.54374999999997
2021-08-24 03:00:00,105.0,101.59305555555557,2021-08-01,False,87.31041666666668,115.87569444444445,84.68124999999999,118.50486111111114
2021-08-24 04:00:00,108.0,101.82083333333335,2021-08-01,False,87.53819444444447,116.10347222222224,84.90902777777778,118.73263888888893
2021-08-24 05:00:00,88.0,91.47222222222224,2021-08-01,False,77.18958333333336,105.75486111111113,74.56041666666667,108.38402777777782
2021-08-24 06:00:00,109.0,105.28125,2021-08-01,False,90.99861111111112,119.56388888888888,88.36944444444443,122.19305555555557
2021-08-24 07:00:00,131.0,128.88125000000002,2021-08-01,False,114.59861111111114,143.1638888888889,111.96944444444445,145.7930555555556
2021-08-24 08:00:00,187.0,179.95486111111106,2021-08-01,False,165.67222222222216,194.23749999999995,163.0430555555555,196.86666666666662
2021-08-24 09:00:00,181.0,182.3097222222222,2021-08-01,False,168.02708333333334,196.59236111111107,165.39791666666662,199.2215277777778
2021-08-24 10:00:00,171.0,175.015625,2021-08-01,False,160.73298611111113,189.29826388888887,158.1038194444444,191.9274305555556
2021-08-24 11:00:00,183.0,184.10555555555544,2021-08-01,False,169.82291666666657,198.3881944444443,167.19374999999985,201.01736111111103
2021-08-24 12:00:00,115.0,112.51458333333332,2021-08-01,False,98.23194444444444,126.7972222222222,95.60277777777775,129.42638888888888
2021-08-24 13:00:00,174.0,179.81944444444437,2021-08-01,False,165.53680555555547,194.10208333333327,162.9076388888888,196.73124999999993
2021-08-24 14:00:00,186.0,177.69513888888883,2021-08-01,False,163.41249999999997,191.9777777777777,160.78333333333325,194.60694444444442
2021-08-24 15:00:00,175.0,167.44236111111113,2021-08-01,False,153.15972222222223,181.72500000000002,150.53055555555557,184.35416666666669
2021-08-24 16:00:00,184.0,176.17638888888894,2021-08-01,False,161.89375000000007,190.4590277777778,159.26458333333335,193.08819444444453
2021-08-24 17:00:00,139.0,137.71666666666673,2021-08-01,False,123.43402777777784,151.99930555555562,120.80486111111115,154.62847222222229
2021-08-24 18:00:00,152.0,157.41736111111112,2021-08-01,False,143.13472222222225,171.7,140.50555555555553,174.3291666666667
2021-08-24 19:00:00,150.0,142.44305555555553,2021-08-01,False,128.16041666666666,156.7256944444444,125.53124999999996,159.35486111111112
2021-08-24 20:00:00,121.0,130.01736111111111,2021-08-01,False,115.73472222222223,144.3,113.10555555555554,146.92916666666667
2021-08-24 21:00:00,121.0,118.27013888888892,2021-08-01,False,103.98750000000004,132.5527777777778,101.35833333333335,135.1819444444445
2021-08-24 22:00:00,113.0,109.63680555555555,2021-08-01,False,95.35416666666667,123.91944444444444,92.72499999999998,126.54861111111113
2021-08-24 23:00:00,99.0,103.07569444444444,2021-08-01,False,88.79305555555555,117.35833333333332,86.16388888888886,119.98750000000001
2021-08-25 00:00:00,77.0,65.24791666666667,2021-08-01,False,50.965277777777786,79.53055555555555,48.336111111111094,82.15972222222224
2021-08-25 01:00:00,104.0,102.17673611111104,2021-08-01,False,87.89409722222216,116.45937499999992,85.26493055555547,119.08854166666661
2021-08-25 02:00:00,109.0,106.82777777777778,2021-08-01,False,92.5451388888889,121.11041666666667,89.91597222222221,123.73958333333336
2021-08-25 03:00:00,99.0,102.63819444444444,2021-08-01,False,88.35555555555555,116.92083333333332,85.72638888888886,119.55000000000001
2021-08-25 04:00:00,109.0,100.7625,2021-08-01,False,86.47986111111112,115.04513888888889,83.85069444444443,117.67430555555558
2021-08-25 05:00:00,91.0,91.91666666666669,2021-08-01,False,77.6340277777778,106.19930555555557,75.00486111111111,108.82847222222226
2021-08-25 06:00:00,104.0,106.65347222222222,2021-08-01,False,92.37083333333334,120.9361111111111,89.74166666666665,123.5652777777778
2021-08-25 07:00:00,139.0,120.78472222222224,2021-08-01,False,106.50208333333336,135.06736111111113,103.87291666666667,137.69652777777782
2021-08-25 08:00:00,174.0,185.1013888888889,2021-08-01,False,170.81875000000002,199.38402777777776,168.1895833333333,202.01319444444448
2021-08-25 09:00:00,171.0,180.32430555555555,2021-08-01,False,166.04166666666669,194.60694444444442,163.41249999999997,197.23611111111114
2021-08-25 10:00:00,177.0,176.0298611111111,2021-08-01,False,161.7472222222222,190.3125,159.11805555555554,192.94166666666666
2021-08-25 11:00:00,173.0,184.4472222222221,2021-08-01,False,170.1645833333332,198.729861111111,167.53541666666655,201.35902777777767
2021-08-25 12:00:00,110.0,110.19583333333335,2021-08-01,False,95.91319444444447,124.47847222222224,93.28402777777778,127.10763888888893
2021-08-25 13:00:00,174.0,176.84444444444446,2021-08-01,False,162.56180555555557,191.12708333333336,159.9326388888889,193.75625000000002
2021-08-25 14:00:00,177.0,179.3791666666666,2021-08-01,False,165.09652777777774,193.66180555555547,162.46736111111102,196.2909722222222
2021-08-25 15:00:00,169.0,167.17291666666668,2021-08-01,False,152.89027777777778,181.45555555555558,150.26111111111112,184.08472222222224
2021-08-25 16:00:00,162.0,171.6486111111111,2021-08-01,False,157.36597222222224,185.93124999999998,154.73680555555552,188.5604166666667
2021-08-25 17:00:00,146.0,141.66597222222222,2021-08-01,False,127.38333333333334,155.94861111111112,124.75416666666665,158.57777777777778
2021-08-25 18:00:00,167.0,162.38888888888886,2021-08-01,False,148.10625,176.67152777777773,145.47708333333327,179.30069444444445
2021-08-25 19:00:00,139.0,145.47569444444443,2021-08-01,False,131.19305555555553,159.75833333333333,128.56388888888887,162.3875
2021-08-25 20:00:00,111.0,113.29652777777775,2021-08-01,False,99.01388888888887,127.57916666666664,96.38472222222218,130.20833333333331
2021-08-25 21:00:00,121.0,115.07847222222225,2021-08-01,False,100.79583333333336,129.36111111111114,98.16666666666667,131.9902777777778
2021-08-25 22:00:00,110.0,110.3263888888889,2021-08-01,False,96.04375000000002,124.60902777777778,93.41458333333333,127.23819444444447
2021-08-25 23:00:00,105.0,103.0875,2021-08-01,False,88.80486111111112,117.37013888888889,86.17569444444443,119.99930555555558
2021-08-26 00:00:00,72.0,67.53888888888888,2021-08-01,False,53.256249999999994,81.82152777777776,50.6270833333333,84.45069444444445
2021-08-26 01:00:00,103.0,104.02916666666668,2021-08-01,False,89.7465277777778,118.31180555555557,87.11736111111111,120.94097222222226
2021-08-26 02:00:00,115.0,106.85972222222225,2021-08-01,False,92.57708333333336,121.14236111111113,89.94791666666667,123.77152777777782
2021-08-26 03:00:00,99.0,108.6902777777778,2021-08-01,False,94.40763888888891,122.97291666666668,91.77847222222222,125.60208333333337
2021-08-26 04:00:00,110.0,104.87430555555557,2021-08-01,False,90.59166666666668,119.15694444444445,87.96249999999999,121.78611111111114
2021-08-26 05:00:00,92.0,92.33472222222224,2021-08-01,False,78.05208333333336,106.61736111111112,75.42291666666667,109.24652777777781
2021-08-26 06:00:00,105.0,107.71249999999996,2021-08-01,False,93.42986111111108,121.99513888888885,90.80069444444439,124.62430555555554
2021-08-26 07:00:00,134.0,124.09097222222226,2021-08-01,False,109.80833333333338,138.37361111111113,107.17916666666669,141.00277777777785
2021-08-26 08:00:00,183.0,180.10694444444445,2021-08-01,False,165.82430555555555,194.38958333333335,163.1951388888889,197.01875
2021-08-26 09:00:00,195.0,184.05416666666667,2021-08-01,False,169.7715277777778,198.33680555555554,167.1423611111111,200.96597222222226
2021-08-26 10:00:00,180.0,182.0076388888889,2021-08-01,False,167.72500000000002,196.29027777777776,165.0958333333333,198.91944444444448
2021-08-26 11:00:00,188.0,187.06874999999997,2021-08-01,False,172.7861111111111,201.35138888888883,170.15694444444438,203.98055555555555
2021-08-26 12:00:00,111.0,116.93541666666668,2021-08-01,False,102.6527777777778,131.21805555555557,100.02361111111111,133.84722222222226
2021-08-26 13:00:00,183.0,183.0020833333333,2021-08-01,False,168.71944444444443,197.28472222222217,166.09027777777771,199.9138888888889
2021-08-26 14:00:00,185.0,187.18888888888893,2021-08-01,False,172.90625000000006,201.4715277777778,170.27708333333334,204.1006944444445
2021-08-26 15:00:00,188.0,170.3881944444444,2021-08-01,False,156.1055555555555,184.6708333333333,153.47638888888883,187.29999999999995
2021-08-26 16:00:00,173.0,175.35972222222225,2021-08-01,False,161.07708333333335,189.64236111111114,158.44791666666669,192.2715277777778
2021-08-26 17:00:00,132.0,141.47222222222223,2021-08-01,False,127.18958333333335,155.7548611111111,124.56041666666665,158.38402777777782
2021-08-26 18:00:00,162.0,162.13611111111112,2021-08-01,False,147.85347222222225,176.41875,145.22430555555553,179.0479166666667
2021-08-26 19:00:00,156.0,153.07083333333333,2021-08-01,False,138.78819444444446,167.3534722222222,136.15902777777774,169.9826388888889
2021-08-26 20:00:00,116.0,120.47222222222224,2021-08-01,False,106.18958333333336,134.75486111111113,103.56041666666667,137.38402777777782
2021-08-26 21:00:00,125.0,115.91319444444444,2021-08-01,False,101.63055555555556,130.19583333333333,99.00138888888887,132.82500000000002
2021-08-26 22:00:00,111.0,113.38125,2021-08-01,False,99.09861111111111,127.66388888888888,96.46944444444442,130.29305555555555
2021-08-26 23:00:00,105.0,104.12222222222223,2021-08-01,False,89.83958333333335,118.40486111111112,87.21041666666666,121.03402777777781
2021-08-27 00:00:00,72.0,70.94513888888888,2021-08-01,False,56.662499999999994,85.22777777777776,54.0333333333333,87.85694444444445
2021-08-27 01:00:00,102.0,104.41041666666668,2021-08-01,False,90.1277777777778,118.69305555555556,87.4986111111111,121.32222222222225
2021-08-27 02:00:00,111.0,107.89374999999995,2021-08-01,False,93.61111111111107,122.17638888888884,90.98194444444438,124.80555555555553
2021-08-27 03:00:00,102.0,105.1493055555556,2021-08-01,False,90.86666666666672,119.43194444444448,88.23750000000003,122.06111111111117
2021-08-27 04:00:00,108.0,107.74305555555556,2021-08-01,False,93.46041666666667,122.02569444444444,90.83124999999998,124.65486111111113
2021-08-27 05:00:00,86.0,92.58750000000003,2021-08-01,False,78.30486111111115,106.87013888888892,75.67569444444446,109.49930555555561
2021-08-27 06:00:00,101.0,105.21250000000002,2021-08-01,False,90.92986111111114,119.4951388888889,88.30069444444445,122.1243055555556
2021-08-27 07:00:00,125.0,116.44722222222222,2021-08-01,False,102.16458333333334,130.72986111111112,99.53541666666665,133.35902777777778
2021-08-27 08:00:00,181.0,180.66527777777773,2021-08-01,False,166.38263888888883,194.94791666666663,163.75347222222217,197.5770833333333
2021-08-27 09:00:00,176.0,183.14166666666665,2021-08-01,False,168.85902777777778,197.42430555555552,166.22986111111106,200.05347222222224
2021-08-27 10:00:00,169.0,174.8020833333333,2021-08-01,False,160.5194444444444,189.08472222222218,157.89027777777773,191.71388888888885
2021-08-27 11:00:00,175.0,186.39236111111103,2021-08-01,False,172.10972222222216,200.6749999999999,169.48055555555544,203.30416666666662
2021-08-27 12:00:00,106.0,107.31666666666668,2021-08-01,False,93.0340277777778,121.59930555555556,90.4048611111111,124.22847222222225
2021-08-27 13:00:00,173.0,178.95763888888888,2021-08-01,False,164.675,193.24027777777775,162.0458333333333,195.86944444444447
2021-08-27 14:00:00,165.0,178.13958333333326,2021-08-01,False,163.85694444444437,192.42222222222216,161.2277777777777,195.05138888888882
2021-08-27 15:00:00,162.0,162.3618055555556,2021-08-01,False,148.0791666666667,176.6444444444445,145.45000000000005,179.27361111111117
2021-08-27 16:00:00,156.0,165.3548611111112,2021-08-01,False,151.0722222222223,179.6375000000001,148.44305555555565,182.26666666666677
2021-08-27 17:00:00,142.0,138.93194444444447,2021-08-01,False,124.64930555555559,153.21458333333334,122.0201388888889,155.84375000000006
2021-08-27 18:00:00,143.0,156.9222222222222,2021-08-01,False,142.6395833333333,171.2048611111111,140.01041666666663,173.83402777777775
2021-08-27 19:00:00,127.0,129.60208333333333,2021-08-01,False,115.31944444444444,143.8847222222222,112.69027777777775,146.5138888888889
2021-08-27 20:00:00,108.0,112.52708333333332,2021-08-01,False,98.24444444444444,126.8097222222222,95.61527777777775,129.4388888888889
2021-08-27 21:00:00,107.0,108.91111111111113,2021-08-01,False,94.62847222222224,123.19375000000001,91.99930555555555,125.8229166666667
2021-08-27 22:00:00,96.0,103.37916666666666,2021-08-01,False,89.09652777777778,117.66180555555555,86.46736111111109,120.29097222222224
2021-08-27 23:00:00,102.0,98.39166666666672,2021-08-01,False,84.10902777777784,112.6743055555556,81.47986111111115,115.3034722222223
2021-08-28 00:00:00,72.0,63.81666666666668,2021-08-01,False,49.534027777777794,78.09930555555556,46.9048611111111,80.72847222222225
2021-08-28 01:00:00,104.0,102.31388888888888,2021-08-01,False,88.03125,116.59652777777777,85.40208333333331,119.22569444444446
2021-08-28 02:00:00,111.0,105.58958333333334,2021-08-01,False,91.30694444444445,119.87222222222222,88.67777777777776,122.50138888888891
2021-08-28 03:00:00,102.0,102.38680555555558,2021-08-01,False,88.1041666666667,116.66944444444447,85.47500000000001,119.29861111111116
2021-08-28 04:00:00,103.0,104.20486111111111,2021-08-01,False,89.92222222222223,118.4875,87.29305555555554,121.11666666666669
2021-08-28 05:00:00,87.0,88.96111111111114,2021-08-01,False,74.67847222222225,103.24375000000002,72.04930555555556,105.87291666666671
2021-08-28 06:00:00,98.0,102.61180555555556,2021-08-01,False,88.32916666666668,116.89444444444445,85.69999999999999,119.52361111111114
2021-08-28 07:00:00,66.0,69.02777777777781,2021-08-01,False,54.74513888888893,83.3104166666667,52.11597222222224,85.93958333333339
2021-08-28 08:00:00,35.0,37.08472222222223,2021-08-01,False,22.80208333333335,51.367361111111116,20.17291666666666,53.99652777777781
2021-08-28 09:00:00,36.0,44.14513888888887,2021-08-01,False,29.86249999999999,58.427777777777756,27.2333333333333,61.05694444444445
2021-08-28 10:00:00,38.0,46.24513888888887,2021-08-01,False,31.962499999999984,60.52777777777775,29.333333333333293,63.15694444444444
2021-08-28 11:00:00,37.0,52.02847222222219,2021-08-01,False,37.74583333333331,66.31111111111107,35.11666666666662,68.94027777777777
2021-08-28 12:00:00,38.0,46.16319444444444,2021-08-01,False,31.88055555555556,60.445833333333326,29.25138888888887,63.07500000000002
2021-08-28 13:00:00,38.0,50.65694444444443,2021-08-01,False,36.374305555555544,64.9395833333333,33.74513888888885,67.56875
2021-08-28 14:00:00,38.0,53.70833333333332,2021-08-01,False,39.42569444444444,67.99097222222221,36.79652777777775,70.6201388888889
2021-08-28 15:00:00,38.0,50.88333333333333,2021-08-01,False,36.60069444444445,65.16597222222222,33.97152777777776,67.79513888888891
2021-08-28 16:00:00,46.0,48.2204861111111,2021-08-01,False,33.93784722222222,62.50312499999998,31.308680555555526,65.13229166666667
2021-08-28 17:00:00,22.0,70.99791666666668,2021-08-01,False,56.7152777777778,85.28055555555557,54.08611111111111,87.90972222222226
2021-08-28 18:00:00,0.0,22.0,2021-08-01,True,7.717361111111117,36.28263888888888,20.0,24.0
2021-08-28 19:00:00,0.0,0.0,2021-08-01,True,0.0,14.282638888888883,0.0,2.0
2021-08-28 20:00:00,0.0,0.0,2021-08-01,True,0.0,14.282638888888883,0.0,2.0
2021-08-28 21:00:00,0.0,0.0,2021-08-01,True,0.0,14.282638888888883,0.0,2.0
2021-08-28 22:00:00,0.0,0.0,2021-08-01,True,0.0,14.282638888888883,0.0,2.0
2021-08-28 23:00:00,0.0,0.0,2021-08-01,True,0.0,14.282638888888883,0.0,2.0
2021-08-29 00:00:00,0.0,0.0,2021-08-01,True,0.0,14.282638888888883,0.0,2.0
2021-08-29 01:00:00,0.0,0.0,2021-08-01,True,0.0,14.282638888888883,0.0,2.0
2021-08-29 02:00:00,0.0,0.0,2021-08-01,True,0.0,14.282638888888883,0.0,2.0
2021-08-29 03:00:00,0.0,0.0,2021-08-01,True,0.0,14.282638888888883,0.0,2.0
2021-08-29 04:00:00,0.0,0.0,2021-08-01,True,0.0,14.282638888888883,0.0,2.0
2021-08-29 05:00:00,0.0,0.0,2021-08-01,True,0.0,14.282638888888883,0.0,2.0
2021-08-29 06:00:00,0.0,0.0,2021-08-01,True,0.0,14.282638888888883,0.0,2.0
2021-08-29 07:00:00,0.0,0.0,2021-08-01,True,0.0,14.282638888888883,0.0,2.0
2021-08-29 08:00:00,0.0,0.0,2021-08-01,True,0.0,14.282638888888883,0.0,2.0
2021-08-29 09:00:00,0.0,0.0,2021-08-01,True,0.0,14.282638888888883,0.0,2.0
2021-08-29 10:00:00,0.0,0.0,2021-08-01,True,0.0,14.282638888888883,0.0,2.0
2021-08-29 11:00:00,17.0,0.0,2021-08-01,True,0.0,14.282638888888883,0.0,2.0
2021-08-29 12:00:00,22.0,17.0,2021-08-01,True,2.717361111111117,31.282638888888883,15.0,19.0
2021-08-29 13:00:00,19.0,22.0,2021-08-01,True,7.717361111111117,36.28263888888888,20.0,24.0
2021-08-29 14:00:00,22.0,19.0,2021-08-01,True,4.717361111111117,33.28263888888888,17.0,21.0
2021-08-29 15:00:00,21.0,22.0,2021-08-01,True,7.717361111111117,36.28263888888888,20.0,24.0
2021-08-29 16:00:00,22.0,21.0,2021-08-01,True,6.717361111111117,35.28263888888888,19.0,23.0
2021-08-29 17:00:00,26.0,22.0,2021-08-01,True,7.717361111111117,36.28263888888888,20.0,24.0
2021-08-29 18:00:00,24.0,23.24236111111112,2021-08-01,False,8.959722222222236,37.525000000000006,6.330555555555545,40.1541666666667
2021-08-29 19:00:00,21.0,24.0,2021-08-01,True,9.717361111111117,38.28263888888888,22.0,26.0
2021-08-29 20:00:00,20.0,21.0,2021-08-01,True,6.717361111111117,35.28263888888888,19.0,23.0
2021-08-29 21:00:00,20.0,20.0,2021-08-01,True,5.717361111111117,34.28263888888888,18.0,22.0
2021-08-29 22:00:00,22.0,20.0,2021-08-01,True,5.717361111111117,34.28263888888888,18.0,22.0
2021-08-29 23:00:00,20.0,22.0,2021-08-01,True,7.717361111111117,36.28263888888888,20.0,24.0
2021-08-30 00:00:00,20.0,20.0,2021-08-01,True,5.717361111111117,34.28263888888888,18.0,22.0
2021-08-30 01:00:00,21.0,20.0,2021-08-01,True,5.717361111111117,34.28263888888888,18.0,22.0
2021-08-30 02:00:00,21.0,21.0,2021-08-01,True,6.717361111111117,35.28263888888888,19.0,23.0
2021-08-30 03:00:00,20.0,21.0,2021-08-01,True,6.717361111111117,35.28263888888888,19.0,23.0
2021-08-30 04:00:00,20.0,20.0,2021-08-01,True,5.717361111111117,34.28263888888888,18.0,22.0
2021-08-30 05:00:00,20.0,20.0,2021-08-01,True,5.717361111111117,34.28263888888888,18.0,22.0
2021-08-30 06:00:00,21.0,20.0,2021-08-01,True,5.717361111111117,34.28263888888888,18.0,22.0
2021-08-30 07:00:00,52.0,21.0,2021-08-01,True,6.717361111111117,35.28263888888888,19.0,23.0
2021-08-30 08:00:00,167.0,165.40208333333337,2021-08-01,False,151.11944444444447,179.68472222222226,148.4902777777778,182.31388888888893
2021-08-30 09:00:00,170.0,176.4659722222222,2021-08-01,False,162.18333333333334,190.74861111111107,159.55416666666662,193.3777777777778
2021-08-30 10:00:00,171.0,172.6305555555555,2021-08-01,False,158.3479166666666,186.9131944444444,155.71874999999994,189.54236111111106
2021-08-30 11:00:00,171.0,176.63749999999996,2021-08-01,False,162.35486111111106,190.92013888888886,159.7256944444444,193.54930555555552
2021-08-30 12:00:00,114.0,108.02638888888887,2021-08-01,False,93.74374999999999,122.30902777777776,91.1145833333333,124.93819444444445
2021-08-30 13:00:00,172.0,177.15277777777777,2021-08-01,False,162.8701388888889,191.43541666666664,160.24097222222218,194.06458333333336
2021-08-30 14:00:00,171.0,172.42777777777775,2021-08-01,False,158.14513888888888,186.71041666666662,155.51597222222216,189.33958333333334
2021-08-30 15:00:00,160.0,163.1708333333333,2021-08-01,False,148.88819444444442,177.45347222222216,146.2590277777777,180.08263888888888
2021-08-30 16:00:00,170.0,164.47430555555556,2021-08-01,False,150.19166666666666,178.75694444444446,147.5625,181.38611111111112
2021-08-30 17:00:00,140.0,138.53263888888884,2021-08-01,False,124.24999999999996,152.81527777777774,121.62083333333327,155.4444444444444
2021-08-30 18:00:00,168.0,160.21527777777783,2021-08-01,False,145.93263888888896,174.4979166666667,143.30347222222224,177.12708333333342
2021-08-30 19:00:00,144.0,146.46006944444446,2021-08-01,False,132.1774305555556,160.74270833333333,129.54826388888887,163.37187500000005
2021-08-30 20:00:00,128.0,120.8215277777778,2021-08-01,False,106.53888888888892,135.10416666666669,103.90972222222223,137.73333333333338
2021-08-30 21:00:00,129.0,121.32083333333334,2021-08-01,False,107.03819444444446,135.60347222222222,104.40902777777777,138.2326388888889
2021-08-30 22:00:00,116.0,114.18333333333334,2021-08-01,False,99.90069444444445,128.4659722222222,97.27152777777776,131.09513888888893
2021-08-30 23:00:00,105.0,106.55902777777776,2021-08-01,False,92.27638888888887,120.84166666666664,89.64722222222218,123.47083333333333
2021-08-31 00:00:00,73.0,70.87361111111112,2021-08-01,False,56.590972222222234,85.15625,53.96180555555554,87.78541666666669
2021-08-31 01:00:00,106.0,104.85972222222222,2021-08-01,False,90.57708333333333,119.1423611111111,87.94791666666664,121.77152777777779
2021-08-31 02:00:00,108.0,105.20972222222218,2021-08-01,False,90.9270833333333,119.49236111111107,88.29791666666661,122.12152777777776
2021-08-31 03:00:00,101.0,102.6902777777778,2021-08-01,False,88.40763888888891,116.97291666666668,85.77847222222222,119.60208333333337
2021-08-31 04:00:00,110.0,103.60555555555554,2021-08-01,False,89.32291666666666,117.88819444444442,86.69374999999997,120.51736111111111
2021-08-31 05:00:00,93.0,91.55625,2021-08-01,False,77.27361111111112,105.83888888888889,74.64444444444443,108.46805555555558
2021-08-31 06:00:00,113.0,107.34027777777776,2021-08-01,False,93.05763888888887,121.62291666666664,90.42847222222218,124.25208333333333
2021-08-31 07:00:00,123.0,132.35694444444442,2021-08-01,False,118.07430555555554,146.6395833333333,115.44513888888885,149.26875
2021-08-31 08:00:00,167.0,183.0131944444444,2021-08-01,False,168.7305555555555,197.2958333333333,166.10138888888883,199.92499999999995
2021-08-31 09:00:00,169.0,174.8076388888889,2021-08-01,False,160.52500000000003,189.09027777777777,157.89583333333331,191.7194444444445
2021-08-31 10:00:00,176.0,178.02708333333328,2021-08-01,False,163.7444444444444,192.30972222222215,161.1152777777777,194.93888888888887
2021-08-31 11:00:00,165.0,181.5618055555555,2021-08-01,False,167.27916666666664,195.84444444444438,164.64999999999992,198.4736111111111
2021-08-31 12:00:00,112.0,104.08402777777776,2021-08-01,False,89.80138888888888,118.36666666666665,87.17222222222219,120.99583333333334
2021-08-31 13:00:00,174.0,178.01458333333332,2021-08-01,False,163.73194444444442,192.29722222222222,161.10277777777776,194.92638888888888
2021-08-31 14:00:00,182.0,176.40069444444438,2021-08-01,False,162.1180555555555,190.68333333333328,159.48888888888882,193.31249999999994
2021-08-31 15:00:00,157.0,166.02499999999998,2021-08-01,False,151.7423611111111,180.30763888888885,149.1131944444444,182.93680555555557
2021-08-31 16:00:00,167.0,168.8145833333333,2021-08-01,False,154.53194444444443,183.09722222222217,151.90277777777771,185.7263888888889
2021-08-31 17:00:00,125.0,135.9520833333333,2021-08-01,False,121.66944444444441,150.23472222222216,119.04027777777772,152.86388888888888
2021-08-31 18:00:00,156.0,150.40694444444443,2021-08-01,False,136.12430555555557,164.6895833333333,133.49513888888885,167.31875000000002
2021-08-31 19:00:00,148.0,143.47638888888883,2021-08-01,False,129.19374999999997,157.7590277777777,126.56458333333326,160.38819444444442
2021-08-31 20:00:00,147.0,131.15902777777777,2021-08-01,False,116.87638888888888,145.44166666666666,114.24722222222219,148.07083333333333
2021-08-31 21:00:00,131.0,128.2659722222222,2021-08-01,False,113.9833333333333,142.5486111111111,111.35416666666661,145.17777777777775
2021-08-31 22:00:00,119.0,118.06111111111112,2021-08-01,False,103.77847222222223,132.34375,101.14930555555554,134.9729166666667
2021-08-31 23:00:00,112.0,107.37777777777778,2021-08-01,False,93.0951388888889,121.66041666666666,90.4659722222222,124.28958333333335
2021-09-01 00:00:00,74.0,78.11180555555556,2021-09-01,False,63.80208333333334,92.42152777777778,59.896527777777806,96.32708333333332
2021-09-01 01:00:00,109.0,106.04999999999995,2021-09-01,False,91.74027777777773,120.35972222222217,87.8347222222222,124.26527777777771
2021-09-01 02:00:00,114.0,110.4722222222222,2021-09-01,False,96.16249999999998,124.78194444444442,92.25694444444444,128.68749999999994
2021-09-01 03:00:00,99.0,105.64791666666667,2021-09-01,False,91.33819444444445,119.9576388888889,87.43263888888892,123.86319444444443
2021-09-01 04:00:00,115.0,107.14513888888888,2021-09-01,False,92.83541666666666,121.4548611111111,88.92986111111112,125.36041666666664
2021-09-01 05:00:00,92.0,97.52916666666668,2021-09-01,False,83.21944444444446,111.8388888888889,79.31388888888893,115.74444444444444
2021-09-01 06:00:00,116.0,111.23402777777775,2021-09-01,False,96.92430555555553,125.54374999999997,93.01875,129.4493055555555
2021-09-01 07:00:00,124.0,133.49583333333334,2021-09-01,False,119.18611111111112,147.80555555555554,115.28055555555558,151.7111111111111
2021-09-01 08:00:00,180.0,173.78958333333335,2021-09-01,False,159.47986111111112,188.0993055555556,155.5743055555556,192.0048611111111
2021-09-01 09:00:00,182.0,181.80000000000004,2021-09-01,False,167.4902777777778,196.10972222222227,163.5847222222223,200.01527777777778
2021-09-01 10:00:00,185.0,174.19236111111113,2021-09-01,False,159.8826388888889,188.50208333333336,155.97708333333338,192.40763888888887
2021-09-01 11:00:00,174.0,183.025,2021-09-01,False,168.71527777777777,197.33472222222224,164.80972222222226,201.24027777777775
2021-09-01 12:00:00,117.0,107.14722222222224,2021-09-01,False,92.83750000000002,121.45694444444446,88.93194444444448,125.3625
2021-09-01 13:00:00,182.0,176.31388888888893,2021-09-01,False,162.00416666666672,190.62361111111113,158.09861111111115,194.5291666666667
2021-09-01 14:00:00,184.0,178.21249999999998,2021-09-01,False,163.90277777777777,192.52222222222218,159.9972222222222,196.42777777777775
2021-09-01 15:00:00,173.0,168.52222222222227,2021-09-01,False,154.21250000000003,182.8319444444445,150.30694444444453,186.7375
2021-09-01 16:00:00,176.0,169.72222222222226,2021-09-01,False,155.41250000000002,184.0319444444445,151.5069444444445,187.9375
2021-09-01 17:00:00,139.0,140.66458333333335,2021-09-01,False,126.35486111111113,154.9743055555556,122.4493055555556,158.8798611111111
2021-09-01 18:00:00,163.0,164.588888888889,2021-09-01,False,150.27916666666675,178.89861111111122,146.37361111111125,182.80416666666673
2021-09-01 19:00:00,152.0,149.37986111111113,2021-09-01,False,135.0701388888889,163.68958333333336,131.16458333333338,167.59513888888887
2021-09-01 20:00:00,129.0,122.42708333333334,2021-09-01,False,108.11736111111112,136.73680555555558,104.21180555555559,140.6423611111111
2021-09-01 21:00:00,131.0,125.8777777777778,2021-09-01,False,111.56805555555557,140.1875,107.66250000000004,144.09305555555557
2021-09-01 22:00:00,119.0,117.31041666666668,2021-09-01,False,103.00069444444446,131.6201388888889,99.09513888888893,135.52569444444444
2021-09-01 23:00:00,114.0,110.57013888888888,2021-09-01,False,96.26041666666666,124.8798611111111,92.35486111111112,128.78541666666663
2021-09-02 00:00:00,79.0,77.8736111111111,2021-09-01,False,63.56388888888888,92.18333333333332,59.658333333333346,96.08888888888886
2021-09-02 01:00:00,112.0,108.59999999999998,2021-09-01,False,94.29027777777776,122.9097222222222,90.38472222222222,126.81527777777774
2021-09-02 02:00:00,114.0,112.57083333333335,2021-09-01,False,98.26111111111113,126.88055555555557,94.3555555555556,130.7861111111111
2021-09-02 03:00:00,106.0,105.42916666666665,2021-09-01,False,91.11944444444443,119.73888888888887,87.21388888888889,123.6444444444444
2021-09-02 04:00:00,114.0,111.19652777777776,2021-09-01,False,96.88680555555554,125.50624999999998,92.98125,129.41180555555553
2021-09-02 05:00:00,93.0,96.3916666666667,2021-09-01,False,82.08194444444447,110.70138888888891,78.17638888888894,114.60694444444445
2021-09-02 06:00:00,115.0,111.69444444444444,2021-09-01,False,97.38472222222222,126.00416666666666,93.47916666666669,129.9097222222222
2021-09-02 07:00:00,141.0,134.15208333333334,2021-09-01,False,119.84236111111112,148.46180555555554,115.93680555555558,152.3673611111111
2021-09-02 08:00:00,166.0,175.6263888888889,2021-09-01,False,161.31666666666666,189.93611111111113,157.41111111111115,193.84166666666664
2021-09-02 09:00:00,184.0,171.1833333333333,2021-09-01,False,156.87361111111107,185.49305555555554,152.96805555555557,189.39861111111105
2021-09-02 10:00:00,179.0,182.75416666666663,2021-09-01,False,168.4444444444444,197.06388888888887,164.5388888888889,200.96944444444438
2021-09-02 11:00:00,182.0,178.45277777777775,2021-09-01,False,164.14305555555552,192.7625,160.2375,196.6680555555555
2021-09-02 12:00:00,112.0,114.91875,2021-09-01,False,100.60902777777778,129.22847222222222,96.70347222222225,133.13402777777776
2021-09-02 13:00:00,174.0,176.7131944444444,2021-09-01,False,162.4034722222222,191.02291666666662,158.49791666666664,194.92847222222218
2021-09-02 14:00:00,192.0,176.2388888888889,2021-09-01,False,161.92916666666667,190.54861111111114,158.02361111111117,194.45416666666665
2021-09-02 15:00:00,170.0,174.53055555555557,2021-09-01,False,160.22083333333336,188.84027777777777,156.3152777777778,192.74583333333334
2021-09-02 16:00:00,174.0,169.91180555555553,2021-09-01,False,155.60208333333333,184.22152777777774,151.69652777777776,188.1270833333333
2021-09-02 17:00:00,132.0,139.35625,2021-09-01,False,125.04652777777777,153.6659722222222,121.14097222222223,157.57152777777776
2021-09-02 18:00:00,159.0,158.06874999999997,2021-09-01,False,143.75902777777776,172.37847222222217,139.8534722222222,176.28402777777774
2021-09-02 19:00:00,161.0,153.07847222222216,2021-09-01,False,138.76874999999995,167.38819444444437,134.8631944444444,171.29374999999993
2021-09-02 20:00:00,132.0,133.11111111111111,2021-09-01,False,118.8013888888889,147.42083333333335,114.89583333333336,151.32638888888886
2021-09-02 21:00:00,131.0,122.98194444444448,2021-09-01,False,108.67222222222226,137.29166666666669,104.76666666666672,141.19722222222225
2021-09-02 22:00:00,114.0,118.52152777777776,2021-09-01,False,104.21180555555554,132.83124999999998,100.30625,136.73680555555552
2021-09-02 23:00:00,119.0,112.00208333333332,2021-09-01,False,97.6923611111111,126.31180555555554,93.78680555555556,130.21736111111107
2021-09-03 00:00:00,69.0,79.7152777777778,2021-09-01,False,65.40555555555558,94.02500000000002,61.50000000000004,97.93055555555556
2021-09-03 01:00:00,109.0,108.63263888888882,2021-09-01,False,94.3229166666666,122.94236111111104,90.41736111111106,126.84791666666658
2021-09-03 02:00:00,112.0,113.54027777777782,2021-09-01,False,99.2305555555556,127.85000000000004,95.32500000000006,131.7555555555556
2021-09-03 03:00:00,110.0,106.05416666666665,2021-09-01,False,91.74444444444443,120.36388888888887,87.83888888888889,124.2694444444444
2021-09-03 04:00:00,107.0,111.5875,2021-09-01,False,97.27777777777779,125.89722222222223,93.37222222222225,129.80277777777775
2021-09-03 05:00:00,93.0,91.94791666666664,2021-09-01,False,77.63819444444442,106.25763888888886,73.73263888888889,110.1631944444444
2021-09-03 06:00:00,107.0,110.49652777777776,2021-09-01,False,96.18680555555554,124.80624999999998,92.28125,128.71180555555551
2021-09-03 07:00:00,134.0,126.07916666666668,2021-09-01,False,111.76944444444446,140.3888888888889,107.86388888888892,144.29444444444442
2021-09-03 08:00:00,170.0,175.4486111111111,2021-09-01,False,161.13888888888886,189.75833333333333,157.23333333333335,193.66388888888883
2021-09-03 09:00:00,171.0,173.7652777777778,2021-09-01,False,159.45555555555558,188.07500000000005,155.55000000000007,191.98055555555555
2021-09-03 10:00:00,163.0,172.09722222222223,2021-09-01,False,157.78750000000002,186.40694444444443,153.88194444444446,190.3125
2021-09-03 11:00:00,187.0,174.71944444444446,2021-09-01,False,160.40972222222223,189.0291666666667,156.50416666666672,192.9347222222222
2021-09-03 12:00:00,108.0,113.93958333333336,2021-09-01,False,99.62986111111114,128.24930555555557,95.7243055555556,132.15486111111113
2021-09-03 13:00:00,169.0,177.97847222222222,2021-09-01,False,163.66875,192.28819444444446,159.76319444444448,196.19374999999997
2021-09-03 14:00:00,178.0,177.29375,2021-09-01,False,162.98402777777778,191.6034722222222,159.07847222222222,195.50902777777776
2021-09-03 15:00:00,154.0,164.23680555555558,2021-09-01,False,149.92708333333337,178.54652777777778,146.0215277777778,182.45208333333335
2021-09-03 16:00:00,161.0,163.86458333333331,2021-09-01,False,149.5548611111111,178.17430555555552,145.64930555555554,182.0798611111111
2021-09-03 17:00:00,147.0,141.7805555555556,2021-09-01,False,127.47083333333337,156.09027777777783,123.56527777777784,159.99583333333334
2021-09-03 18:00:00,154.0,157.43402777777777,2021-09-01,False,143.12430555555557,171.74374999999998,139.21875,175.64930555555554
2021-09-03 19:00:00,143.0,137.09375,2021-09-01,False,122.78402777777778,151.4034722222222,118.87847222222224,155.30902777777777
2021-09-03 20:00:00,115.0,115.83124999999998,2021-09-01,False,101.52152777777776,130.14097222222222,97.61597222222223,134.04652777777773
2021-09-03 21:00:00,110.0,113.21527777777776,2021-09-01,False,98.90555555555554,127.52499999999998,95.0,131.43055555555551
2021-09-03 22:00:00,105.0,104.87013888888887,2021-09-01,False,90.56041666666665,119.1798611111111,86.65486111111112,123.08541666666663
2021-09-03 23:00:00,101.0,106.0972222222222,2021-09-01,False,91.78749999999998,120.40694444444442,87.88194444444444,124.31249999999996
2021-09-04 00:00:00,64.0,66.49444444444444,2021-09-01,False,52.18472222222222,80.80416666666666,48.27916666666668,84.7097222222222
2021-09-04 01:00:00,106.0,102.66249999999997,2021-09-01,False,88.35277777777775,116.97222222222219,84.44722222222221,120.87777777777772
2021-09-04 02:00:00,104.0,108.3159722222222,2021-09-01,False,94.00624999999998,122.62569444444442,90.10069444444444,126.53124999999996
2021-09-04 03:00:00,98.0,104.32291666666666,2021-09-01,False,90.01319444444444,118.63263888888888,86.1076388888889,122.53819444444441
2021-09-04 04:00:00,109.0,103.96666666666668,2021-09-01,False,89.65694444444446,118.2763888888889,85.75138888888893,122.18194444444444
2021-09-04 05:00:00,88.0,91.92847222222224,2021-09-01,False,77.61875000000002,106.23819444444446,73.71319444444448,110.14375
2021-09-04 06:00:00,111.0,102.85694444444442,2021-09-01,False,88.5472222222222,117.16666666666664,84.64166666666667,121.07222222222218
2021-09-04 07:00:00,70.0,75.52222222222223,2021-09-01,False,61.212500000000006,89.83194444444445,57.30694444444447,93.73749999999998
2021-09-04 08:00:00,33.0,37.57291666666668,2021-09-01,False,23.26319444444446,51.8826388888889,19.35763888888892,55.788194444444436
2021-09-04 09:00:00,32.0,36.95486111111111,2021-09-01,False,22.645138888888887,51.26458333333333,18.73958333333335,55.170138888888864
2021-09-04 10:00:00,34.0,35.090972222222234,2021-09-01,False,20.781250000000014,49.400694444444454,16.875694444444477,53.30624999999999
2021-09-04 11:00:00,32.0,36.46736111111112,2021-09-01,False,22.157638888888897,50.77708333333334,18.25208333333336,54.682638888888874
2021-09-04 12:00:00,33.0,35.97430555555557,2021-09-01,False,21.664583333333347,50.28402777777779,17.75902777777781,54.189583333333324
2021-09-04 13:00:00,34.0,37.00486111111112,2021-09-01,False,22.6951388888889,51.31458333333334,18.78958333333336,55.220138888888876
2021-09-04 14:00:00,34.0,38.76805555555556,2021-09-01,False,24.458333333333343,53.07777777777778,20.552777777777806,56.98333333333332
2021-09-04 15:00:00,33.0,38.42361111111112,2021-09-01,False,24.1138888888889,52.73333333333334,20.208333333333364,56.63888888888888
2021-09-04 16:00:00,36.0,38.687152777777776,2021-09-01,False,24.377430555555556,52.996874999999996,20.47187500000002,56.90243055555553
2021-09-04 17:00:00,35.0,40.58958333333332,2021-09-01,False,26.279861111111103,54.89930555555554,22.374305555555566,58.80486111111108
2021-09-04 18:00:00,26.0,36.426388888888894,2021-09-01,False,22.116666666666674,50.736111111111114,18.211111111111137,54.64166666666665
2021-09-04 19:00:00,23.0,27.574999999999992,2021-09-01,False,13.265277777777772,41.88472222222221,9.359722222222235,45.790277777777746
2021-09-04 20:00:00,25.0,23.0,2021-09-01,True,8.69027777777778,37.30972222222222,21.0,25.0
2021-09-04 21:00:00,23.0,25.0,2021-09-01,True,10.69027777777778,39.30972222222222,23.0,27.0
2021-09-04 22:00:00,23.0,23.0,2021-09-01,True,8.69027777777778,37.30972222222222,21.0,25.0
2021-09-04 23:00:00,23.0,23.0,2021-09-01,True,8.69027777777778,37.30972222222222,21.0,25.0
2021-09-05 00:00:00,24.0,23.0,2021-09-01,True,8.69027777777778,37.30972222222222,21.0,25.0
2021-09-05 01:00:00,22.0,24.0,2021-09-01,True,9.69027777777778,38.30972222222222,22.0,26.0
2021-09-05 02:00:00,22.0,22.0,2021-09-01,True,7.69027777777778,36.30972222222222,20.0,24.0
2021-09-05 03:00:00,22.0,22.0,2021-09-01,True,7.69027777777778,36.30972222222222,20.0,24.0
2021-09-05 04:00:00,24.0,22.0,2021-09-01,True,7.69027777777778,36.30972222222222,20.0,24.0
2021-09-05 05:00:00,22.0,24.0,2021-09-01,True,9.69027777777778,38.30972222222222,22.0,26.0
2021-09-05 06:00:00,22.0,22.0,2021-09-01,True,7.69027777777778,36.30972222222222,20.0,24.0
2021-09-05 07:00:00,22.0,22.0,2021-09-01,True,7.69027777777778,36.30972222222222,20.0,24.0
2021-09-05 08:00:00,25.0,22.0,2021-09-01,True,7.69027777777778,36.30972222222222,20.0,24.0
2021-09-05 09:00:00,22.0,25.0,2021-09-01,True,10.69027777777778,39.30972222222222,23.0,27.0
2021-09-05 10:00:00,22.0,22.0,2021-09-01,True,7.69027777777778,36.30972222222222,20.0,24.0
2021-09-05 11:00:00,22.0,22.0,2021-09-01,True,7.69027777777778,36.30972222222222,20.0,24.0
2021-09-05 12:00:00,24.0,22.0,2021-09-01,True,7.69027777777778,36.30972222222222,20.0,24.0
2021-09-05 13:00:00,22.0,24.0,2021-09-01,True,9.69027777777778,38.30972222222222,22.0,26.0
2021-09-05 14:00:00,23.0,22.0,2021-09-01,True,7.69027777777778,36.30972222222222,20.0,24.0
2021-09-05 15:00:00,24.0,23.0,2021-09-01,True,8.69027777777778,37.30972222222222,21.0,25.0
2021-09-05 16:00:00,23.0,24.0,2021-09-01,True,9.69027777777778,38.30972222222222,22.0,26.0
2021-09-05 17:00:00,23.0,23.0,2021-09-01,True,8.69027777777778,37.30972222222222,21.0,25.0
2021-09-05 18:00:00,22.0,23.0,2021-09-01,True,8.69027777777778,37.30972222222222,21.0,25.0
2021-09-05 19:00:00,24.0,22.0,2021-09-01,True,7.69027777777778,36.30972222222222,20.0,24.0
2021-09-05 20:00:00,23.0,24.0,2021-09-01,True,9.69027777777778,38.30972222222222,22.0,26.0
2021-09-05 21:00:00,23.0,23.0,2021-09-01,True,8.69027777777778,37.30972222222222,21.0,25.0
2021-09-05 22:00:00,24.0,23.0,2021-09-01,True,8.69027777777778,37.30972222222222,21.0,25.0
2021-09-05 23:00:00,23.0,24.0,2021-09-01,True,9.69027777777778,38.30972222222222,22.0,26.0
2021-09-06 00:00:00,22.0,23.0,2021-09-01,True,8.69027777777778,37.30972222222222,21.0,25.0
2021-09-06 01:00:00,22.0,22.0,2021-09-01,True,7.69027777777778,36.30972222222222,20.0,24.0
2021-09-06 02:00:00,24.0,22.0,2021-09-01,True,7.69027777777778,36.30972222222222,20.0,24.0
2021-09-06 03:00:00,22.0,24.0,2021-09-01,True,9.69027777777778,38.30972222222222,22.0,26.0
2021-09-06 04:00:00,22.0,22.0,2021-09-01,True,7.69027777777778,36.30972222222222,20.0,24.0
2021-09-06 05:00:00,23.0,22.0,2021-09-01,True,7.69027777777778,36.30972222222222,20.0,24.0
2021-09-06 06:00:00,24.0,23.0,2021-09-01,True,8.69027777777778,37.30972222222222,21.0,25.0
2021-09-06 07:00:00,52.0,24.0,2021-09-01,True,9.69027777777778,38.30972222222222,22.0,26.0
2021-09-06 08:00:00,171.0,165.86388888888888,2021-09-01,False,151.55416666666667,180.1736111111111,147.6486111111111,184.07916666666665
2021-09-06 09:00:00,157.0,170.86805555555557,2021-09-01,False,156.55833333333334,185.1777777777778,152.65277777777783,189.08333333333331
2021-09-06 10:00:00,171.0,161.35277777777773,2021-09-01,False,147.0430555555555,175.66249999999997,143.1375,179.56805555555547
2021-09-06 11:00:00,176.0,172.7173611111111,2021-09-01,False,158.40763888888887,187.02708333333334,154.50208333333336,190.93263888888885
2021-09-06 12:00:00,109.0,110.72361111111108,2021-09-01,False,96.41388888888886,125.0333333333333,92.50833333333333,128.93888888888884
2021-09-06 13:00:00,160.0,171.09166666666667,2021-09-01,False,156.78194444444443,185.4013888888889,152.87638888888893,189.3069444444444
2021-09-06 14:00:00,160.0,162.02430555555557,2021-09-01,False,147.71458333333334,176.3340277777778,143.80902777777783,180.23958333333331
2021-09-06 15:00:00,158.0,152.29166666666669,2021-09-01,False,137.98194444444448,166.6013888888889,134.0763888888889,170.50694444444446
2021-09-06 16:00:00,146.0,157.88888888888894,2021-09-01,False,143.5791666666667,172.19861111111118,139.6736111111112,176.10416666666669
2021-09-06 17:00:00,128.0,126.30555555555556,2021-09-01,False,111.99583333333334,140.61527777777778,108.0902777777778,144.52083333333331
2021-09-06 18:00:00,152.0,145.6673611111111,2021-09-01,False,131.35763888888886,159.97708333333333,127.45208333333333,163.88263888888883
2021-09-06 19:00:00,135.0,139.4173611111111,2021-09-01,False,125.10763888888887,153.72708333333333,121.20208333333333,157.63263888888883
2021-09-06 20:00:00,121.0,119.10347222222224,2021-09-01,False,104.79375000000002,133.41319444444446,100.88819444444448,137.31875
2021-09-06 21:00:00,123.0,115.31736111111108,2021-09-01,False,101.00763888888886,129.6270833333333,97.10208333333333,133.53263888888884
2021-09-06 22:00:00,110.0,112.1944444444444,2021-09-01,False,97.88472222222218,126.50416666666662,93.97916666666664,130.40972222222217
2021-09-06 23:00:00,104.0,101.61388888888888,2021-09-01,False,87.30416666666666,115.9236111111111,83.39861111111112,119.82916666666664
2021-09-07 00:00:00,72.0,68.22500000000001,2021-09-01,False,53.91527777777779,82.53472222222223,50.00972222222225,86.44027777777777
2021-09-07 01:00:00,109.0,104.6472222222222,2021-09-01,False,90.33749999999998,118.95694444444442,86.43194444444444,122.86249999999995
2021-09-07 02:00:00,111.0,111.5423611111111,2021-09-01,False,97.23263888888889,125.85208333333333,93.32708333333335,129.75763888888886
2021-09-07 03:00:00,109.0,104.44062500000004,2021-09-01,False,90.13090277777782,118.75034722222226,86.22534722222228,122.6559027777778
2021-09-07 04:00:00,109.0,104.5208333333333,2021-09-01,False,90.21111111111108,118.83055555555552,86.30555555555554,122.73611111111106
2021-09-07 05:00:00,96.0,99.6284722222222,2021-09-01,False,85.31874999999998,113.93819444444442,81.41319444444444,117.84374999999996
2021-09-07 06:00:00,115.0,110.99166666666666,2021-09-01,False,96.68194444444444,125.30138888888888,92.7763888888889,129.20694444444442
2021-09-07 07:00:00,140.0,133.5760416666667,2021-09-01,False,119.26631944444448,147.8857638888889,115.36076388888894,151.79131944444447
2021-09-07 08:00:00,173.0,172.55972222222223,2021-09-01,False,158.25,186.86944444444447,154.3444444444445,190.77499999999998
2021-09-07 09:00:00,170.0,173.77222222222227,2021-09-01,False,159.46250000000003,188.0819444444445,155.55694444444453,191.9875
2021-09-07 10:00:00,164.0,165.98472222222216,2021-09-01,False,151.67499999999995,180.29444444444437,147.7694444444444,184.19999999999993
2021-09-07 11:00:00,174.0,173.64097222222227,2021-09-01,False,159.33125000000007,187.95069444444448,155.4256944444445,191.85625000000005
2021-09-07 12:00:00,116.0,110.20208333333328,2021-09-01,False,95.89236111111106,124.5118055555555,91.98680555555552,128.41736111111103
2021-09-07 13:00:00,181.0,170.47916666666666,2021-09-01,False,156.16944444444442,184.7888888888889,152.2638888888889,188.6944444444444
2021-09-07 14:00:00,182.0,169.55972222222223,2021-09-01,False,155.25,183.86944444444447,151.3444444444445,187.77499999999998
2021-09-07 15:00:00,166.0,169.46388888888893,2021-09-01,False,155.1541666666667,183.77361111111117,151.2486111111112,187.67916666666667
2021-09-07 16:00:00,160.0,164.78680555555553,2021-09-01,False,150.47708333333333,179.09652777777774,146.57152777777776,183.0020833333333
2021-09-07 17:00:00,135.0,131.82847222222222,2021-09-01,False,117.51875,146.13819444444442,113.61319444444446,150.04375
2021-09-07 18:00:00,156.0,156.01180555555555,2021-09-01,False,141.70208333333335,170.32152777777776,137.79652777777778,174.22708333333333
2021-09-07 19:00:00,152.0,146.1402777777778,2021-09-01,False,131.83055555555558,160.45000000000005,127.92500000000005,164.35555555555555
2021-09-07 20:00:00,134.0,134.65833333333336,2021-09-01,False,120.34861111111114,148.96805555555557,116.4430555555556,152.87361111111113
2021-09-07 21:00:00,131.0,129.49027777777778,2021-09-01,False,115.18055555555556,143.8,111.27500000000002,147.70555555555552
2021-09-07 22:00:00,115.0,119.40625,2021-09-01,False,105.09652777777778,133.7159722222222,101.19097222222224,137.62152777777777
2021-09-07 23:00:00,111.0,107.90902777777778,2021-09-01,False,93.59930555555556,122.21875,89.69375000000002,126.12430555555554
2021-09-08 00:00:00,72.0,73.53958333333335,2021-09-01,False,59.229861111111134,87.84930555555557,55.3243055555556,91.75486111111111
2021-09-08 01:00:00,110.0,107.03611111111108,2021-09-01,False,92.72638888888886,121.3458333333333,88.82083333333333,125.25138888888884
2021-09-08 02:00:00,118.0,111.07013888888886,2021-09-01,False,96.76041666666664,125.37986111111108,92.8548611111111,129.2854166666666
2021-09-08 03:00:00,112.0,111.12291666666668,2021-09-01,False,96.81319444444446,125.4326388888889,92.90763888888893,129.33819444444444
2021-09-08 04:00:00,113.0,111.80625,2021-09-01,False,97.49652777777779,126.11597222222223,93.59097222222225,130.02152777777775
2021-09-08 05:00:00,97.0,96.3638888888889,2021-09-01,False,82.05416666666667,110.67361111111111,78.14861111111114,114.57916666666665
2021-09-08 06:00:00,118.0,111.92916666666667,2021-09-01,False,97.61944444444445,126.2388888888889,93.71388888888892,130.14444444444445
2021-09-08 07:00:00,135.0,137.24375,2021-09-01,False,122.93402777777779,151.55347222222224,119.02847222222225,155.45902777777775
2021-09-08 08:00:00,171.0,172.03541666666663,2021-09-01,False,157.7256944444444,186.34513888888887,153.8201388888889,190.25069444444438
2021-09-08 09:00:00,160.0,171.41388888888886,2021-09-01,False,157.10416666666663,185.7236111111111,153.19861111111112,189.6291666666666
2021-09-08 10:00:00,152.0,161.9701388888889,2021-09-01,False,147.66041666666666,176.27986111111113,143.75486111111115,180.18541666666664
2021-09-08 11:00:00,156.0,172.12708333333333,2021-09-01,False,157.8173611111111,186.43680555555557,153.9118055555556,190.34236111111107
2021-09-08 12:00:00,25.0,109.52777777777776,2021-09-01,False,95.21805555555554,123.83749999999998,91.3125,127.74305555555551
2021-09-08 13:00:00,152.0,111.34166666666673,2021-09-01,False,97.0319444444445,125.65138888888895,93.12638888888897,129.55694444444447
2021-09-08 14:00:00,165.0,162.40624999999997,2021-09-01,False,148.09652777777774,176.7159722222222,144.19097222222223,180.62152777777771
2021-09-08 15:00:00,165.0,148.00000000000003,2021-09-01,False,133.6902777777778,162.30972222222226,129.78472222222229,166.21527777777777
2021-09-08 16:00:00,166.0,157.78333333333336,2021-09-01,False,143.47361111111115,172.09305555555557,139.5680555555556,175.99861111111113
2021-09-08 17:00:00,144.0,134.54305555555553,2021-09-01,False,120.2333333333333,148.85277777777776,116.32777777777777,152.75833333333327
2021-09-08 18:00:00,164.0,160.59375,2021-09-01,False,146.2840277777778,174.9034722222222,142.37847222222223,178.80902777777777
2021-09-08 19:00:00,150.0,147.36111111111114,2021-09-01,False,133.05138888888894,161.67083333333335,129.14583333333337,165.5763888888889
2021-09-08 20:00:00,103.0,115.51180555555555,2021-09-01,False,101.20208333333333,129.82152777777776,97.2965277777778,133.72708333333333
2021-09-08 21:00:00,122.0,111.14513888888892,2021-09-01,False,96.8354166666667,125.45486111111114,92.92986111111117,129.36041666666668
2021-09-08 22:00:00,106.0,113.14305555555556,2021-09-01,False,98.83333333333334,127.45277777777778,94.9277777777778,131.35833333333332
2021-09-08 23:00:00,101.0,102.56111111111112,2021-09-01,False,88.2513888888889,116.87083333333334,84.34583333333336,120.77638888888887
2021-09-09 00:00:00,72.0,70.67569444444442,2021-09-01,False,56.3659722222222,84.98541666666664,52.46041666666666,88.89097222222217
2021-09-09 01:00:00,97.0,106.92499999999995,2021-09-01,False,92.61527777777773,121.23472222222217,88.7097222222222,125.14027777777771
2021-09-09 02:00:00,110.0,105.04930555555552,2021-09-01,False,90.7395833333333,119.35902777777774,86.83402777777776,123.26458333333328
2021-09-09 03:00:00,109.0,106.2701388888889,2021-09-01,False,91.96041666666667,120.57986111111111,88.05486111111114,124.48541666666665
2021-09-09 04:00:00,107.0,108.59305555555557,2021-09-01,False,94.28333333333335,122.90277777777779,90.37777777777781,126.80833333333332
2021-09-09 05:00:00,92.0,91.3902777777778,2021-09-01,False,77.08055555555558,105.70000000000002,73.17500000000004,109.60555555555555
2021-09-09 06:00:00,119.0,109.26666666666664,2021-09-01,False,94.95694444444442,123.57638888888886,91.05138888888888,127.4819444444444
2021-09-09 07:00:00,139.0,133.77361111111117,2021-09-01,False,119.46388888888895,148.08333333333337,115.55833333333341,151.98888888888894
2021-09-09 08:00:00,172.0,170.50694444444449,2021-09-01,False,156.19722222222225,184.81666666666672,152.29166666666674,188.72222222222223
2021-09-09 09:00:00,170.0,171.09861111111115,2021-09-01,False,156.78888888888895,185.40833333333336,152.88333333333338,189.31388888888893
2021-09-09 10:00:00,155.0,161.66805555555555,2021-09-01,False,147.35833333333335,175.97777777777776,143.45277777777778,179.88333333333333
2021-09-09 11:00:00,174.0,169.44513888888892,2021-09-01,False,155.13541666666669,183.75486111111115,151.22986111111118,187.66041666666666
2021-09-09 12:00:00,111.0,109.67083333333328,2021-09-01,False,95.36111111111106,123.9805555555555,91.45555555555552,127.88611111111103
2021-09-09 13:00:00,171.0,168.8604166666666,2021-09-01,False,154.5506944444444,183.1701388888888,150.64513888888882,187.07569444444437
2021-09-09 14:00:00,165.0,170.73749999999993,2021-09-01,False,156.4277777777777,185.04722222222216,152.52222222222218,188.95277777777767
2021-09-09 15:00:00,173.0,158.96527777777777,2021-09-01,False,144.65555555555557,173.27499999999998,140.75,177.18055555555554
2021-09-09 16:00:00,160.0,165.7444444444444,2021-09-01,False,151.4347222222222,180.05416666666662,147.52916666666664,183.95972222222218
2021-09-09 17:00:00,140.0,139.4027777777778,2021-09-01,False,125.09305555555558,153.71250000000003,121.18750000000004,157.61805555555554
2021-09-09 18:00:00,162.0,158.375,2021-09-01,False,144.0652777777778,172.6847222222222,140.15972222222223,176.59027777777777
2021-09-09 19:00:00,142.0,153.20625000000004,2021-09-01,False,138.8965277777778,167.51597222222227,134.9909722222223,171.42152777777778
2021-09-09 20:00:00,128.0,119.30416666666672,2021-09-01,False,104.9944444444445,133.61388888888894,101.08888888888896,137.51944444444447
2021-09-09 21:00:00,128.0,124.21319444444444,2021-09-01,False,109.90347222222222,138.52291666666667,105.99791666666668,142.42847222222218
2021-09-09 22:00:00,109.0,117.47847222222224,2021-09-01,False,103.16875000000002,131.78819444444446,99.26319444444448,135.69375
2021-09-09 23:00:00,109.0,103.43541666666664,2021-09-01,False,89.12569444444442,117.74513888888886,85.22013888888888,121.6506944444444
2021-09-10 00:00:00,77.0,72.6513888888889,2021-09-01,False,58.34166666666668,86.96111111111112,54.436111111111146,90.86666666666666
2021-09-10 01:00:00,102.0,105.06874999999998,2021-09-01,False,90.75902777777776,119.3784722222222,86.85347222222222,123.28402777777774
2021-09-10 02:00:00,112.0,109.02847222222223,2021-09-01,False,94.71875000000001,123.33819444444445,90.81319444444448,127.24374999999999
2021-09-10 03:00:00,106.0,102.01180555555555,2021-09-01,False,87.70208333333333,116.32152777777777,83.7965277777778,120.22708333333331
2021-09-10 04:00:00,108.0,107.36180555555556,2021-09-01,False,93.05208333333334,121.67152777777778,89.1465277777778,125.57708333333332
2021-09-10 05:00:00,92.0,91.07708333333336,2021-09-01,False,76.76736111111114,105.38680555555558,72.8618055555556,109.29236111111112
2021-09-10 06:00:00,111.0,109.87499999999996,2021-09-01,False,95.56527777777774,124.18472222222218,91.6597222222222,128.09027777777771
2021-09-10 07:00:00,132.0,130.7986111111111,2021-09-01,False,116.48888888888887,145.1083333333333,112.58333333333333,149.01388888888886
2021-09-10 08:00:00,180.0,174.8763888888889,2021-09-01,False,160.56666666666666,189.18611111111113,156.66111111111115,193.09166666666664
2021-09-10 09:00:00,184.0,177.48055555555567,2021-09-01,False,163.17083333333346,191.79027777777787,159.2652777777779,195.69583333333344
2021-09-10 10:00:00,168.0,175.82638888888886,2021-09-01,False,161.51666666666665,190.13611111111106,157.6111111111111,194.04166666666663
2021-09-10 11:00:00,181.0,175.8277777777778,2021-09-01,False,161.51805555555558,190.13750000000005,157.61250000000007,194.04305555555555
2021-09-10 12:00:00,116.0,113.15069444444448,2021-09-01,False,98.84097222222226,127.4604166666667,94.93541666666673,131.36597222222224
2021-09-10 13:00:00,180.0,175.51805555555555,2021-09-01,False,161.20833333333331,189.82777777777778,157.3027777777778,193.7333333333333
2021-09-10 14:00:00,178.0,178.40625000000006,2021-09-01,False,164.09652777777785,192.71597222222226,160.19097222222229,196.62152777777783
2021-09-10 15:00:00,171.0,165.7527777777778,2021-09-01,False,151.4430555555556,180.0625,147.53750000000002,183.96805555555557
2021-09-10 16:00:00,164.0,169.95416666666662,2021-09-01,False,155.6444444444444,184.26388888888886,151.73888888888888,188.16944444444437
2021-09-10 17:00:00,138.0,143.20416666666668,2021-09-01,False,128.89444444444445,157.5138888888889,124.98888888888892,161.41944444444442
2021-09-10 18:00:00,155.0,155.9145833333333,2021-09-01,False,141.60486111111106,170.22430555555553,137.69930555555555,174.12986111111104
2021-09-10 19:00:00,142.0,144.76666666666668,2021-09-01,False,130.45694444444445,159.0763888888889,126.55138888888892,162.98194444444442
2021-09-10 20:00:00,116.0,122.30694444444444,2021-09-01,False,107.99722222222222,136.61666666666667,104.09166666666668,140.52222222222218
2021-09-10 21:00:00,117.0,116.52847222222223,2021-09-01,False,102.21875000000001,130.83819444444447,98.31319444444448,134.74374999999998
2021-09-10 22:00:00,102.0,108.34999999999998,2021-09-01,False,94.04027777777776,122.6597222222222,90.13472222222222,126.56527777777774
2021-09-10 23:00:00,88.0,101.08125,2021-09-01,False,86.77152777777778,115.39097222222222,82.86597222222224,119.29652777777775
2021-09-11 00:00:00,61.0,65.17708333333333,2021-09-01,False,50.86736111111111,79.48680555555555,46.96180555555557,83.39236111111109
2021-09-11 01:00:00,97.0,97.48888888888892,2021-09-01,False,83.1791666666667,111.79861111111114,79.27361111111117,115.70416666666668
2021-09-11 02:00:00,95.0,104.57083333333335,2021-09-01,False,90.26111111111113,118.88055555555557,86.3555555555556,122.78611111111111
2021-09-11 03:00:00,94.0,98.92222222222225,2021-09-01,False,84.61250000000003,113.23194444444447,80.70694444444449,117.1375
2021-09-11 04:00:00,89.0,103.74791666666668,2021-09-01,False,89.43819444444446,118.0576388888889,85.53263888888893,121.96319444444444
2021-09-11 05:00:00,82.0,82.77708333333331,2021-09-01,False,68.46736111111109,97.08680555555553,64.56180555555555,100.99236111111107
2021-09-11 06:00:00,86.0,100.29513888888884,2021-09-01,False,85.98541666666662,114.60486111111106,82.07986111111109,118.5104166666666
2021-09-11 07:00:00,51.0,62.94791666666667,2021-09-01,False,48.63819444444445,77.25763888888889,44.732638888888914,81.16319444444443
2021-09-11 08:00:00,23.0,31.502777777777787,2021-09-01,False,17.193055555555567,45.81250000000001,13.28750000000003,49.718055555555544
2021-09-11 09:00:00,23.0,25.577083333333327,2021-09-01,False,11.267361111111107,39.88680555555555,7.36180555555557,43.792361111111084
2021-09-11 10:00:00,22.0,25.33055555555556,2021-09-01,False,11.02083333333334,39.64027777777778,7.115277777777802,43.54583333333332
2021-09-11 11:00:00,23.0,25.15000000000001,2021-09-01,False,10.84027777777779,39.459722222222226,6.934722222222252,43.36527777777776
2021-09-11 12:00:00,25.0,26.51666666666667,2021-09-01,False,12.20694444444445,40.826388888888886,8.301388888888912,44.73194444444442
2021-09-11 13:00:00,23.0,29.081250000000004,2021-09-01,False,14.771527777777784,43.390972222222224,10.865972222222247,47.29652777777776
2021-09-11 14:00:00,23.0,23.0,2021-09-01,True,8.69027777777778,37.30972222222222,21.0,25.0
2021-09-11 15:00:00,24.0,23.0,2021-09-01,True,8.69027777777778,37.30972222222222,21.0,25.0
2021-09-11 16:00:00,24.0,24.0,2021-09-01,True,9.69027777777778,38.30972222222222,22.0,26.0
2021-09-11 17:00:00,23.0,24.0,2021-09-01,True,9.69027777777778,38.30972222222222,22.0,26.0
2021-09-11 18:00:00,23.0,23.0,2021-09-01,True,8.69027777777778,37.30972222222222,21.0,25.0
2021-09-11 19:00:00,25.0,23.0,2021-09-01,True,8.69027777777778,37.30972222222222,21.0,25.0
2021-09-11 20:00:00,23.0,25.0,2021-09-01,True,10.69027777777778,39.30972222222222,23.0,27.0
2021-09-11 21:00:00,23.0,23.0,2021-09-01,True,8.69027777777778,37.30972222222222,21.0,25.0
2021-09-11 22:00:00,23.0,23.0,2021-09-01,True,8.69027777777778,37.30972222222222,21.0,25.0
2021-09-11 23:00:00,23.0,23.0,2021-09-01,True,8.69027777777778,37.30972222222222,21.0,25.0
2021-09-12 00:00:00,23.0,23.0,2021-09-01,True,8.69027777777778,37.30972222222222,21.0,25.0
2021-09-12 01:00:00,23.0,23.0,2021-09-01,True,8.69027777777778,37.30972222222222,21.0,25.0
2021-09-12 02:00:00,24.0,23.0,2021-09-01,True,8.69027777777778,37.30972222222222,21.0,25.0
2021-09-12 03:00:00,23.0,24.0,2021-09-01,True,9.69027777777778,38.30972222222222,22.0,26.0
2021-09-12 04:00:00,23.0,23.0,2021-09-01,True,8.69027777777778,37.30972222222222,21.0,25.0
2021-09-12 05:00:00,23.0,23.0,2021-09-01,True,8.69027777777778,37.30972222222222,21.0,25.0
2021-09-12 06:00:00,23.0,23.0,2021-09-01,True,8.69027777777778,37.30972222222222,21.0,25.0
2021-09-12 07:00:00,23.0,23.0,2021-09-01,True,8.69027777777778,37.30972222222222,21.0,25.0
2021-09-12 08:00:00,25.0,23.0,2021-09-01,True,8.69027777777778,37.30972222222222,21.0,25.0
2021-09-12 09:00:00,23.0,25.0,2021-09-01,True,10.69027777777778,39.30972222222222,23.0,27.0
2021-09-12 10:00:00,23.0,23.0,2021-09-01,True,8.69027777777778,37.30972222222222,21.0,25.0
2021-09-12 11:00:00,23.0,23.0,2021-09-01,True,8.69027777777778,37.30972222222222,21.0,25.0
2021-09-12 12:00:00,23.0,23.0,2021-09-01,True,8.69027777777778,37.30972222222222,21.0,25.0
2021-09-12 13:00:00,23.0,23.0,2021-09-01,True,8.69027777777778,37.30972222222222,21.0,25.0
2021-09-12 14:00:00,25.0,23.0,2021-09-01,True,8.69027777777778,37.30972222222222,21.0,25.0
2021-09-12 15:00:00,23.0,25.0,2021-09-01,True,10.69027777777778,39.30972222222222,23.0,27.0
2021-09-12 16:00:00,24.0,23.0,2021-09-01,True,8.69027777777778,37.30972222222222,21.0,25.0
2021-09-12 17:00:00,23.0,24.0,2021-09-01,True,9.69027777777778,38.30972222222222,22.0,26.0
2021-09-12 18:00:00,23.0,23.0,2021-09-01,True,8.69027777777778,37.30972222222222,21.0,25.0
2021-09-12 19:00:00,23.0,23.0,2021-09-01,True,8.69027777777778,37.30972222222222,21.0,25.0
2021-09-12 20:00:00,23.0,23.0,2021-09-01,True,8.69027777777778,37.30972222222222,21.0,25.0
2021-09-12 21:00:00,25.0,23.0,2021-09-01,True,8.69027777777778,37.30972222222222,21.0,25.0
2021-09-12 22:00:00,23.0,25.0,2021-09-01,True,10.69027777777778,39.30972222222222,23.0,27.0
2021-09-12 23:00:00,23.0,23.0,2021-09-01,True,8.69027777777778,37.30972222222222,21.0,25.0
2021-09-13 00:00:00,23.0,23.0,2021-09-01,True,8.69027777777778,37.30972222222222,21.0,25.0
2021-09-13 01:00:00,23.0,23.0,2021-09-01,True,8.69027777777778,37.30972222222222,21.0,25.0
2021-09-13 02:00:00,23.0,23.0,2021-09-01,True,8.69027777777778,37.30972222222222,21.0,25.0
2021-09-13 03:00:00,24.0,23.0,2021-09-01,True,8.69027777777778,37.30972222222222,21.0,25.0
2021-09-13 04:00:00,24.0,24.0,2021-09-01,True,9.69027777777778,38.30972222222222,22.0,26.0
2021-09-13 05:00:00,23.0,24.0,2021-09-01,True,9.69027777777778,38.30972222222222,22.0,26.0
2021-09-13 06:00:00,23.0,23.0,2021-09-01,True,8.69027777777778,37.30972222222222,21.0,25.0
2021-09-13 07:00:00,63.0,23.0,2021-09-01,True,8.69027777777778,37.30972222222222,21.0,25.0
2021-09-13 08:00:00,185.0,179.45416666666662,2021-09-01,False,165.1444444444444,193.76388888888886,161.23888888888888,197.66944444444437
2021-09-13 09:00:00,183.0,181.71805555555557,2021-09-01,False,167.40833333333336,196.02777777777777,163.5027777777778,199.93333333333334
2021-09-13 10:00:00,177.0,167.6083333333333,2021-09-01,False,153.2986111111111,181.9180555555555,149.39305555555552,185.82361111111106
2021-09-13 11:00:00,182.0,177.99027777777778,2021-09-01,False,163.68055555555554,192.3,159.77500000000003,196.20555555555552
2021-09-13 12:00:00,117.0,115.88888888888889,2021-09-01,False,101.57916666666667,130.19861111111112,97.67361111111113,134.10416666666663
2021-09-13 13:00:00,184.0,177.5236111111111,2021-09-01,False,163.2138888888889,191.83333333333331,159.30833333333334,195.73888888888888
2021-09-13 14:00:00,180.0,177.96944444444443,2021-09-01,False,163.65972222222223,192.27916666666664,159.75416666666666,196.1847222222222
2021-09-13 15:00:00,168.0,170.06597222222223,2021-09-01,False,155.75625000000002,184.37569444444443,151.85069444444446,188.28125
2021-09-13 16:00:00,175.0,160.84236111111107,2021-09-01,False,146.53263888888887,175.15208333333328,142.6270833333333,179.05763888888885
2021-09-13 17:00:00,132.0,144.34097222222223,2021-09-01,False,130.03125,158.65069444444447,126.12569444444448,162.55624999999998
2021-09-13 18:00:00,145.0,157.36493055555553,2021-09-01,False,143.05520833333333,171.67465277777774,139.14965277777776,175.5802083333333
2021-09-13 19:00:00,148.0,129.0788194444445,2021-09-01,False,114.76909722222227,143.3885416666667,110.86354166666673,147.29409722222226
2021-09-13 20:00:00,121.0,118.38125,2021-09-01,False,104.07152777777777,132.69097222222223,100.16597222222224,136.59652777777774
2021-09-13 21:00:00,123.0,121.0729166666666,2021-09-01,False,106.76319444444438,135.38263888888883,102.85763888888884,139.28819444444434
2021-09-13 22:00:00,110.0,109.16076388888888,2021-09-01,False,94.85104166666666,123.4704861111111,90.94548611111112,127.37604166666664
2021-09-13 23:00:00,108.0,104.0756944444444,2021-09-01,False,89.76597222222217,118.38541666666661,85.86041666666664,122.29097222222215
2021-09-14 00:00:00,70.0,71.08125000000001,2021-09-01,False,56.77152777777779,85.39097222222223,52.865972222222254,89.29652777777777
2021-09-14 01:00:00,110.0,104.04305555555553,2021-09-01,False,89.7333333333333,118.35277777777775,85.82777777777777,122.25833333333328
2021-09-14 02:00:00,112.0,109.66597222222224,2021-09-01,False,95.35625000000002,123.97569444444446,91.45069444444448,127.88125
2021-09-14 03:00:00,105.0,103.85729166666668,2021-09-01,False,89.54756944444446,118.1670138888889,85.64201388888893,122.07256944444444
2021-09-14 04:00:00,111.0,107.44305555555556,2021-09-01,False,93.13333333333334,121.75277777777778,89.2277777777778,125.65833333333332
2021-09-14 05:00:00,93.0,93.42986111111112,2021-09-01,False,79.1201388888889,107.73958333333334,75.21458333333337,111.64513888888888
2021-09-14 06:00:00,108.0,112.5090277777778,2021-09-01,False,98.19930555555558,126.81875000000002,94.29375000000005,130.72430555555556
2021-09-14 07:00:00,140.0,130.59583333333336,2021-09-01,False,116.28611111111114,144.90555555555557,112.3805555555556,148.81111111111113
2021-09-14 08:00:00,174.0,179.62291666666664,2021-09-01,False,165.31319444444443,193.93263888888885,161.40763888888887,197.8381944444444
2021-09-14 09:00:00,166.0,172.14999999999998,2021-09-01,False,157.84027777777777,186.45972222222218,153.9347222222222,190.36527777777775
2021-09-14 10:00:00,152.0,172.76875,2021-09-01,False,158.4590277777778,187.07847222222222,154.55347222222224,190.98402777777778
2021-09-14 11:00:00,170.0,168.95347222222225,2021-09-01,False,154.64375,183.26319444444448,150.7381944444445,187.16875
2021-09-14 12:00:00,118.0,108.85763888888889,2021-09-01,False,94.54791666666667,123.1673611111111,90.64236111111113,127.07291666666664
2021-09-14 13:00:00,163.0,172.0965277777777,2021-09-01,False,157.78680555555547,186.40624999999994,153.88124999999997,190.31180555555545
2021-09-14 14:00:00,158.0,171.59166666666667,2021-09-01,False,157.28194444444443,185.9013888888889,153.37638888888893,189.8069444444444
2021-09-14 15:00:00,161.0,155.4520833333334,2021-09-01,False,141.1423611111112,169.7618055555556,137.23680555555563,173.66736111111118
2021-09-14 16:00:00,160.0,161.78819444444446,2021-09-01,False,147.47847222222225,176.09791666666666,143.57291666666669,180.00347222222223
2021-09-14 17:00:00,123.0,130.01180555555555,2021-09-01,False,115.70208333333333,144.32152777777776,111.7965277777778,148.22708333333333
2021-09-14 18:00:00,158.0,149.98402777777775,2021-09-01,False,135.67430555555552,164.29375,131.76875,168.1993055555555
2021-09-14 19:00:00,153.0,150.55486111111114,2021-09-01,False,136.2451388888889,164.86458333333337,132.3395833333334,168.77013888888888
2021-09-14 20:00:00,128.0,130.68402777777777,2021-09-01,False,116.37430555555555,144.99374999999998,112.46875000000001,148.89930555555554
2021-09-14 21:00:00,128.0,123.4340277777778,2021-09-01,False,109.12430555555558,137.74375000000003,105.21875000000004,141.64930555555554
2021-09-14 22:00:00,111.0,115.75486111111108,2021-09-01,False,101.44513888888886,130.0645833333333,97.53958333333333,133.97013888888884
2021-09-14 23:00:00,110.0,106.15069444444444,2021-09-01,False,91.84097222222222,120.46041666666666,87.93541666666668,124.3659722222222
