anchor_time,last_observed_hour,horizon,actual,actual_quarter,timestamp,persistence,quarter_persistence,previous_day,quarter_previous_day,previous_week,quarter_previous_week,fit_before,prediction,quarter_prediction,peak_alert
2021-08-01,2021-07-31 23:00:00,1,21.0,21.0,2021-08-01 00:00:00,21.0,21.0,23,24,24.0,24.0,2021-08-01,24.0,24.0,False
2021-08-01,2021-07-31 23:00:00,2,23.0,26.0,2021-08-01 01:00:00,21.0,21.0,21,21,25.0,26.0,2021-08-01,25.0,26.0,False
2021-08-01,2021-07-31 23:00:00,3,21.0,21.0,2021-08-01 02:00:00,21.0,21.0,21,21,25.0,29.0,2021-08-01,25.0,29.0,False
2021-08-01,2021-07-31 23:00:00,4,21.0,21.0,2021-08-01 03:00:00,21.0,21.0,21,21,24.0,26.0,2021-08-01,24.0,26.0,False
2021-08-01,2021-07-31 23:00:00,5,22.0,25.0,2021-08-01 04:00:00,21.0,21.0,23,26,24.0,24.0,2021-08-01,24.0,24.0,False
2021-08-01,2021-07-31 23:00:00,6,22.0,24.0,2021-08-01 05:00:00,21.0,21.0,20,21,26.0,28.0,2021-08-01,26.0,28.0,False
2021-08-01,2021-07-31 23:00:00,7,20.0,21.0,2021-08-01 06:00:00,21.0,21.0,21,21,24.0,24.0,2021-08-01,24.0,24.0,False
2021-08-01,2021-07-31 23:00:00,8,20.0,21.0,2021-08-01 07:00:00,21.0,21.0,22,23,24.0,24.0,2021-08-01,24.0,24.0,False
2021-08-01,2021-07-31 23:00:00,9,23.0,28.0,2021-08-01 08:00:00,21.0,21.0,21,21,24.0,24.0,2021-08-01,24.0,24.0,False
2021-08-01,2021-07-31 23:00:00,10,22.0,24.0,2021-08-01 09:00:00,21.0,21.0,21,21,26.0,29.0,2021-08-01,26.0,29.0,False
2021-08-01,2021-07-31 23:00:00,11,21.0,21.0,2021-08-01 10:00:00,21.0,21.0,22,23,24.0,24.0,2021-08-01,24.0,24.0,False
2021-08-01,2021-07-31 23:00:00,12,21.0,21.0,2021-08-01 11:00:00,21.0,21.0,23,26,24.0,24.0,2021-08-01,24.0,24.0,False
2021-08-01,2021-07-31 23:00:00,13,23.0,25.0,2021-08-01 12:00:00,21.0,21.0,21,21,26.0,28.0,2021-08-01,26.0,28.0,False
2021-08-01,2021-07-31 23:00:00,14,21.0,21.0,2021-08-01 13:00:00,21.0,21.0,21,21,24.0,24.0,2021-08-01,24.0,24.0,False
2021-08-01,2021-07-31 23:00:00,15,21.0,21.0,2021-08-01 14:00:00,21.0,21.0,22,25,24.0,25.0,2021-08-01,24.0,25.0,False
2021-08-01,2021-07-31 23:00:00,16,22.0,23.0,2021-08-01 15:00:00,21.0,21.0,22,23,25.0,25.0,2021-08-01,25.0,25.0,False
2021-08-01,2021-07-31 23:00:00,17,23.0,25.0,2021-08-01 16:00:00,21.0,21.0,21,21,26.0,29.0,2021-08-01,26.0,29.0,False
2021-08-01,2021-07-31 23:00:00,18,21.0,21.0,2021-08-01 17:00:00,21.0,21.0,21,21,24.0,24.0,2021-08-01,24.0,24.0,False
2021-08-01,2021-07-31 23:00:00,19,20.0,21.0,2021-08-01 18:00:00,21.0,21.0,23,28,23.0,24.0,2021-08-01,23.0,24.0,False
2021-08-01,2021-07-31 23:00:00,20,21.0,22.0,2021-08-01 19:00:00,21.0,21.0,21,21,25.0,28.0,2021-08-01,25.0,28.0,False
2021-08-01,2021-07-31 23:00:00,21,23.0,26.0,2021-08-01 20:00:00,21.0,21.0,21,21,24.0,24.0,2021-08-01,24.0,24.0,False
2021-08-01,2021-07-31 23:00:00,22,22.0,22.0,2021-08-01 21:00:00,21.0,21.0,23,25,24.0,24.0,2021-08-01,24.0,24.0,False
2021-08-01,2021-07-31 23:00:00,23,22.0,23.0,2021-08-01 22:00:00,21.0,21.0,21,21,24.0,24.0,2021-08-01,24.0,24.0,False
2021-08-01,2021-07-31 23:00:00,24,22.0,24.0,2021-08-01 23:00:00,21.0,21.0,21,21,26.0,28.0,2021-08-01,26.0,28.0,False
2021-08-02,2021-08-01 23:00:00,1,21.0,23.0,2021-08-02 00:00:00,22.0,24.0,21,21,24.0,24.0,2021-08-01,24.0,24.0,False
2021-08-02,2021-08-01 23:00:00,2,21.0,21.0,2021-08-02 01:00:00,22.0,24.0,23,26,24.0,24.0,2021-08-01,24.0,24.0,False
2021-08-02,2021-08-01 23:00:00,3,21.0,21.0,2021-08-02 02:00:00,22.0,24.0,21,21,25.0,27.0,2021-08-01,25.0,27.0,False
2021-08-02,2021-08-01 23:00:00,4,23.0,26.0,2021-08-02 03:00:00,22.0,24.0,21,21,25.0,27.0,2021-08-01,25.0,27.0,False
2021-08-02,2021-08-01 23:00:00,5,21.0,21.0,2021-08-02 04:00:00,22.0,24.0,22,25,24.0,24.0,2021-08-01,24.0,24.0,False
2021-08-02,2021-08-01 23:00:00,6,21.0,21.0,2021-08-02 05:00:00,22.0,24.0,22,24,24.0,24.0,2021-08-01,24.0,24.0,False
2021-08-02,2021-08-01 23:00:00,7,22.0,25.0,2021-08-02 06:00:00,22.0,24.0,20,21,26.0,27.0,2021-08-01,26.0,27.0,False
2021-08-02,2021-08-01 23:00:00,8,21.0,24.0,2021-08-02 07:00:00,22.0,24.0,20,21,71.0,127.0,2021-08-01,71.0,127.0,False
2021-08-02,2021-08-01 23:00:00,9,20.0,21.0,2021-08-02 08:00:00,22.0,24.0,23,28,198.0,217.0,2021-08-01,198.0,217.0,True
2021-08-02,2021-08-01 23:00:00,10,21.0,21.0,2021-08-02 09:00:00,22.0,24.0,22,24,184.0,189.0,2021-08-01,184.0,189.0,True
2021-08-02,2021-08-01 23:00:00,11,22.0,25.0,2021-08-02 10:00:00,22.0,24.0,21,21,185.0,207.0,2021-08-01,185.0,207.0,True
2021-08-02,2021-08-01 23:00:00,12,21.0,21.0,2021-08-02 11:00:00,22.0,24.0,21,21,190.0,202.0,2021-08-01,190.0,202.0,True
2021-08-02,2021-08-01 23:00:00,13,21.0,21.0,2021-08-02 12:00:00,22.0,24.0,23,25,113.0,130.0,2021-08-01,113.0,130.0,False
2021-08-02,2021-08-01 23:00:00,14,22.0,23.0,2021-08-02 13:00:00,22.0,24.0,21,21,169.0,180.0,2021-08-01,169.0,180.0,True
2021-08-02,2021-08-01 23:00:00,15,23.0,25.0,2021-08-02 14:00:00,22.0,24.0,21,21,186.0,199.0,2021-08-01,186.0,199.0,True
2021-08-02,2021-08-01 23:00:00,16,21.0,21.0,2021-08-02 15:00:00,22.0,24.0,22,23,158.0,180.0,2021-08-01,158.0,180.0,True
2021-08-02,2021-08-01 23:00:00,17,21.0,21.0,2021-08-02 16:00:00,22.0,24.0,23,25,169.0,177.0,2021-08-01,169.0,177.0,True
2021-08-02,2021-08-01 23:00:00,18,22.0,24.0,2021-08-02 17:00:00,22.0,24.0,21,21,136.0,169.0,2021-08-01,136.0,169.0,True
2021-08-02,2021-08-01 23:00:00,19,22.0,26.0,2021-08-02 18:00:00,22.0,24.0,20,21,175.0,186.0,2021-08-01,175.0,186.0,True
2021-08-02,2021-08-01 23:00:00,20,21.0,21.0,2021-08-02 19:00:00,22.0,24.0,21,22,157.0,177.0,2021-08-01,157.0,177.0,True
2021-08-02,2021-08-01 23:00:00,21,22.0,24.0,2021-08-02 20:00:00,22.0,24.0,23,26,102.0,103.0,2021-08-01,102.0,103.0,False
2021-08-02,2021-08-01 23:00:00,22,22.0,24.0,2021-08-02 21:00:00,22.0,24.0,22,22,110.0,116.0,2021-08-01,110.0,116.0,False
2021-08-02,2021-08-01 23:00:00,23,22.0,24.0,2021-08-02 22:00:00,22.0,24.0,22,23,110.0,116.0,2021-08-01,110.0,116.0,False
2021-08-02,2021-08-01 23:00:00,24,21.0,21.0,2021-08-02 23:00:00,22.0,24.0,22,24,95.0,107.0,2021-08-01,95.0,107.0,False
2021-08-03,2021-08-02 23:00:00,1,21.0,22.0,2021-08-03 00:00:00,21.0,21.0,21,23,68.0,70.0,2021-08-01,68.0,70.0,False
2021-08-03,2021-08-02 23:00:00,2,23.0,26.0,2021-08-03 01:00:00,21.0,21.0,21,21,102.0,110.0,2021-08-01,102.0,110.0,False
2021-08-03,2021-08-02 23:00:00,3,21.0,21.0,2021-08-03 02:00:00,21.0,21.0,21,21,115.0,119.0,2021-08-01,115.0,119.0,False
2021-08-03,2021-08-02 23:00:00,4,21.0,22.0,2021-08-03 03:00:00,21.0,21.0,23,26,105.0,111.0,2021-08-01,105.0,111.0,False
2021-08-03,2021-08-02 23:00:00,5,21.0,21.0,2021-08-03 04:00:00,21.0,21.0,21,21,108.0,114.0,2021-08-01,108.0,114.0,False
2021-08-03,2021-08-02 23:00:00,6,22.0,24.0,2021-08-03 05:00:00,21.0,21.0,21,21,89.0,106.0,2021-08-01,89.0,106.0,False
2021-08-03,2021-08-02 23:00:00,7,21.0,21.0,2021-08-03 06:00:00,21.0,21.0,22,25,105.0,111.0,2021-08-01,105.0,111.0,False
2021-08-03,2021-08-02 23:00:00,8,20.0,21.0,2021-08-03 07:00:00,21.0,21.0,21,24,134.0,161.0,2021-08-01,134.0,161.0,False
2021-08-03,2021-08-02 23:00:00,9,22.0,25.0,2021-08-03 08:00:00,21.0,21.0,20,21,194.0,207.0,2021-08-01,194.0,207.0,True
2021-08-03,2021-08-02 23:00:00,10,21.0,21.0,2021-08-03 09:00:00,21.0,21.0,21,21,181.0,192.0,2021-08-01,181.0,192.0,True
2021-08-03,2021-08-02 23:00:00,11,21.0,21.0,2021-08-03 10:00:00,21.0,21.0,22,25,188.0,206.0,2021-08-01,188.0,206.0,True
2021-08-03,2021-08-02 23:00:00,12,22.0,24.0,2021-08-03 11:00:00,21.0,21.0,21,21,207.0,211.0,2021-08-01,207.0,211.0,True
2021-08-03,2021-08-02 23:00:00,13,23.0,25.0,2021-08-03 12:00:00,21.0,21.0,21,21,110.0,124.0,2021-08-01,110.0,124.0,False
2021-08-03,2021-08-02 23:00:00,14,21.0,21.0,2021-08-03 13:00:00,21.0,21.0,22,23,182.0,198.0,2021-08-01,182.0,198.0,True
2021-08-03,2021-08-02 23:00:00,15,21.0,22.0,2021-08-03 14:00:00,21.0,21.0,23,25,195.0,199.0,2021-08-01,195.0,199.0,True
2021-08-03,2021-08-02 23:00:00,16,23.0,26.0,2021-08-03 15:00:00,21.0,21.0,21,21,179.0,201.0,2021-08-01,179.0,201.0,True
2021-08-03,2021-08-02 23:00:00,17,22.0,24.0,2021-08-03 16:00:00,21.0,21.0,21,21,186.0,187.0,2021-08-01,186.0,187.0,True
2021-08-03,2021-08-02 23:00:00,18,21.0,21.0,2021-08-03 17:00:00,21.0,21.0,22,24,159.0,184.0,2021-08-01,159.0,184.0,True
2021-08-03,2021-08-02 23:00:00,19,22.0,24.0,2021-08-03 18:00:00,21.0,21.0,22,26,169.0,174.0,2021-08-01,169.0,174.0,True
2021-08-03,2021-08-02 23:00:00,20,23.0,25.0,2021-08-03 19:00:00,21.0,21.0,21,21,169.0,180.0,2021-08-01,169.0,180.0,True
2021-08-03,2021-08-02 23:00:00,21,21.0,22.0,2021-08-03 20:00:00,21.0,21.0,22,24,144.0,147.0,2021-08-01,144.0,147.0,False
2021-08-03,2021-08-02 23:00:00,22,22.0,22.0,2021-08-03 21:00:00,21.0,21.0,22,24,144.0,148.0,2021-08-01,144.0,148.0,False
2021-08-03,2021-08-02 23:00:00,23,21.0,21.0,2021-08-03 22:00:00,21.0,21.0,22,24,129.0,132.0,2021-08-01,129.0,132.0,False
2021-08-03,2021-08-02 23:00:00,24,23.0,26.0,2021-08-03 23:00:00,21.0,21.0,21,21,122.0,139.0,2021-08-01,122.0,139.0,False
2021-08-04,2021-08-03 23:00:00,1,21.0,21.0,2021-08-04 00:00:00,23.0,26.0,21,22,88.0,91.0,2021-08-01,88.0,91.0,False
2021-08-04,2021-08-03 23:00:00,2,21.0,21.0,2021-08-04 01:00:00,23.0,26.0,23,26,121.0,130.0,2021-08-01,121.0,130.0,False
2021-08-04,2021-08-03 23:00:00,3,20.0,21.0,2021-08-04 02:00:00,23.0,26.0,21,21,119.0,130.0,2021-08-01,119.0,130.0,False
2021-08-04,2021-08-03 23:00:00,4,22.0,25.0,2021-08-04 03:00:00,23.0,26.0,21,22,122.0,128.0,2021-08-01,122.0,128.0,False
2021-08-04,2021-08-03 23:00:00,5,21.0,21.0,2021-08-04 04:00:00,23.0,26.0,21,21,119.0,123.0,2021-08-01,119.0,123.0,False
2021-08-04,2021-08-03 23:00:00,6,21.0,21.0,2021-08-04 05:00:00,23.0,26.0,22,24,105.0,119.0,2021-08-01,105.0,119.0,False
2021-08-04,2021-08-03 23:00:00,7,23.0,26.0,2021-08-04 06:00:00,23.0,26.0,21,21,124.0,127.0,2021-08-01,124.0,127.0,False
2021-08-04,2021-08-03 23:00:00,8,20.0,21.0,2021-08-04 07:00:00,23.0,26.0,20,21,156.0,174.0,2021-08-01,156.0,174.0,True
2021-08-04,2021-08-03 23:00:00,9,21.0,23.0,2021-08-04 08:00:00,23.0,26.0,22,25,198.0,204.0,2021-08-01,198.0,204.0,True
2021-08-04,2021-08-03 23:00:00,10,21.0,21.0,2021-08-04 09:00:00,23.0,26.0,21,21,198.0,204.0,2021-08-01,198.0,204.0,True
2021-08-04,2021-08-03 23:00:00,11,22.0,25.0,2021-08-04 10:00:00,23.0,26.0,21,21,188.0,202.0,2021-08-01,188.0,202.0,True
2021-08-04,2021-08-03 23:00:00,12,21.0,21.0,2021-08-04 11:00:00,23.0,26.0,22,24,208.0,212.0,2021-08-01,208.0,212.0,True
2021-08-04,2021-08-03 23:00:00,13,21.0,21.0,2021-08-04 12:00:00,23.0,26.0,23,25,121.0,145.0,2021-08-01,121.0,145.0,False
2021-08-04,2021-08-03 23:00:00,14,22.0,25.0,2021-08-04 13:00:00,23.0,26.0,21,21,194.0,200.0,2021-08-01,194.0,200.0,True
2021-08-04,2021-08-03 23:00:00,15,22.0,24.0,2021-08-04 14:00:00,23.0,26.0,21,22,196.0,203.0,2021-08-01,196.0,203.0,True
2021-08-04,2021-08-03 23:00:00,16,22.0,24.0,2021-08-04 15:00:00,23.0,26.0,23,26,161.0,187.0,2021-08-01,161.0,187.0,True
2021-08-04,2021-08-03 23:00:00,17,21.0,22.0,2021-08-04 16:00:00,23.0,26.0,22,24,174.0,181.0,2021-08-01,174.0,181.0,True
2021-08-04,2021-08-03 23:00:00,18,23.0,26.0,2021-08-04 17:00:00,23.0,26.0,21,21,147.0,190.0,2021-08-01,147.0,190.0,True
2021-08-04,2021-08-03 23:00:00,19,21.0,22.0,2021-08-04 18:00:00,23.0,26.0,22,24,183.0,190.0,2021-08-01,183.0,190.0,True
2021-08-04,2021-08-03 23:00:00,20,21.0,21.0,2021-08-04 19:00:00,23.0,26.0,23,25,151.0,175.0,2021-08-01,151.0,175.0,True
2021-08-04,2021-08-03 23:00:00,21,21.0,21.0,2021-08-04 20:00:00,23.0,26.0,21,22,107.0,113.0,2021-08-01,107.0,113.0,False
2021-08-04,2021-08-03 23:00:00,22,23.0,26.0,2021-08-04 21:00:00,23.0,26.0,22,22,110.0,115.0,2021-08-01,110.0,115.0,False
2021-08-04,2021-08-03 23:00:00,23,21.0,21.0,2021-08-04 22:00:00,23.0,26.0,21,21,103.0,109.0,2021-08-01,103.0,109.0,False
2021-08-04,2021-08-03 23:00:00,24,21.0,22.0,2021-08-04 23:00:00,23.0,26.0,23,26,103.0,116.0,2021-08-01,103.0,116.0,False
2021-08-05,2021-08-04 23:00:00,1,21.0,21.0,2021-08-05 00:00:00,21.0,22.0,21,21,68.0,70.0,2021-08-01,68.0,70.0,False
2021-08-05,2021-08-04 23:00:00,2,22.0,25.0,2021-08-05 01:00:00,21.0,22.0,21,21,110.0,118.0,2021-08-01,110.0,118.0,False
2021-08-05,2021-08-04 23:00:00,3,21.0,21.0,2021-08-05 02:00:00,21.0,22.0,20,21,111.0,118.0,2021-08-01,111.0,118.0,False
2021-08-05,2021-08-04 23:00:00,4,21.0,21.0,2021-08-05 03:00:00,21.0,22.0,22,25,110.0,117.0,2021-08-01,110.0,117.0,False
2021-08-05,2021-08-04 23:00:00,5,22.0,25.0,2021-08-05 04:00:00,21.0,22.0,21,21,111.0,116.0,2021-08-01,111.0,116.0,False
2021-08-05,2021-08-04 23:00:00,6,21.0,22.0,2021-08-05 05:00:00,21.0,22.0,21,21,94.0,119.0,2021-08-01,94.0,119.0,False
2021-08-05,2021-08-04 23:00:00,7,21.0,22.0,2021-08-05 06:00:00,21.0,22.0,23,26,116.0,121.0,2021-08-01,116.0,121.0,False
2021-08-05,2021-08-04 23:00:00,8,20.0,20.0,2021-08-05 07:00:00,21.0,22.0,20,21,141.0,159.0,2021-08-01,141.0,159.0,False
2021-08-05,2021-08-04 23:00:00,9,22.0,24.0,2021-08-05 08:00:00,21.0,22.0,21,23,192.0,204.0,2021-08-01,192.0,204.0,True
2021-08-05,2021-08-04 23:00:00,10,21.0,21.0,2021-08-05 09:00:00,21.0,22.0,21,21,198.0,205.0,2021-08-01,198.0,205.0,True
2021-08-05,2021-08-04 23:00:00,11,21.0,21.0,2021-08-05 10:00:00,21.0,22.0,22,25,187.0,203.0,2021-08-01,187.0,203.0,True
2021-08-05,2021-08-04 23:00:00,12,22.0,25.0,2021-08-05 11:00:00,21.0,22.0,21,21,207.0,211.0,2021-08-01,207.0,211.0,True
2021-08-05,2021-08-04 23:00:00,13,22.0,24.0,2021-08-05 12:00:00,21.0,22.0,21,21,112.0,133.0,2021-08-01,112.0,133.0,False
2021-08-05,2021-08-04 23:00:00,14,22.0,24.0,2021-08-05 13:00:00,21.0,22.0,22,25,192.0,206.0,2021-08-01,192.0,206.0,True
2021-08-05,2021-08-04 23:00:00,15,21.0,22.0,2021-08-05 14:00:00,21.0,22.0,22,24,187.0,201.0,2021-08-01,187.0,201.0,True
2021-08-05,2021-08-04 23:00:00,16,23.0,25.0,2021-08-05 15:00:00,21.0,22.0,22,24,164.0,186.0,2021-08-01,164.0,186.0,True
2021-08-05,2021-08-04 23:00:00,17,22.0,22.0,2021-08-05 16:00:00,21.0,22.0,21,22,166.0,172.0,2021-08-01,166.0,172.0,True
2021-08-05,2021-08-04 23:00:00,18,22.0,22.0,2021-08-05 17:00:00,21.0,22.0,23,26,129.0,152.0,2021-08-01,129.0,152.0,False
2021-08-05,2021-08-04 23:00:00,19,21.0,21.0,2021-08-05 18:00:00,21.0,22.0,21,22,174.0,180.0,2021-08-01,174.0,180.0,True
2021-08-05,2021-08-04 23:00:00,20,22.0,25.0,2021-08-05 19:00:00,21.0,22.0,21,21,169.0,181.0,2021-08-01,169.0,181.0,True
2021-08-05,2021-08-04 23:00:00,21,21.0,22.0,2021-08-05 20:00:00,21.0,22.0,21,21,128.0,134.0,2021-08-01,128.0,134.0,False
2021-08-05,2021-08-04 23:00:00,22,21.0,22.0,2021-08-05 21:00:00,21.0,22.0,23,26,126.0,131.0,2021-08-01,126.0,131.0,False
2021-08-05,2021-08-04 23:00:00,23,22.0,23.0,2021-08-05 22:00:00,21.0,22.0,21,21,122.0,130.0,2021-08-01,122.0,130.0,False
2021-08-05,2021-08-04 23:00:00,24,23.0,26.0,2021-08-05 23:00:00,21.0,22.0,21,22,114.0,127.0,2021-08-01,114.0,127.0,False
2021-08-06,2021-08-05 23:00:00,1,21.0,21.0,2021-08-06 00:00:00,23.0,26.0,21,21,88.0,91.0,2021-08-01,88.0,91.0,False
2021-08-06,2021-08-05 23:00:00,2,21.0,21.0,2021-08-06 01:00:00,23.0,26.0,22,25,121.0,130.0,2021-08-01,121.0,130.0,False
2021-08-06,2021-08-05 23:00:00,3,20.0,21.0,2021-08-06 02:00:00,23.0,26.0,21,21,119.0,130.0,2021-08-01,119.0,130.0,False
2021-08-06,2021-08-05 23:00:00,4,22.0,25.0,2021-08-06 03:00:00,23.0,26.0,21,21,122.0,128.0,2021-08-01,122.0,128.0,False
2021-08-06,2021-08-05 23:00:00,5,22.0,23.0,2021-08-06 04:00:00,23.0,26.0,22,25,119.0,123.0,2021-08-01,119.0,123.0,False
2021-08-06,2021-08-05 23:00:00,6,21.0,21.0,2021-08-06 05:00:00,23.0,26.0,21,22,105.0,119.0,2021-08-01,105.0,119.0,False
2021-08-06,2021-08-05 23:00:00,7,22.0,25.0,2021-08-06 06:00:00,23.0,26.0,21,22,124.0,127.0,2021-08-01,124.0,127.0,False
2021-08-06,2021-08-05 23:00:00,8,20.0,21.0,2021-08-06 07:00:00,23.0,26.0,20,20,156.0,174.0,2021-08-01,156.0,174.0,True
2021-08-06,2021-08-05 23:00:00,9,20.0,21.0,2021-08-06 08:00:00,23.0,26.0,22,24,198.0,204.0,2021-08-01,198.0,204.0,True
2021-08-06,2021-08-05 23:00:00,10,21.0,21.0,2021-08-06 09:00:00,23.0,26.0,21,21,198.0,204.0,2021-08-01,198.0,204.0,True
2021-08-06,2021-08-05 23:00:00,11,24.0,25.0,2021-08-06 10:00:00,23.0,26.0,21,21,188.0,202.0,2021-08-01,188.0,202.0,True
2021-08-06,2021-08-05 23:00:00,12,24.0,25.0,2021-08-06 11:00:00,23.0,26.0,22,25,208.0,212.0,2021-08-01,208.0,212.0,True
2021-08-06,2021-08-05 23:00:00,13,24.0,24.0,2021-08-06 12:00:00,23.0,26.0,22,24,121.0,145.0,2021-08-01,121.0,145.0,False
2021-08-06,2021-08-05 23:00:00,14,23.0,24.0,2021-08-06 13:00:00,23.0,26.0,22,24,194.0,200.0,2021-08-01,194.0,200.0,True
2021-08-06,2021-08-05 23:00:00,15,24.0,27.0,2021-08-06 14:00:00,23.0,26.0,21,22,196.0,203.0,2021-08-01,196.0,203.0,True
2021-08-06,2021-08-05 23:00:00,16,22.0,22.0,2021-08-06 15:00:00,23.0,26.0,23,25,161.0,187.0,2021-08-01,161.0,187.0,True
2021-08-06,2021-08-05 23:00:00,17,22.0,22.0,2021-08-06 16:00:00,23.0,26.0,22,22,174.0,181.0,2021-08-01,174.0,181.0,True
2021-08-06,2021-08-05 23:00:00,18,23.0,25.0,2021-08-06 17:00:00,23.0,26.0,22,22,147.0,190.0,2021-08-01,147.0,190.0,True
2021-08-06,2021-08-05 23:00:00,19,22.0,22.0,2021-08-06 18:00:00,23.0,26.0,21,21,183.0,190.0,2021-08-01,183.0,190.0,True
2021-08-06,2021-08-05 23:00:00,20,21.0,21.0,2021-08-06 19:00:00,23.0,26.0,22,25,151.0,175.0,2021-08-01,151.0,175.0,True
2021-08-06,2021-08-05 23:00:00,21,21.0,21.0,2021-08-06 20:00:00,23.0,26.0,21,22,107.0,113.0,2021-08-01,107.0,113.0,False
2021-08-06,2021-08-05 23:00:00,22,23.0,26.0,2021-08-06 21:00:00,23.0,26.0,21,22,110.0,115.0,2021-08-01,110.0,115.0,False
2021-08-06,2021-08-05 23:00:00,23,21.0,21.0,2021-08-06 22:00:00,23.0,26.0,22,23,103.0,109.0,2021-08-01,103.0,109.0,False
2021-08-06,2021-08-05 23:00:00,24,21.0,21.0,2021-08-06 23:00:00,23.0,26.0,23,26,103.0,116.0,2021-08-01,103.0,116.0,False
2021-08-07,2021-08-06 23:00:00,1,22.0,24.0,2021-08-07 00:00:00,21.0,21.0,21,21,23.0,24.0,2021-08-01,23.0,24.0,False
2021-08-07,2021-08-06 23:00:00,2,22.0,25.0,2021-08-07 01:00:00,21.0,21.0,21,21,21.0,21.0,2021-08-01,21.0,21.0,False
2021-08-07,2021-08-06 23:00:00,3,21.0,21.0,2021-08-07 02:00:00,21.0,21.0,20,21,21.0,21.0,2021-08-01,21.0,21.0,False
2021-08-07,2021-08-06 23:00:00,4,21.0,21.0,2021-08-07 03:00:00,21.0,21.0,22,25,21.0,21.0,2021-08-01,21.0,21.0,False
2021-08-07,2021-08-06 23:00:00,5,21.0,21.0,2021-08-07 04:00:00,21.0,21.0,22,23,23.0,26.0,2021-08-01,23.0,26.0,False
2021-08-07,2021-08-06 23:00:00,6,22.0,24.0,2021-08-07 05:00:00,21.0,21.0,21,21,20.0,21.0,2021-08-01,20.0,21.0,False
2021-08-07,2021-08-06 23:00:00,7,21.0,21.0,2021-08-07 06:00:00,21.0,21.0,22,25,21.0,21.0,2021-08-01,21.0,21.0,False
2021-08-07,2021-08-06 23:00:00,8,21.0,21.0,2021-08-07 07:00:00,21.0,21.0,20,21,22.0,23.0,2021-08-01,22.0,23.0,False
2021-08-07,2021-08-06 23:00:00,9,22.0,25.0,2021-08-07 08:00:00,21.0,21.0,20,21,21.0,21.0,2021-08-01,21.0,21.0,False
2021-08-07,2021-08-06 23:00:00,10,22.0,24.0,2021-08-07 09:00:00,21.0,21.0,21,21,21.0,21.0,2021-08-01,21.0,21.0,False
2021-08-07,2021-08-06 23:00:00,11,21.0,21.0,2021-08-07 10:00:00,21.0,21.0,24,25,22.0,23.0,2021-08-01,22.0,23.0,False
2021-08-07,2021-08-06 23:00:00,12,21.0,21.0,2021-08-07 11:00:00,21.0,21.0,24,25,23.0,26.0,2021-08-01,23.0,26.0,False
2021-08-07,2021-08-06 23:00:00,13,23.0,26.0,2021-08-07 12:00:00,21.0,21.0,24,24,21.0,21.0,2021-08-01,21.0,21.0,False
2021-08-07,2021-08-06 23:00:00,14,21.0,21.0,2021-08-07 13:00:00,21.0,21.0,23,24,21.0,21.0,2021-08-01,21.0,21.0,False
2021-08-07,2021-08-06 23:00:00,15,21.0,21.0,2021-08-07 14:00:00,21.0,21.0,24,27,22.0,25.0,2021-08-01,22.0,25.0,False
2021-08-07,2021-08-06 23:00:00,16,21.0,22.0,2021-08-07 15:00:00,21.0,21.0,22,22,22.0,23.0,2021-08-01,22.0,23.0,False
2021-08-07,2021-08-06 23:00:00,17,24.0,25.0,2021-08-07 16:00:00,21.0,21.0,22,22,21.0,21.0,2021-08-01,21.0,21.0,False
2021-08-07,2021-08-06 23:00:00,18,21.0,21.0,2021-08-07 17:00:00,21.0,21.0,23,25,21.0,21.0,2021-08-01,21.0,21.0,False
2021-08-07,2021-08-06 23:00:00,19,21.0,21.0,2021-08-07 18:00:00,21.0,21.0,22,22,23.0,28.0,2021-08-01,23.0,28.0,False
2021-08-07,2021-08-06 23:00:00,20,22.0,24.0,2021-08-07 19:00:00,21.0,21.0,21,21,21.0,21.0,2021-08-01,21.0,21.0,False
2021-08-07,2021-08-06 23:00:00,21,23.0,26.0,2021-08-07 20:00:00,21.0,21.0,21,21,21.0,21.0,2021-08-01,21.0,21.0,False
2021-08-07,2021-08-06 23:00:00,22,22.0,22.0,2021-08-07 21:00:00,21.0,21.0,23,26,23.0,25.0,2021-08-01,23.0,25.0,False
2021-08-07,2021-08-06 23:00:00,23,21.0,21.0,2021-08-07 22:00:00,21.0,21.0,21,21,21.0,21.0,2021-08-01,21.0,21.0,False
2021-08-07,2021-08-06 23:00:00,24,23.0,25.0,2021-08-07 23:00:00,21.0,21.0,21,21,21.0,21.0,2021-08-01,21.0,21.0,False
2021-08-08,2021-08-07 23:00:00,1,21.0,21.0,2021-08-08 00:00:00,23.0,25.0,22,24,21.0,21.0,2021-08-01,21.0,21.0,False
2021-08-08,2021-08-07 23:00:00,2,21.0,21.0,2021-08-08 01:00:00,23.0,25.0,22,25,23.0,26.0,2021-08-01,23.0,26.0,False
2021-08-08,2021-08-07 23:00:00,3,21.0,21.0,2021-08-08 02:00:00,23.0,25.0,21,21,21.0,21.0,2021-08-01,21.0,21.0,False
2021-08-08,2021-08-07 23:00:00,4,23.0,24.0,2021-08-08 03:00:00,23.0,25.0,21,21,21.0,21.0,2021-08-01,21.0,21.0,False
2021-08-08,2021-08-07 23:00:00,5,21.0,21.0,2021-08-08 04:00:00,23.0,25.0,21,21,22.0,25.0,2021-08-01,22.0,25.0,False
2021-08-08,2021-08-07 23:00:00,6,21.0,21.0,2021-08-08 05:00:00,23.0,25.0,22,24,22.0,24.0,2021-08-01,22.0,24.0,False
2021-08-08,2021-08-07 23:00:00,7,21.0,23.0,2021-08-08 06:00:00,23.0,25.0,21,21,20.0,21.0,2021-08-01,20.0,21.0,False
2021-08-08,2021-08-07 23:00:00,8,22.0,25.0,2021-08-08 07:00:00,23.0,25.0,21,21,20.0,21.0,2021-08-01,20.0,21.0,False
2021-08-08,2021-08-07 23:00:00,9,21.0,21.0,2021-08-08 08:00:00,23.0,25.0,22,25,23.0,28.0,2021-08-01,23.0,28.0,False
2021-08-08,2021-08-07 23:00:00,10,21.0,21.0,2021-08-08 09:00:00,23.0,25.0,22,24,22.0,24.0,2021-08-01,22.0,24.0,False
2021-08-08,2021-08-07 23:00:00,11,23.0,25.0,2021-08-08 10:00:00,23.0,25.0,21,21,21.0,21.0,2021-08-01,21.0,21.0,False
2021-08-08,2021-08-07 23:00:00,12,21.0,21.0,2021-08-08 11:00:00,23.0,25.0,21,21,21.0,21.0,2021-08-01,21.0,21.0,False
2021-08-08,2021-08-07 23:00:00,13,21.0,21.0,2021-08-08 12:00:00,23.0,25.0,23,26,23.0,25.0,2021-08-01,23.0,25.0,False
2021-08-08,2021-08-07 23:00:00,14,21.0,23.0,2021-08-08 13:00:00,23.0,25.0,21,21,21.0,21.0,2021-08-01,21.0,21.0,False
2021-08-08,2021-08-07 23:00:00,15,22.0,25.0,2021-08-08 14:00:00,23.0,25.0,21,21,21.0,21.0,2021-08-01,21.0,21.0,False
2021-08-08,2021-08-07 23:00:00,16,21.0,21.0,2021-08-08 15:00:00,23.0,25.0,21,22,22.0,23.0,2021-08-01,22.0,23.0,False
2021-08-08,2021-08-07 23:00:00,17,21.0,21.0,2021-08-08 16:00:00,23.0,25.0,24,25,23.0,25.0,2021-08-01,23.0,25.0,False
2021-08-08,2021-08-07 23:00:00,18,22.0,25.0,2021-08-08 17:00:00,23.0,25.0,21,21,21.0,21.0,2021-08-01,21.0,21.0,False
2021-08-08,2021-08-07 23:00:00,19,22.0,24.0,2021-08-08 18:00:00,23.0,25.0,21,21,20.0,21.0,2021-08-01,20.0,21.0,False
2021-08-08,2021-08-07 23:00:00,20,21.0,21.0,2021-08-08 19:00:00,23.0,25.0,22,24,21.0,22.0,2021-08-01,21.0,22.0,False
2021-08-08,2021-08-07 23:00:00,21,21.0,22.0,2021-08-08 20:00:00,23.0,25.0,23,26,23.0,26.0,2021-08-01,23.0,26.0,False
2021-08-08,2021-08-07 23:00:00,22,22.0,26.0,2021-08-08 21:00:00,23.0,25.0,22,22,22.0,22.0,2021-08-01,22.0,22.0,False
2021-08-08,2021-08-07 23:00:00,23,21.0,22.0,2021-08-08 22:00:00,23.0,25.0,21,21,22.0,23.0,2021-08-01,22.0,23.0,False
2021-08-08,2021-08-07 23:00:00,24,21.0,21.0,2021-08-08 23:00:00,23.0,25.0,23,25,22.0,24.0,2021-08-01,22.0,24.0,False
2021-08-09,2021-08-08 23:00:00,1,21.0,21.0,2021-08-09 00:00:00,21.0,21.0,21,21,21.0,23.0,2021-08-01,21.0,23.0,False
2021-08-09,2021-08-08 23:00:00,2,23.0,25.0,2021-08-09 01:00:00,21.0,21.0,21,21,21.0,21.0,2021-08-01,21.0,21.0,False
2021-08-09,2021-08-08 23:00:00,3,20.0,21.0,2021-08-09 02:00:00,21.0,21.0,21,21,21.0,21.0,2021-08-01,21.0,21.0,False
2021-08-09,2021-08-08 23:00:00,4,22.0,23.0,2021-08-09 03:00:00,21.0,21.0,23,24,23.0,26.0,2021-08-01,23.0,26.0,False
2021-08-09,2021-08-08 23:00:00,5,21.0,22.0,2021-08-09 04:00:00,21.0,21.0,21,21,21.0,21.0,2021-08-01,21.0,21.0,False
2021-08-09,2021-08-08 23:00:00,6,21.0,25.0,2021-08-09 05:00:00,21.0,21.0,21,21,21.0,21.0,2021-08-01,21.0,21.0,False
2021-08-09,2021-08-08 23:00:00,7,20.0,20.0,2021-08-09 06:00:00,21.0,21.0,21,23,22.0,25.0,2021-08-01,22.0,25.0,False
2021-08-09,2021-08-08 23:00:00,8,70.0,112.0,2021-08-09 07:00:00,21.0,21.0,22,25,21.0,24.0,2021-08-01,21.0,24.0,False
2021-08-09,2021-08-08 23:00:00,9,193.0,215.0,2021-08-09 08:00:00,21.0,21.0,21,21,20.0,21.0,2021-08-01,20.0,21.0,False
2021-08-09,2021-08-08 23:00:00,10,191.0,197.0,2021-08-09 09:00:00,21.0,21.0,21,21,21.0,21.0,2021-08-01,21.0,21.0,False
2021-08-09,2021-08-08 23:00:00,11,182.0,201.0,2021-08-09 10:00:00,21.0,21.0,23,25,22.0,25.0,2021-08-01,22.0,25.0,False
2021-08-09,2021-08-08 23:00:00,12,187.0,192.0,2021-08-09 11:00:00,21.0,21.0,21,21,21.0,21.0,2021-08-01,21.0,21.0,False
2021-08-09,2021-08-08 23:00:00,13,129.0,144.0,2021-08-09 12:00:00,21.0,21.0,21,21,21.0,21.0,2021-08-01,21.0,21.0,False
2021-08-09,2021-08-08 23:00:00,14,182.0,200.0,2021-08-09 13:00:00,21.0,21.0,21,23,22.0,23.0,2021-08-01,22.0,23.0,False
2021-08-09,2021-08-08 23:00:00,15,183.0,191.0,2021-08-09 14:00:00,21.0,21.0,22,25,23.0,25.0,2021-08-01,23.0,25.0,False
2021-08-09,2021-08-08 23:00:00,16,167.0,183.0,2021-08-09 15:00:00,21.0,21.0,21,21,21.0,21.0,2021-08-01,21.0,21.0,False
2021-08-09,2021-08-08 23:00:00,17,184.0,191.0,2021-08-09 16:00:00,21.0,21.0,21,21,21.0,21.0,2021-08-01,21.0,21.0,False
2021-08-09,2021-08-08 23:00:00,18,146.0,169.0,2021-08-09 17:00:00,21.0,21.0,22,25,22.0,24.0,2021-08-01,22.0,24.0,False
2021-08-09,2021-08-08 23:00:00,19,98.0,103.0,2021-08-09 18:00:00,21.0,21.0,22,24,22.0,26.0,2021-08-01,22.0,26.0,False
2021-08-09,2021-08-08 23:00:00,20,93.0,95.0,2021-08-09 19:00:00,21.0,21.0,21,21,21.0,21.0,2021-08-01,21.0,21.0,False
2021-08-09,2021-08-08 23:00:00,21,109.0,113.0,2021-08-09 20:00:00,21.0,21.0,21,22,22.0,24.0,2021-08-01,22.0,24.0,False
2021-08-09,2021-08-08 23:00:00,22,115.0,119.0,2021-08-09 21:00:00,21.0,21.0,22,26,22.0,24.0,2021-08-01,22.0,24.0,False
2021-08-09,2021-08-08 23:00:00,23,109.0,112.0,2021-08-09 22:00:00,21.0,21.0,21,22,22.0,24.0,2021-08-01,22.0,24.0,False
2021-08-09,2021-08-08 23:00:00,24,98.0,108.0,2021-08-09 23:00:00,21.0,21.0,21,21,21.0,21.0,2021-08-01,21.0,21.0,False
2021-08-10,2021-08-09 23:00:00,1,68.0,71.0,2021-08-10 00:00:00,98.0,108.0,21,21,21.0,22.0,2021-08-01,21.0,22.0,False
2021-08-10,2021-08-09 23:00:00,2,99.0,104.0,2021-08-10 01:00:00,98.0,108.0,23,25,23.0,26.0,2021-08-01,23.0,26.0,False
2021-08-10,2021-08-09 23:00:00,3,96.0,97.0,2021-08-10 02:00:00,98.0,108.0,20,21,21.0,21.0,2021-08-01,21.0,21.0,False
2021-08-10,2021-08-09 23:00:00,4,98.0,104.0,2021-08-10 03:00:00,98.0,108.0,22,23,21.0,22.0,2021-08-01,21.0,22.0,False
2021-08-10,2021-08-09 23:00:00,5,101.0,103.0,2021-08-10 04:00:00,98.0,108.0,21,22,21.0,21.0,2021-08-01,21.0,21.0,False
2021-08-10,2021-08-09 23:00:00,6,85.0,99.0,2021-08-10 05:00:00,98.0,108.0,21,25,22.0,24.0,2021-08-01,22.0,24.0,False
2021-08-10,2021-08-09 23:00:00,7,100.0,105.0,2021-08-10 06:00:00,98.0,108.0,20,20,21.0,21.0,2021-08-01,21.0,21.0,False
2021-08-10,2021-08-09 23:00:00,8,128.0,138.0,2021-08-10 07:00:00,98.0,108.0,70,112,20.0,21.0,2021-08-01,20.0,21.0,False
2021-08-10,2021-08-09 23:00:00,9,183.0,195.0,2021-08-10 08:00:00,98.0,108.0,193,215,22.0,25.0,2021-08-01,22.0,25.0,False
2021-08-10,2021-08-09 23:00:00,10,185.0,193.0,2021-08-10 09:00:00,98.0,108.0,191,197,21.0,21.0,2021-08-01,21.0,21.0,False
2021-08-10,2021-08-09 23:00:00,11,175.0,192.0,2021-08-10 10:00:00,98.0,108.0,182,201,21.0,21.0,2021-08-01,21.0,21.0,False
2021-08-10,2021-08-09 23:00:00,12,185.0,191.0,2021-08-10 11:00:00,98.0,108.0,187,192,22.0,24.0,2021-08-01,22.0,24.0,False
2021-08-10,2021-08-09 23:00:00,13,107.0,119.0,2021-08-10 12:00:00,98.0,108.0,129,144,23.0,25.0,2021-08-01,23.0,25.0,False
2021-08-10,2021-08-09 23:00:00,14,181.0,190.0,2021-08-10 13:00:00,98.0,108.0,182,200,21.0,21.0,2021-08-01,21.0,21.0,False
2021-08-10,2021-08-09 23:00:00,15,170.0,180.0,2021-08-10 14:00:00,98.0,108.0,183,191,21.0,22.0,2021-08-01,21.0,22.0,False
2021-08-10,2021-08-09 23:00:00,16,155.0,181.0,2021-08-10 15:00:00,98.0,108.0,167,183,23.0,26.0,2021-08-01,23.0,26.0,False
2021-08-10,2021-08-09 23:00:00,17,169.0,182.0,2021-08-10 16:00:00,98.0,108.0,184,191,22.0,24.0,2021-08-01,22.0,24.0,False
2021-08-10,2021-08-09 23:00:00,18,126.0,156.0,2021-08-10 17:00:00,98.0,108.0,146,169,21.0,21.0,2021-08-01,21.0,21.0,False
2021-08-10,2021-08-09 23:00:00,19,165.0,168.0,2021-08-10 18:00:00,98.0,108.0,98,103,22.0,24.0,2021-08-01,22.0,24.0,False
2021-08-10,2021-08-09 23:00:00,20,156.0,163.0,2021-08-10 19:00:00,98.0,108.0,93,95,23.0,25.0,2021-08-01,23.0,25.0,False
2021-08-10,2021-08-09 23:00:00,21,129.0,135.0,2021-08-10 20:00:00,98.0,108.0,109,113,21.0,22.0,2021-08-01,21.0,22.0,False
2021-08-10,2021-08-09 23:00:00,22,123.0,127.0,2021-08-10 21:00:00,98.0,108.0,115,119,22.0,22.0,2021-08-01,22.0,22.0,False
2021-08-10,2021-08-09 23:00:00,23,106.0,114.0,2021-08-10 22:00:00,98.0,108.0,109,112,21.0,21.0,2021-08-01,21.0,21.0,False
2021-08-10,2021-08-09 23:00:00,24,99.0,109.0,2021-08-10 23:00:00,98.0,108.0,98,108,23.0,26.0,2021-08-01,23.0,26.0,False
2021-08-11,2021-08-10 23:00:00,1,77.0,83.0,2021-08-11 00:00:00,99.0,109.0,68,71,21.0,21.0,2021-08-01,21.0,21.0,False
2021-08-11,2021-08-10 23:00:00,2,99.0,108.0,2021-08-11 01:00:00,99.0,109.0,99,104,21.0,21.0,2021-08-01,21.0,21.0,False
2021-08-11,2021-08-10 23:00:00,3,109.0,114.0,2021-08-11 02:00:00,99.0,109.0,96,97,20.0,21.0,2021-08-01,20.0,21.0,False
2021-08-11,2021-08-10 23:00:00,4,104.0,113.0,2021-08-11 03:00:00,99.0,109.0,98,104,22.0,25.0,2021-08-01,22.0,25.0,False
2021-08-11,2021-08-10 23:00:00,5,111.0,116.0,2021-08-11 04:00:00,99.0,109.0,101,103,21.0,21.0,2021-08-01,21.0,21.0,False
2021-08-11,2021-08-10 23:00:00,6,92.0,105.0,2021-08-11 05:00:00,99.0,109.0,85,99,21.0,21.0,2021-08-01,21.0,21.0,False
2021-08-11,2021-08-10 23:00:00,7,122.0,129.0,2021-08-11 06:00:00,99.0,109.0,100,105,23.0,26.0,2021-08-01,23.0,26.0,False
2021-08-11,2021-08-10 23:00:00,8,132.0,150.0,2021-08-11 07:00:00,99.0,109.0,128,138,20.0,21.0,2021-08-01,20.0,21.0,False
2021-08-11,2021-08-10 23:00:00,9,203.0,218.0,2021-08-11 08:00:00,99.0,109.0,183,195,21.0,23.0,2021-08-01,21.0,23.0,False
2021-08-11,2021-08-10 23:00:00,10,179.0,189.0,2021-08-11 09:00:00,99.0,109.0,185,193,21.0,21.0,2021-08-01,21.0,21.0,False
2021-08-11,2021-08-10 23:00:00,11,183.0,192.0,2021-08-11 10:00:00,99.0,109.0,175,192,22.0,25.0,2021-08-01,22.0,25.0,False
2021-08-11,2021-08-10 23:00:00,12,184.0,192.0,2021-08-11 11:00:00,99.0,109.0,185,191,21.0,21.0,2021-08-01,21.0,21.0,False
2021-08-11,2021-08-10 23:00:00,13,113.0,132.0,2021-08-11 12:00:00,99.0,109.0,107,119,21.0,21.0,2021-08-01,21.0,21.0,False
2021-08-11,2021-08-10 23:00:00,14,183.0,205.0,2021-08-11 13:00:00,99.0,109.0,181,190,22.0,25.0,2021-08-01,22.0,25.0,False
2021-08-11,2021-08-10 23:00:00,15,187.0,207.0,2021-08-11 14:00:00,99.0,109.0,170,180,22.0,24.0,2021-08-01,22.0,24.0,False
2021-08-11,2021-08-10 23:00:00,16,153.0,177.0,2021-08-11 15:00:00,99.0,109.0,155,181,22.0,24.0,2021-08-01,22.0,24.0,False
2021-08-11,2021-08-10 23:00:00,17,182.0,187.0,2021-08-11 16:00:00,99.0,109.0,169,182,21.0,22.0,2021-08-01,21.0,22.0,False
2021-08-11,2021-08-10 23:00:00,18,151.0,177.0,2021-08-11 17:00:00,99.0,109.0,126,156,23.0,26.0,2021-08-01,23.0,26.0,False
2021-08-11,2021-08-10 23:00:00,19,180.0,194.0,2021-08-11 18:00:00,99.0,109.0,165,168,21.0,22.0,2021-08-01,21.0,22.0,False
2021-08-11,2021-08-10 23:00:00,20,150.0,163.0,2021-08-11 19:00:00,99.0,109.0,156,163,21.0,21.0,2021-08-01,21.0,21.0,False
2021-08-11,2021-08-10 23:00:00,21,125.0,128.0,2021-08-11 20:00:00,99.0,109.0,129,135,21.0,21.0,2021-08-01,21.0,21.0,False
2021-08-11,2021-08-10 23:00:00,22,108.0,115.0,2021-08-11 21:00:00,99.0,109.0,123,127,23.0,26.0,2021-08-01,23.0,26.0,False
2021-08-11,2021-08-10 23:00:00,23,110.0,116.0,2021-08-11 22:00:00,99.0,109.0,106,114,21.0,21.0,2021-08-01,21.0,21.0,False
2021-08-11,2021-08-10 23:00:00,24,99.0,109.0,2021-08-11 23:00:00,99.0,109.0,99,109,21.0,22.0,2021-08-01,21.0,22.0,False
2021-08-12,2021-08-11 23:00:00,1,76.0,81.0,2021-08-12 00:00:00,99.0,109.0,77,83,21.0,21.0,2021-08-01,21.0,21.0,False
2021-08-12,2021-08-11 23:00:00,2,105.0,115.0,2021-08-12 01:00:00,99.0,109.0,99,108,22.0,25.0,2021-08-01,22.0,25.0,False
2021-08-12,2021-08-11 23:00:00,3,108.0,110.0,2021-08-12 02:00:00,99.0,109.0,109,114,21.0,21.0,2021-08-01,21.0,21.0,False
2021-08-12,2021-08-11 23:00:00,4,104.0,110.0,2021-08-12 03:00:00,99.0,109.0,104,113,21.0,21.0,2021-08-01,21.0,21.0,False
2021-08-12,2021-08-11 23:00:00,5,107.0,114.0,2021-08-12 04:00:00,99.0,109.0,111,116,22.0,25.0,2021-08-01,22.0,25.0,False
2021-08-12,2021-08-11 23:00:00,6,89.0,103.0,2021-08-12 05:00:00,99.0,109.0,92,105,21.0,22.0,2021-08-01,21.0,22.0,False
2021-08-12,2021-08-11 23:00:00,7,114.0,117.0,2021-08-12 06:00:00,99.0,109.0,122,129,21.0,22.0,2021-08-01,21.0,22.0,False
2021-08-12,2021-08-11 23:00:00,8,130.0,149.0,2021-08-12 07:00:00,99.0,109.0,132,150,20.0,20.0,2021-08-01,20.0,20.0,False
2021-08-12,2021-08-11 23:00:00,9,187.0,196.0,2021-08-12 08:00:00,99.0,109.0,203,218,22.0,24.0,2021-08-01,22.0,24.0,False
2021-08-12,2021-08-11 23:00:00,10,181.0,189.0,2021-08-12 09:00:00,99.0,109.0,179,189,21.0,21.0,2021-08-01,21.0,21.0,False
2021-08-12,2021-08-11 23:00:00,11,177.0,186.0,2021-08-12 10:00:00,99.0,109.0,183,192,21.0,21.0,2021-08-01,21.0,21.0,False
2021-08-12,2021-08-11 23:00:00,12,188.0,199.0,2021-08-12 11:00:00,99.0,109.0,184,192,22.0,25.0,2021-08-01,22.0,25.0,False
2021-08-12,2021-08-11 23:00:00,13,120.0,133.0,2021-08-12 12:00:00,99.0,109.0,113,132,22.0,24.0,2021-08-01,22.0,24.0,False
2021-08-12,2021-08-11 23:00:00,14,170.0,191.0,2021-08-12 13:00:00,99.0,109.0,183,205,22.0,24.0,2021-08-01,22.0,24.0,False
2021-08-12,2021-08-11 23:00:00,15,184.0,193.0,2021-08-12 14:00:00,99.0,109.0,187,207,21.0,22.0,2021-08-01,21.0,22.0,False
2021-08-12,2021-08-11 23:00:00,16,165.0,197.0,2021-08-12 15:00:00,99.0,109.0,153,177,23.0,25.0,2021-08-01,23.0,25.0,False
2021-08-12,2021-08-11 23:00:00,17,170.0,176.0,2021-08-12 16:00:00,99.0,109.0,182,187,22.0,22.0,2021-08-01,22.0,22.0,False
2021-08-12,2021-08-11 23:00:00,18,135.0,160.0,2021-08-12 17:00:00,99.0,109.0,151,177,22.0,22.0,2021-08-01,22.0,22.0,False
2021-08-12,2021-08-11 23:00:00,19,172.0,177.0,2021-08-12 18:00:00,99.0,109.0,180,194,21.0,21.0,2021-08-01,21.0,21.0,False
2021-08-12,2021-08-11 23:00:00,20,161.0,182.0,2021-08-12 19:00:00,99.0,109.0,150,163,22.0,25.0,2021-08-01,22.0,25.0,False
2021-08-12,2021-08-11 23:00:00,21,125.0,127.0,2021-08-12 20:00:00,99.0,109.0,125,128,21.0,22.0,2021-08-01,21.0,22.0,False
2021-08-12,2021-08-11 23:00:00,22,112.0,114.0,2021-08-12 21:00:00,99.0,109.0,108,115,21.0,22.0,2021-08-01,21.0,22.0,False
2021-08-12,2021-08-11 23:00:00,23,116.0,122.0,2021-08-12 22:00:00,99.0,109.0,110,116,22.0,23.0,2021-08-01,22.0,23.0,False
2021-08-12,2021-08-11 23:00:00,24,103.0,118.0,2021-08-12 23:00:00,99.0,109.0,99,109,23.0,26.0,2021-08-01,23.0,26.0,False
2021-08-13,2021-08-12 23:00:00,1,72.0,79.0,2021-08-13 00:00:00,103.0,118.0,76,81,21.0,21.0,2021-08-01,21.0,21.0,False
2021-08-13,2021-08-12 23:00:00,2,100.0,105.0,2021-08-13 01:00:00,103.0,118.0,105,115,21.0,21.0,2021-08-01,21.0,21.0,False
2021-08-13,2021-08-12 23:00:00,3,112.0,117.0,2021-08-13 02:00:00,103.0,118.0,108,110,20.0,21.0,2021-08-01,20.0,21.0,False
2021-08-13,2021-08-12 23:00:00,4,116.0,120.0,2021-08-13 03:00:00,103.0,118.0,104,110,22.0,25.0,2021-08-01,22.0,25.0,False
2021-08-13,2021-08-12 23:00:00,5,110.0,116.0,2021-08-13 04:00:00,103.0,118.0,107,114,22.0,23.0,2021-08-01,22.0,23.0,False
2021-08-13,2021-08-12 23:00:00,6,88.0,108.0,2021-08-13 05:00:00,103.0,118.0,89,103,21.0,21.0,2021-08-01,21.0,21.0,False
2021-08-13,2021-08-12 23:00:00,7,110.0,116.0,2021-08-13 06:00:00,103.0,118.0,114,117,22.0,25.0,2021-08-01,22.0,25.0,False
2021-08-13,2021-08-12 23:00:00,8,136.0,166.0,2021-08-13 07:00:00,103.0,118.0,130,149,20.0,21.0,2021-08-01,20.0,21.0,False
2021-08-13,2021-08-12 23:00:00,9,196.0,207.0,2021-08-13 08:00:00,103.0,118.0,187,196,20.0,21.0,2021-08-01,20.0,21.0,False
2021-08-13,2021-08-12 23:00:00,10,188.0,191.0,2021-08-13 09:00:00,103.0,118.0,181,189,21.0,21.0,2021-08-01,21.0,21.0,False
2021-08-13,2021-08-12 23:00:00,11,184.0,201.0,2021-08-13 10:00:00,103.0,118.0,177,186,24.0,25.0,2021-08-01,24.0,25.0,False
2021-08-13,2021-08-12 23:00:00,12,196.0,204.0,2021-08-13 11:00:00,103.0,118.0,188,199,24.0,25.0,2021-08-01,24.0,25.0,False
2021-08-13,2021-08-12 23:00:00,13,111.0,134.0,2021-08-13 12:00:00,103.0,118.0,120,133,24.0,24.0,2021-08-01,24.0,24.0,False
2021-08-13,2021-08-12 23:00:00,14,183.0,195.0,2021-08-13 13:00:00,103.0,118.0,170,191,23.0,24.0,2021-08-01,23.0,24.0,False
2021-08-13,2021-08-12 23:00:00,15,189.0,200.0,2021-08-13 14:00:00,103.0,118.0,184,193,24.0,27.0,2021-08-01,24.0,27.0,False
2021-08-13,2021-08-12 23:00:00,16,167.0,195.0,2021-08-13 15:00:00,103.0,118.0,165,197,22.0,22.0,2021-08-01,22.0,22.0,False
2021-08-13,2021-08-12 23:00:00,17,183.0,186.0,2021-08-13 16:00:00,103.0,118.0,170,176,22.0,22.0,2021-08-01,22.0,22.0,False
2021-08-13,2021-08-12 23:00:00,18,149.0,176.0,2021-08-13 17:00:00,103.0,118.0,135,160,23.0,25.0,2021-08-01,23.0,25.0,False
2021-08-13,2021-08-12 23:00:00,19,174.0,177.0,2021-08-13 18:00:00,103.0,118.0,172,177,22.0,22.0,2021-08-01,22.0,22.0,False
2021-08-13,2021-08-12 23:00:00,20,146.0,168.0,2021-08-13 19:00:00,103.0,118.0,161,182,21.0,21.0,2021-08-01,21.0,21.0,False
2021-08-13,2021-08-12 23:00:00,21,117.0,125.0,2021-08-13 20:00:00,103.0,118.0,125,127,21.0,21.0,2021-08-01,21.0,21.0,False
2021-08-13,2021-08-12 23:00:00,22,113.0,119.0,2021-08-13 21:00:00,103.0,118.0,112,114,23.0,26.0,2021-08-01,23.0,26.0,False
2021-08-13,2021-08-12 23:00:00,23,109.0,118.0,2021-08-13 22:00:00,103.0,118.0,116,122,21.0,21.0,2021-08-01,21.0,21.0,False
2021-08-13,2021-08-12 23:00:00,24,97.0,116.0,2021-08-13 23:00:00,103.0,118.0,103,118,21.0,21.0,2021-08-01,21.0,21.0,False
2021-08-14,2021-08-13 23:00:00,1,62.0,67.0,2021-08-14 00:00:00,97.0,116.0,72,79,22.0,24.0,2021-08-01,22.0,24.0,False
2021-08-14,2021-08-13 23:00:00,2,97.0,106.0,2021-08-14 01:00:00,97.0,116.0,100,105,22.0,25.0,2021-08-01,22.0,25.0,False
2021-08-14,2021-08-13 23:00:00,3,107.0,108.0,2021-08-14 02:00:00,97.0,116.0,112,117,21.0,21.0,2021-08-01,21.0,21.0,False
2021-08-14,2021-08-13 23:00:00,4,91.0,98.0,2021-08-14 03:00:00,97.0,116.0,116,120,21.0,21.0,2021-08-01,21.0,21.0,False
2021-08-14,2021-08-13 23:00:00,5,98.0,100.0,2021-08-14 04:00:00,97.0,116.0,110,116,21.0,21.0,2021-08-01,21.0,21.0,False
2021-08-14,2021-08-13 23:00:00,6,83.0,91.0,2021-08-14 05:00:00,97.0,116.0,88,108,22.0,24.0,2021-08-01,22.0,24.0,False
2021-08-14,2021-08-13 23:00:00,7,86.0,91.0,2021-08-14 06:00:00,97.0,116.0,110,116,21.0,21.0,2021-08-01,21.0,21.0,False
2021-08-14,2021-08-13 23:00:00,8,53.0,75.0,2021-08-14 07:00:00,97.0,116.0,136,166,21.0,21.0,2021-08-01,21.0,21.0,False
2021-08-14,2021-08-13 23:00:00,9,23.0,26.0,2021-08-14 08:00:00,97.0,116.0,196,207,22.0,25.0,2021-08-01,22.0,25.0,False
2021-08-14,2021-08-13 23:00:00,10,22.0,23.0,2021-08-14 09:00:00,97.0,116.0,188,191,22.0,24.0,2021-08-01,22.0,24.0,False
2021-08-14,2021-08-13 23:00:00,11,21.0,21.0,2021-08-14 10:00:00,97.0,116.0,184,201,21.0,21.0,2021-08-01,21.0,21.0,False
2021-08-14,2021-08-13 23:00:00,12,23.0,26.0,2021-08-14 11:00:00,97.0,116.0,196,204,21.0,21.0,2021-08-01,21.0,21.0,False
2021-08-14,2021-08-13 23:00:00,13,22.0,23.0,2021-08-14 12:00:00,97.0,116.0,111,134,23.0,26.0,2021-08-01,23.0,26.0,False
2021-08-14,2021-08-13 23:00:00,14,21.0,21.0,2021-08-14 13:00:00,97.0,116.0,183,195,21.0,21.0,2021-08-01,21.0,21.0,False
2021-08-14,2021-08-13 23:00:00,15,22.0,22.0,2021-08-14 14:00:00,97.0,116.0,189,200,21.0,21.0,2021-08-01,21.0,21.0,False
2021-08-14,2021-08-13 23:00:00,16,23.0,26.0,2021-08-14 15:00:00,97.0,116.0,167,195,21.0,22.0,2021-08-01,21.0,22.0,False
2021-08-14,2021-08-13 23:00:00,17,22.0,22.0,2021-08-14 16:00:00,97.0,116.0,183,186,24.0,25.0,2021-08-01,24.0,25.0,False
2021-08-14,2021-08-13 23:00:00,18,21.0,22.0,2021-08-14 17:00:00,97.0,116.0,149,176,21.0,21.0,2021-08-01,21.0,21.0,False
2021-08-14,2021-08-13 23:00:00,19,22.0,24.0,2021-08-14 18:00:00,97.0,116.0,174,177,21.0,21.0,2021-08-01,21.0,21.0,False
2021-08-14,2021-08-13 23:00:00,20,23.0,26.0,2021-08-14 19:00:00,97.0,116.0,146,168,22.0,24.0,2021-08-01,22.0,24.0,False
2021-08-14,2021-08-13 23:00:00,21,22.0,22.0,2021-08-14 20:00:00,97.0,116.0,117,125,23.0,26.0,2021-08-01,23.0,26.0,False
2021-08-14,2021-08-13 23:00:00,22,22.0,23.0,2021-08-14 21:00:00,97.0,116.0,113,119,22.0,22.0,2021-08-01,22.0,22.0,False
2021-08-14,2021-08-13 23:00:00,23,23.0,25.0,2021-08-14 22:00:00,97.0,116.0,109,118,21.0,21.0,2021-08-01,21.0,21.0,False
2021-08-14,2021-08-13 23:00:00,24,22.0,22.0,2021-08-14 23:00:00,97.0,116.0,97,116,23.0,25.0,2021-08-01,23.0,25.0,False
2021-08-15,2021-08-14 23:00:00,1,22.0,22.0,2021-08-15 00:00:00,22.0,22.0,62,67,21.0,21.0,2021-08-01,21.0,21.0,False
2021-08-15,2021-08-14 23:00:00,2,23.0,28.0,2021-08-15 01:00:00,22.0,22.0,97,106,21.0,21.0,2021-08-01,21.0,21.0,False
2021-08-15,2021-08-14 23:00:00,3,22.0,24.0,2021-08-15 02:00:00,22.0,22.0,107,108,21.0,21.0,2021-08-01,21.0,21.0,False
2021-08-15,2021-08-14 23:00:00,4,21.0,22.0,2021-08-15 03:00:00,22.0,22.0,91,98,23.0,24.0,2021-08-01,23.0,24.0,False
2021-08-15,2021-08-14 23:00:00,5,22.0,22.0,2021-08-15 04:00:00,22.0,22.0,98,100,21.0,21.0,2021-08-01,21.0,21.0,False
2021-08-15,2021-08-14 23:00:00,6,23.0,25.0,2021-08-15 05:00:00,22.0,22.0,83,91,21.0,21.0,2021-08-01,21.0,21.0,False
2021-08-15,2021-08-14 23:00:00,7,22.0,22.0,2021-08-15 06:00:00,22.0,22.0,86,91,21.0,23.0,2021-08-01,21.0,23.0,False
2021-08-15,2021-08-14 23:00:00,8,21.0,21.0,2021-08-15 07:00:00,22.0,22.0,53,75,22.0,25.0,2021-08-01,22.0,25.0,False
2021-08-15,2021-08-14 23:00:00,9,23.0,26.0,2021-08-15 08:00:00,22.0,22.0,23,26,21.0,21.0,2021-08-01,21.0,21.0,False
2021-08-15,2021-08-14 23:00:00,10,23.0,24.0,2021-08-15 09:00:00,22.0,22.0,22,23,21.0,21.0,2021-08-01,21.0,21.0,False
2021-08-15,2021-08-14 23:00:00,11,21.0,21.0,2021-08-15 10:00:00,22.0,22.0,21,21,23.0,25.0,2021-08-01,23.0,25.0,False
2021-08-15,2021-08-14 23:00:00,12,22.0,22.0,2021-08-15 11:00:00,22.0,22.0,23,26,21.0,21.0,2021-08-01,21.0,21.0,False
2021-08-15,2021-08-14 23:00:00,13,23.0,26.0,2021-08-15 12:00:00,22.0,22.0,22,23,21.0,21.0,2021-08-01,21.0,21.0,False
2021-08-15,2021-08-14 23:00:00,14,22.0,22.0,2021-08-15 13:00:00,22.0,22.0,21,21,21.0,23.0,2021-08-01,21.0,23.0,False
2021-08-15,2021-08-14 23:00:00,15,22.0,22.0,2021-08-15 14:00:00,22.0,22.0,22,22,22.0,25.0,2021-08-01,22.0,25.0,False
2021-08-15,2021-08-14 23:00:00,16,21.0,21.0,2021-08-15 15:00:00,22.0,22.0,23,26,21.0,21.0,2021-08-01,21.0,21.0,False
2021-08-15,2021-08-14 23:00:00,17,23.0,25.0,2021-08-15 16:00:00,22.0,22.0,22,22,21.0,21.0,2021-08-01,21.0,21.0,False
2021-08-15,2021-08-14 23:00:00,18,22.0,22.0,2021-08-15 17:00:00,22.0,22.0,21,22,22.0,25.0,2021-08-01,22.0,25.0,False
2021-08-15,2021-08-14 23:00:00,19,21.0,21.0,2021-08-15 18:00:00,22.0,22.0,22,24,22.0,24.0,2021-08-01,22.0,24.0,False
2021-08-15,2021-08-14 23:00:00,20,23.0,25.0,2021-08-15 19:00:00,22.0,22.0,23,26,21.0,21.0,2021-08-01,21.0,21.0,False
2021-08-15,2021-08-14 23:00:00,21,22.0,22.0,2021-08-15 20:00:00,22.0,22.0,22,22,21.0,22.0,2021-08-01,21.0,22.0,False
2021-08-15,2021-08-14 23:00:00,22,22.0,22.0,2021-08-15 21:00:00,22.0,22.0,22,23,22.0,26.0,2021-08-01,22.0,26.0,False
2021-08-15,2021-08-14 23:00:00,23,23.0,24.0,2021-08-15 22:00:00,22.0,22.0,23,25,21.0,22.0,2021-08-01,21.0,22.0,False
2021-08-15,2021-08-14 23:00:00,24,23.0,25.0,2021-08-15 23:00:00,22.0,22.0,22,22,21.0,21.0,2021-08-01,21.0,21.0,False
2021-08-16,2021-08-15 23:00:00,1,22.0,22.0,2021-08-16 00:00:00,23.0,25.0,22,22,21.0,21.0,2021-08-01,21.0,21.0,False
2021-08-16,2021-08-15 23:00:00,2,21.0,23.0,2021-08-16 01:00:00,23.0,25.0,23,28,23.0,25.0,2021-08-01,23.0,25.0,False
2021-08-16,2021-08-15 23:00:00,3,23.0,26.0,2021-08-16 02:00:00,23.0,25.0,22,24,20.0,21.0,2021-08-01,20.0,21.0,False
2021-08-16,2021-08-15 23:00:00,4,21.0,21.0,2021-08-16 03:00:00,23.0,25.0,21,22,22.0,23.0,2021-08-01,22.0,23.0,False
2021-08-16,2021-08-15 23:00:00,5,22.0,22.0,2021-08-16 04:00:00,23.0,25.0,22,22,21.0,22.0,2021-08-01,21.0,22.0,False
2021-08-16,2021-08-15 23:00:00,6,22.0,22.0,2021-08-16 05:00:00,23.0,25.0,23,25,21.0,25.0,2021-08-01,21.0,25.0,False
2021-08-16,2021-08-15 23:00:00,7,23.0,26.0,2021-08-16 06:00:00,23.0,25.0,22,22,20.0,20.0,2021-08-01,20.0,20.0,False
2021-08-16,2021-08-15 23:00:00,8,60.0,122.0,2021-08-16 07:00:00,23.0,25.0,21,21,70.0,112.0,2021-08-01,70.0,112.0,False
2021-08-16,2021-08-15 23:00:00,9,174.0,183.0,2021-08-16 08:00:00,23.0,25.0,23,26,193.0,215.0,2021-08-01,193.0,215.0,True
2021-08-16,2021-08-15 23:00:00,10,183.0,190.0,2021-08-16 09:00:00,23.0,25.0,23,24,191.0,197.0,2021-08-01,191.0,197.0,True
2021-08-16,2021-08-15 23:00:00,11,144.0,157.0,2021-08-16 10:00:00,23.0,25.0,21,21,182.0,201.0,2021-08-01,182.0,201.0,True
2021-08-16,2021-08-15 23:00:00,12,155.0,157.0,2021-08-16 11:00:00,23.0,25.0,22,22,187.0,192.0,2021-08-01,187.0,192.0,True
2021-08-16,2021-08-15 23:00:00,13,97.0,107.0,2021-08-16 12:00:00,23.0,25.0,23,26,129.0,144.0,2021-08-01,129.0,144.0,False
2021-08-16,2021-08-15 23:00:00,14,153.0,157.0,2021-08-16 13:00:00,23.0,25.0,22,22,182.0,200.0,2021-08-01,182.0,200.0,True
2021-08-16,2021-08-15 23:00:00,15,146.0,153.0,2021-08-16 14:00:00,23.0,25.0,22,22,183.0,191.0,2021-08-01,183.0,191.0,True
2021-08-16,2021-08-15 23:00:00,16,133.0,146.0,2021-08-16 15:00:00,23.0,25.0,21,21,167.0,183.0,2021-08-01,167.0,183.0,True
2021-08-16,2021-08-15 23:00:00,17,116.0,125.0,2021-08-16 16:00:00,23.0,25.0,23,25,184.0,191.0,2021-08-01,184.0,191.0,True
2021-08-16,2021-08-15 23:00:00,18,100.0,105.0,2021-08-16 17:00:00,23.0,25.0,22,22,146.0,169.0,2021-08-01,146.0,169.0,True
2021-08-16,2021-08-15 23:00:00,19,92.0,94.0,2021-08-16 18:00:00,23.0,25.0,21,21,98.0,103.0,2021-08-01,98.0,103.0,False
2021-08-16,2021-08-15 23:00:00,20,89.0,95.0,2021-08-16 19:00:00,23.0,25.0,23,25,93.0,95.0,2021-08-01,93.0,95.0,False
2021-08-16,2021-08-15 23:00:00,21,98.0,102.0,2021-08-16 20:00:00,23.0,25.0,22,22,109.0,113.0,2021-08-01,109.0,113.0,False
2021-08-16,2021-08-15 23:00:00,22,112.0,116.0,2021-08-16 21:00:00,23.0,25.0,22,22,115.0,119.0,2021-08-01,115.0,119.0,False
2021-08-16,2021-08-15 23:00:00,23,95.0,102.0,2021-08-16 22:00:00,23.0,25.0,23,24,109.0,112.0,2021-08-01,109.0,112.0,False
2021-08-16,2021-08-15 23:00:00,24,96.0,102.0,2021-08-16 23:00:00,23.0,25.0,23,25,98.0,108.0,2021-08-01,98.0,108.0,False
2021-08-17,2021-08-16 23:00:00,1,70.0,71.0,2021-08-17 00:00:00,96.0,102.0,22,22,68.0,71.0,2021-08-01,68.0,71.0,False
2021-08-17,2021-08-16 23:00:00,2,96.0,100.0,2021-08-17 01:00:00,96.0,102.0,21,23,99.0,104.0,2021-08-01,99.0,104.0,False
2021-08-17,2021-08-16 23:00:00,3,98.0,101.0,2021-08-17 02:00:00,96.0,102.0,23,26,96.0,97.0,2021-08-01,96.0,97.0,False
2021-08-17,2021-08-16 23:00:00,4,92.0,99.0,2021-08-17 03:00:00,96.0,102.0,21,21,98.0,104.0,2021-08-01,98.0,104.0,False
2021-08-17,2021-08-16 23:00:00,5,93.0,98.0,2021-08-17 04:00:00,96.0,102.0,22,22,101.0,103.0,2021-08-01,101.0,103.0,False
2021-08-17,2021-08-16 23:00:00,6,86.0,103.0,2021-08-17 05:00:00,96.0,102.0,22,22,85.0,99.0,2021-08-01,85.0,99.0,False
2021-08-17,2021-08-16 23:00:00,7,94.0,96.0,2021-08-17 06:00:00,96.0,102.0,23,26,100.0,105.0,2021-08-01,100.0,105.0,False
2021-08-17,2021-08-16 23:00:00,8,125.0,146.0,2021-08-17 07:00:00,96.0,102.0,60,122,128.0,138.0,2021-08-01,128.0,138.0,False
2021-08-17,2021-08-16 23:00:00,9,164.0,171.0,2021-08-17 08:00:00,96.0,102.0,174,183,183.0,195.0,2021-08-01,183.0,195.0,True
2021-08-17,2021-08-16 23:00:00,10,163.0,170.0,2021-08-17 09:00:00,96.0,102.0,183,190,185.0,193.0,2021-08-01,185.0,193.0,True
2021-08-17,2021-08-16 23:00:00,11,153.0,165.0,2021-08-17 10:00:00,96.0,102.0,144,157,175.0,192.0,2021-08-01,175.0,192.0,True
2021-08-17,2021-08-16 23:00:00,12,169.0,173.0,2021-08-17 11:00:00,96.0,102.0,155,157,185.0,191.0,2021-08-01,185.0,191.0,True
2021-08-17,2021-08-16 23:00:00,13,110.0,134.0,2021-08-17 12:00:00,96.0,102.0,97,107,107.0,119.0,2021-08-01,107.0,119.0,False
2021-08-17,2021-08-16 23:00:00,14,162.0,164.0,2021-08-17 13:00:00,96.0,102.0,153,157,181.0,190.0,2021-08-01,181.0,190.0,True
2021-08-17,2021-08-16 23:00:00,15,161.0,164.0,2021-08-17 14:00:00,96.0,102.0,146,153,170.0,180.0,2021-08-01,170.0,180.0,True
2021-08-17,2021-08-16 23:00:00,16,150.0,168.0,2021-08-17 15:00:00,96.0,102.0,133,146,155.0,181.0,2021-08-01,155.0,181.0,True
2021-08-17,2021-08-16 23:00:00,17,152.0,158.0,2021-08-17 16:00:00,96.0,102.0,116,125,169.0,182.0,2021-08-01,169.0,182.0,True
2021-08-17,2021-08-16 23:00:00,18,113.0,135.0,2021-08-17 17:00:00,96.0,102.0,100,105,126.0,156.0,2021-08-01,126.0,156.0,False
2021-08-17,2021-08-16 23:00:00,19,149.0,158.0,2021-08-17 18:00:00,96.0,102.0,92,94,165.0,168.0,2021-08-01,165.0,168.0,True
2021-08-17,2021-08-16 23:00:00,20,138.0,143.0,2021-08-17 19:00:00,96.0,102.0,89,95,156.0,163.0,2021-08-01,156.0,163.0,False
2021-08-17,2021-08-16 23:00:00,21,120.0,128.0,2021-08-17 20:00:00,96.0,102.0,98,102,129.0,135.0,2021-08-01,129.0,135.0,False
2021-08-17,2021-08-16 23:00:00,22,118.0,121.0,2021-08-17 21:00:00,96.0,102.0,112,116,123.0,127.0,2021-08-01,123.0,127.0,False
2021-08-17,2021-08-16 23:00:00,23,110.0,118.0,2021-08-17 22:00:00,96.0,102.0,95,102,106.0,114.0,2021-08-01,106.0,114.0,False
2021-08-17,2021-08-16 23:00:00,24,104.0,118.0,2021-08-17 23:00:00,96.0,102.0,96,102,99.0,109.0,2021-08-01,99.0,109.0,False
2021-08-18,2021-08-17 23:00:00,1,65.0,66.0,2021-08-18 00:00:00,104.0,118.0,70,71,77.0,83.0,2021-08-01,77.0,83.0,False
2021-08-18,2021-08-17 23:00:00,2,95.0,105.0,2021-08-18 01:00:00,104.0,118.0,96,100,99.0,108.0,2021-08-01,99.0,108.0,False
2021-08-18,2021-08-17 23:00:00,3,103.0,105.0,2021-08-18 02:00:00,104.0,118.0,98,101,109.0,114.0,2021-08-01,109.0,114.0,False
2021-08-18,2021-08-17 23:00:00,4,91.0,101.0,2021-08-18 03:00:00,104.0,118.0,92,99,104.0,113.0,2021-08-01,104.0,113.0,False
2021-08-18,2021-08-17 23:00:00,5,95.0,99.0,2021-08-18 04:00:00,104.0,118.0,93,98,111.0,116.0,2021-08-01,111.0,116.0,False
2021-08-18,2021-08-17 23:00:00,6,83.0,98.0,2021-08-18 05:00:00,104.0,118.0,86,103,92.0,105.0,2021-08-01,92.0,105.0,False
2021-08-18,2021-08-17 23:00:00,7,101.0,107.0,2021-08-18 06:00:00,104.0,118.0,94,96,122.0,129.0,2021-08-01,122.0,129.0,False
2021-08-18,2021-08-17 23:00:00,8,125.0,146.0,2021-08-18 07:00:00,104.0,118.0,125,146,132.0,150.0,2021-08-01,132.0,150.0,False
2021-08-18,2021-08-17 23:00:00,9,163.0,174.0,2021-08-18 08:00:00,104.0,118.0,164,171,203.0,218.0,2021-08-01,203.0,218.0,True
2021-08-18,2021-08-17 23:00:00,10,169.0,172.0,2021-08-18 09:00:00,104.0,118.0,163,170,179.0,189.0,2021-08-01,179.0,189.0,True
2021-08-18,2021-08-17 23:00:00,11,159.0,176.0,2021-08-18 10:00:00,104.0,118.0,153,165,183.0,192.0,2021-08-01,183.0,192.0,True
2021-08-18,2021-08-17 23:00:00,12,173.0,183.0,2021-08-18 11:00:00,104.0,118.0,169,173,184.0,192.0,2021-08-01,184.0,192.0,True
2021-08-18,2021-08-17 23:00:00,13,102.0,120.0,2021-08-18 12:00:00,104.0,118.0,110,134,113.0,132.0,2021-08-01,113.0,132.0,False
2021-08-18,2021-08-17 23:00:00,14,171.0,177.0,2021-08-18 13:00:00,104.0,118.0,162,164,183.0,205.0,2021-08-01,183.0,205.0,True
2021-08-18,2021-08-17 23:00:00,15,179.0,185.0,2021-08-18 14:00:00,104.0,118.0,161,164,187.0,207.0,2021-08-01,187.0,207.0,True
2021-08-18,2021-08-17 23:00:00,16,170.0,184.0,2021-08-18 15:00:00,104.0,118.0,150,168,153.0,177.0,2021-08-01,153.0,177.0,True
2021-08-18,2021-08-17 23:00:00,17,166.0,188.0,2021-08-18 16:00:00,104.0,118.0,152,158,182.0,187.0,2021-08-01,182.0,187.0,True
2021-08-18,2021-08-17 23:00:00,18,141.0,186.0,2021-08-18 17:00:00,104.0,118.0,113,135,151.0,177.0,2021-08-01,151.0,177.0,True
2021-08-18,2021-08-17 23:00:00,19,164.0,174.0,2021-08-18 18:00:00,104.0,118.0,149,158,180.0,194.0,2021-08-01,180.0,194.0,True
2021-08-18,2021-08-17 23:00:00,20,143.0,158.0,2021-08-18 19:00:00,104.0,118.0,138,143,150.0,163.0,2021-08-01,150.0,163.0,False
2021-08-18,2021-08-17 23:00:00,21,120.0,124.0,2021-08-18 20:00:00,104.0,118.0,120,128,125.0,128.0,2021-08-01,125.0,128.0,False
2021-08-18,2021-08-17 23:00:00,22,115.0,123.0,2021-08-18 21:00:00,104.0,118.0,118,121,108.0,115.0,2021-08-01,108.0,115.0,False
2021-08-18,2021-08-17 23:00:00,23,112.0,125.0,2021-08-18 22:00:00,104.0,118.0,110,118,110.0,116.0,2021-08-01,110.0,116.0,False
2021-08-18,2021-08-17 23:00:00,24,105.0,112.0,2021-08-18 23:00:00,104.0,118.0,104,118,99.0,109.0,2021-08-01,99.0,109.0,False
2021-08-19,2021-08-18 23:00:00,1,71.0,77.0,2021-08-19 00:00:00,105.0,112.0,65,66,76.0,81.0,2021-08-01,76.0,81.0,False
2021-08-19,2021-08-18 23:00:00,2,102.0,114.0,2021-08-19 01:00:00,105.0,112.0,95,105,105.0,115.0,2021-08-01,105.0,115.0,False
2021-08-19,2021-08-18 23:00:00,3,109.0,116.0,2021-08-19 02:00:00,105.0,112.0,103,105,108.0,110.0,2021-08-01,108.0,110.0,False
2021-08-19,2021-08-18 23:00:00,4,109.0,119.0,2021-08-19 03:00:00,105.0,112.0,91,101,104.0,110.0,2021-08-01,104.0,110.0,False
2021-08-19,2021-08-18 23:00:00,5,104.0,108.0,2021-08-19 04:00:00,105.0,112.0,95,99,107.0,114.0,2021-08-01,107.0,114.0,False
2021-08-19,2021-08-18 23:00:00,6,88.0,106.0,2021-08-19 05:00:00,105.0,112.0,83,98,89.0,103.0,2021-08-01,89.0,103.0,False
2021-08-19,2021-08-18 23:00:00,7,109.0,119.0,2021-08-19 06:00:00,105.0,112.0,101,107,114.0,117.0,2021-08-01,114.0,117.0,False
2021-08-19,2021-08-18 23:00:00,8,123.0,143.0,2021-08-19 07:00:00,105.0,112.0,125,146,130.0,149.0,2021-08-01,130.0,149.0,False
2021-08-19,2021-08-18 23:00:00,9,174.0,185.0,2021-08-19 08:00:00,105.0,112.0,163,174,187.0,196.0,2021-08-01,187.0,196.0,True
2021-08-19,2021-08-18 23:00:00,10,174.0,182.0,2021-08-19 09:00:00,105.0,112.0,169,172,181.0,189.0,2021-08-01,181.0,189.0,True
2021-08-19,2021-08-18 23:00:00,11,163.0,177.0,2021-08-19 10:00:00,105.0,112.0,159,176,177.0,186.0,2021-08-01,177.0,186.0,True
2021-08-19,2021-08-18 23:00:00,12,177.0,188.0,2021-08-19 11:00:00,105.0,112.0,173,183,188.0,199.0,2021-08-01,188.0,199.0,True
2021-08-19,2021-08-18 23:00:00,13,105.0,120.0,2021-08-19 12:00:00,105.0,112.0,102,120,120.0,133.0,2021-08-01,120.0,133.0,False
2021-08-19,2021-08-18 23:00:00,14,168.0,172.0,2021-08-19 13:00:00,105.0,112.0,171,177,170.0,191.0,2021-08-01,170.0,191.0,True
2021-08-19,2021-08-18 23:00:00,15,175.0,184.0,2021-08-19 14:00:00,105.0,112.0,179,185,184.0,193.0,2021-08-01,184.0,193.0,True
2021-08-19,2021-08-18 23:00:00,16,170.0,185.0,2021-08-19 15:00:00,105.0,112.0,170,184,165.0,197.0,2021-08-01,165.0,197.0,True
2021-08-19,2021-08-18 23:00:00,17,166.0,171.0,2021-08-19 16:00:00,105.0,112.0,166,188,170.0,176.0,2021-08-01,170.0,176.0,True
2021-08-19,2021-08-18 23:00:00,18,130.0,155.0,2021-08-19 17:00:00,105.0,112.0,141,186,135.0,160.0,2021-08-01,135.0,160.0,False
2021-08-19,2021-08-18 23:00:00,19,152.0,161.0,2021-08-19 18:00:00,105.0,112.0,164,174,172.0,177.0,2021-08-01,172.0,177.0,True
2021-08-19,2021-08-18 23:00:00,20,147.0,153.0,2021-08-19 19:00:00,105.0,112.0,143,158,161.0,182.0,2021-08-01,161.0,182.0,True
2021-08-19,2021-08-18 23:00:00,21,128.0,134.0,2021-08-19 20:00:00,105.0,112.0,120,124,125.0,127.0,2021-08-01,125.0,127.0,False
2021-08-19,2021-08-18 23:00:00,22,121.0,123.0,2021-08-19 21:00:00,105.0,112.0,115,123,112.0,114.0,2021-08-01,112.0,114.0,False
2021-08-19,2021-08-18 23:00:00,23,116.0,125.0,2021-08-19 22:00:00,105.0,112.0,112,125,116.0,122.0,2021-08-01,116.0,122.0,False
2021-08-19,2021-08-18 23:00:00,24,110.0,117.0,2021-08-19 23:00:00,105.0,112.0,105,112,103.0,118.0,2021-08-01,103.0,118.0,False
2021-08-20,2021-08-19 23:00:00,1,73.0,80.0,2021-08-20 00:00:00,110.0,117.0,71,77,72.0,79.0,2021-08-01,72.0,79.0,False
2021-08-20,2021-08-19 23:00:00,2,101.0,109.0,2021-08-20 01:00:00,110.0,117.0,102,114,100.0,105.0,2021-08-01,100.0,105.0,False
2021-08-20,2021-08-19 23:00:00,3,107.0,110.0,2021-08-20 02:00:00,110.0,117.0,109,116,112.0,117.0,2021-08-01,112.0,117.0,False
2021-08-20,2021-08-19 23:00:00,4,102.0,107.0,2021-08-20 03:00:00,110.0,117.0,109,119,116.0,120.0,2021-08-01,116.0,120.0,False
2021-08-20,2021-08-19 23:00:00,5,99.0,106.0,2021-08-20 04:00:00,110.0,117.0,104,108,110.0,116.0,2021-08-01,110.0,116.0,False
2021-08-20,2021-08-19 23:00:00,6,88.0,104.0,2021-08-20 05:00:00,110.0,117.0,88,106,88.0,108.0,2021-08-01,88.0,108.0,False
2021-08-20,2021-08-19 23:00:00,7,111.0,115.0,2021-08-20 06:00:00,110.0,117.0,109,119,110.0,116.0,2021-08-01,110.0,116.0,False
2021-08-20,2021-08-19 23:00:00,8,127.0,146.0,2021-08-20 07:00:00,110.0,117.0,123,143,136.0,166.0,2021-08-01,136.0,166.0,True
2021-08-20,2021-08-19 23:00:00,9,171.0,179.0,2021-08-20 08:00:00,110.0,117.0,174,185,196.0,207.0,2021-08-01,196.0,207.0,True
2021-08-20,2021-08-19 23:00:00,10,165.0,175.0,2021-08-20 09:00:00,110.0,117.0,174,182,188.0,191.0,2021-08-01,188.0,191.0,True
2021-08-20,2021-08-19 23:00:00,11,157.0,168.0,2021-08-20 10:00:00,110.0,117.0,163,177,184.0,201.0,2021-08-01,184.0,201.0,True
2021-08-20,2021-08-19 23:00:00,12,187.0,193.0,2021-08-20 11:00:00,110.0,117.0,177,188,196.0,204.0,2021-08-01,196.0,204.0,True
2021-08-20,2021-08-19 23:00:00,13,111.0,134.0,2021-08-20 12:00:00,110.0,117.0,105,120,111.0,134.0,2021-08-01,111.0,134.0,False
2021-08-20,2021-08-19 23:00:00,14,177.0,180.0,2021-08-20 13:00:00,110.0,117.0,168,172,183.0,195.0,2021-08-01,183.0,195.0,True
2021-08-20,2021-08-19 23:00:00,15,175.0,184.0,2021-08-20 14:00:00,110.0,117.0,175,184,189.0,200.0,2021-08-01,189.0,200.0,True
2021-08-20,2021-08-19 23:00:00,16,159.0,176.0,2021-08-20 15:00:00,110.0,117.0,170,185,167.0,195.0,2021-08-01,167.0,195.0,True
2021-08-20,2021-08-19 23:00:00,17,171.0,177.0,2021-08-20 16:00:00,110.0,117.0,166,171,183.0,186.0,2021-08-01,183.0,186.0,True
2021-08-20,2021-08-19 23:00:00,18,134.0,164.0,2021-08-20 17:00:00,110.0,117.0,130,155,149.0,176.0,2021-08-01,149.0,176.0,True
2021-08-20,2021-08-19 23:00:00,19,155.0,158.0,2021-08-20 18:00:00,110.0,117.0,152,161,174.0,177.0,2021-08-01,174.0,177.0,True
2021-08-20,2021-08-19 23:00:00,20,125.0,146.0,2021-08-20 19:00:00,110.0,117.0,147,153,146.0,168.0,2021-08-01,146.0,168.0,True
2021-08-20,2021-08-19 23:00:00,21,114.0,125.0,2021-08-20 20:00:00,110.0,117.0,128,134,117.0,125.0,2021-08-01,117.0,125.0,False
2021-08-20,2021-08-19 23:00:00,22,118.0,121.0,2021-08-20 21:00:00,110.0,117.0,121,123,113.0,119.0,2021-08-01,113.0,119.0,False
2021-08-20,2021-08-19 23:00:00,23,106.0,113.0,2021-08-20 22:00:00,110.0,117.0,116,125,109.0,118.0,2021-08-01,109.0,118.0,False
2021-08-20,2021-08-19 23:00:00,24,98.0,106.0,2021-08-20 23:00:00,110.0,117.0,110,117,97.0,116.0,2021-08-01,97.0,116.0,False
2021-08-21,2021-08-20 23:00:00,1,63.0,64.0,2021-08-21 00:00:00,98.0,106.0,73,80,62.0,67.0,2021-08-01,62.0,67.0,False
2021-08-21,2021-08-20 23:00:00,2,95.0,99.0,2021-08-21 01:00:00,98.0,106.0,101,109,97.0,106.0,2021-08-01,97.0,106.0,False
2021-08-21,2021-08-20 23:00:00,3,104.0,109.0,2021-08-21 02:00:00,98.0,106.0,107,110,107.0,108.0,2021-08-01,107.0,108.0,False
2021-08-21,2021-08-20 23:00:00,4,94.0,102.0,2021-08-21 03:00:00,98.0,106.0,102,107,91.0,98.0,2021-08-01,91.0,98.0,False
2021-08-21,2021-08-20 23:00:00,5,104.0,107.0,2021-08-21 04:00:00,98.0,106.0,99,106,98.0,100.0,2021-08-01,98.0,100.0,False
2021-08-21,2021-08-20 23:00:00,6,95.0,110.0,2021-08-21 05:00:00,98.0,106.0,88,104,83.0,91.0,2021-08-01,83.0,91.0,False
2021-08-21,2021-08-20 23:00:00,7,99.0,103.0,2021-08-21 06:00:00,98.0,106.0,111,115,86.0,91.0,2021-08-01,86.0,91.0,False
2021-08-21,2021-08-20 23:00:00,8,69.0,94.0,2021-08-21 07:00:00,98.0,106.0,127,146,53.0,75.0,2021-08-01,53.0,75.0,False
2021-08-21,2021-08-20 23:00:00,9,23.0,26.0,2021-08-21 08:00:00,98.0,106.0,171,179,23.0,26.0,2021-08-01,23.0,26.0,False
2021-08-21,2021-08-20 23:00:00,10,21.0,21.0,2021-08-21 09:00:00,98.0,106.0,165,175,22.0,23.0,2021-08-01,22.0,23.0,False
2021-08-21,2021-08-20 23:00:00,11,21.0,22.0,2021-08-21 10:00:00,98.0,106.0,157,168,21.0,21.0,2021-08-01,21.0,21.0,False
2021-08-21,2021-08-20 23:00:00,12,23.0,26.0,2021-08-21 11:00:00,98.0,106.0,187,193,23.0,26.0,2021-08-01,23.0,26.0,False
2021-08-21,2021-08-20 23:00:00,13,22.0,22.0,2021-08-21 12:00:00,98.0,106.0,111,134,22.0,23.0,2021-08-01,22.0,23.0,False
2021-08-21,2021-08-20 23:00:00,14,21.0,21.0,2021-08-21 13:00:00,98.0,106.0,177,180,21.0,21.0,2021-08-01,21.0,21.0,False
2021-08-21,2021-08-20 23:00:00,15,23.0,26.0,2021-08-21 14:00:00,98.0,106.0,175,184,22.0,22.0,2021-08-01,22.0,22.0,False
2021-08-21,2021-08-20 23:00:00,16,22.0,23.0,2021-08-21 15:00:00,98.0,106.0,159,176,23.0,26.0,2021-08-01,23.0,26.0,False
2021-08-21,2021-08-20 23:00:00,17,22.0,22.0,2021-08-21 16:00:00,98.0,106.0,171,177,22.0,22.0,2021-08-01,22.0,22.0,False
2021-08-21,2021-08-20 23:00:00,18,22.0,22.0,2021-08-21 17:00:00,98.0,106.0,134,164,21.0,22.0,2021-08-01,21.0,22.0,False
2021-08-21,2021-08-20 23:00:00,19,25.0,27.0,2021-08-21 18:00:00,98.0,106.0,155,158,22.0,24.0,2021-08-01,22.0,24.0,False
2021-08-21,2021-08-20 23:00:00,20,21.0,21.0,2021-08-21 19:00:00,98.0,106.0,125,146,23.0,26.0,2021-08-01,23.0,26.0,False
2021-08-21,2021-08-20 23:00:00,21,22.0,22.0,2021-08-21 20:00:00,98.0,106.0,114,125,22.0,22.0,2021-08-01,22.0,22.0,False
2021-08-21,2021-08-20 23:00:00,22,23.0,23.0,2021-08-21 21:00:00,98.0,106.0,118,121,22.0,23.0,2021-08-01,22.0,23.0,False
2021-08-21,2021-08-20 23:00:00,23,25.0,27.0,2021-08-21 22:00:00,98.0,106.0,106,113,23.0,25.0,2021-08-01,23.0,25.0,False
2021-08-21,2021-08-20 23:00:00,24,22.0,23.0,2021-08-21 23:00:00,98.0,106.0,98,106,22.0,22.0,2021-08-01,22.0,22.0,False
2021-08-22,2021-08-21 23:00:00,1,22.0,23.0,2021-08-22 00:00:00,22.0,23.0,63,64,22.0,22.0,2021-08-01,22.0,22.0,False
2021-08-22,2021-08-21 23:00:00,2,23.0,26.0,2021-08-22 01:00:00,22.0,23.0,95,99,23.0,28.0,2021-08-01,23.0,28.0,False
2021-08-22,2021-08-21 23:00:00,3,24.0,27.0,2021-08-22 02:00:00,22.0,23.0,104,109,22.0,24.0,2021-08-01,22.0,24.0,False
2021-08-22,2021-08-21 23:00:00,4,23.0,24.0,2021-08-22 03:00:00,22.0,23.0,94,102,21.0,22.0,2021-08-01,21.0,22.0,False
2021-08-22,2021-08-21 23:00:00,5,22.0,22.0,2021-08-22 04:00:00,22.0,23.0,104,107,22.0,22.0,2021-08-01,22.0,22.0,False
2021-08-22,2021-08-21 23:00:00,6,24.0,26.0,2021-08-22 05:00:00,22.0,23.0,95,110,23.0,25.0,2021-08-01,23.0,25.0,False
2021-08-22,2021-08-21 23:00:00,7,22.0,22.0,2021-08-22 06:00:00,22.0,23.0,99,103,22.0,22.0,2021-08-01,22.0,22.0,False
2021-08-22,2021-08-21 23:00:00,8,22.0,22.0,2021-08-22 07:00:00,22.0,23.0,69,94,21.0,21.0,2021-08-01,21.0,21.0,False
2021-08-22,2021-08-21 23:00:00,9,22.0,22.0,2021-08-22 08:00:00,22.0,23.0,23,26,23.0,26.0,2021-08-01,23.0,26.0,False
2021-08-22,2021-08-21 23:00:00,10,24.0,27.0,2021-08-22 09:00:00,22.0,23.0,21,21,23.0,24.0,2021-08-01,23.0,24.0,False
2021-08-22,2021-08-21 23:00:00,11,22.0,22.0,2021-08-22 10:00:00,22.0,23.0,21,22,21.0,21.0,2021-08-01,21.0,21.0,False
2021-08-22,2021-08-21 23:00:00,12,22.0,23.0,2021-08-22 11:00:00,22.0,23.0,23,26,22.0,22.0,2021-08-01,22.0,22.0,False
2021-08-22,2021-08-21 23:00:00,13,23.0,24.0,2021-08-22 12:00:00,22.0,23.0,22,22,23.0,26.0,2021-08-01,23.0,26.0,False
2021-08-22,2021-08-21 23:00:00,14,24.0,26.0,2021-08-22 13:00:00,22.0,23.0,21,21,22.0,22.0,2021-08-01,22.0,22.0,False
2021-08-22,2021-08-21 23:00:00,15,23.0,23.0,2021-08-22 14:00:00,22.0,23.0,23,26,22.0,22.0,2021-08-01,22.0,22.0,False
2021-08-22,2021-08-21 23:00:00,16,23.0,23.0,2021-08-22 15:00:00,22.0,23.0,22,23,21.0,21.0,2021-08-01,21.0,21.0,False
2021-08-22,2021-08-21 23:00:00,17,25.0,27.0,2021-08-22 16:00:00,22.0,23.0,22,22,23.0,25.0,2021-08-01,23.0,25.0,False
2021-08-22,2021-08-21 23:00:00,18,22.0,22.0,2021-08-22 17:00:00,22.0,23.0,22,22,22.0,22.0,2021-08-01,22.0,22.0,False
2021-08-22,2021-08-21 23:00:00,19,22.0,22.0,2021-08-22 18:00:00,22.0,23.0,25,27,21.0,21.0,2021-08-01,21.0,21.0,False
2021-08-22,2021-08-21 23:00:00,20,22.0,22.0,2021-08-22 19:00:00,22.0,23.0,21,21,23.0,25.0,2021-08-01,23.0,25.0,False
2021-08-22,2021-08-21 23:00:00,21,24.0,26.0,2021-08-22 20:00:00,22.0,23.0,22,22,22.0,22.0,2021-08-01,22.0,22.0,False
2021-08-22,2021-08-21 23:00:00,22,22.0,23.0,2021-08-22 21:00:00,22.0,23.0,23,23,22.0,22.0,2021-08-01,22.0,22.0,False
2021-08-22,2021-08-21 23:00:00,23,23.0,24.0,2021-08-22 22:00:00,22.0,23.0,25,27,23.0,24.0,2021-08-01,23.0,24.0,False
2021-08-22,2021-08-21 23:00:00,24,23.0,26.0,2021-08-22 23:00:00,22.0,23.0,22,23,23.0,25.0,2021-08-01,23.0,25.0,False
2021-08-23,2021-08-22 23:00:00,1,23.0,25.0,2021-08-23 00:00:00,23.0,26.0,22,23,22.0,22.0,2021-08-01,22.0,22.0,False
2021-08-23,2021-08-22 23:00:00,2,23.0,23.0,2021-08-23 01:00:00,23.0,26.0,23,26,21.0,23.0,2021-08-01,21.0,23.0,False
2021-08-23,2021-08-22 23:00:00,3,23.0,23.0,2021-08-23 02:00:00,23.0,26.0,24,27,23.0,26.0,2021-08-01,23.0,26.0,False
2021-08-23,2021-08-22 23:00:00,4,24.0,27.0,2021-08-23 03:00:00,23.0,26.0,23,24,21.0,21.0,2021-08-01,21.0,21.0,False
2021-08-23,2021-08-22 23:00:00,5,22.0,22.0,2021-08-23 04:00:00,23.0,26.0,22,22,22.0,22.0,2021-08-01,22.0,22.0,False
2021-08-23,2021-08-22 23:00:00,6,22.0,22.0,2021-08-23 05:00:00,23.0,26.0,24,26,22.0,22.0,2021-08-01,22.0,22.0,False
2021-08-23,2021-08-22 23:00:00,7,21.0,22.0,2021-08-23 06:00:00,23.0,26.0,22,22,23.0,26.0,2021-08-01,23.0,26.0,False
2021-08-23,2021-08-22 23:00:00,8,58.0,92.0,2021-08-23 07:00:00,23.0,26.0,22,22,60.0,122.0,2021-08-01,60.0,122.0,False
2021-08-23,2021-08-22 23:00:00,9,167.0,181.0,2021-08-23 08:00:00,23.0,26.0,22,22,174.0,183.0,2021-08-01,174.0,183.0,True
2021-08-23,2021-08-22 23:00:00,10,180.0,187.0,2021-08-23 09:00:00,23.0,26.0,24,27,183.0,190.0,2021-08-01,183.0,190.0,True
2021-08-23,2021-08-22 23:00:00,11,170.0,182.0,2021-08-23 10:00:00,23.0,26.0,22,22,144.0,157.0,2021-08-01,144.0,157.0,False
2021-08-23,2021-08-22 23:00:00,12,184.0,191.0,2021-08-23 11:00:00,23.0,26.0,22,23,155.0,157.0,2021-08-01,155.0,157.0,False
2021-08-23,2021-08-22 23:00:00,13,116.0,136.0,2021-08-23 12:00:00,23.0,26.0,23,24,97.0,107.0,2021-08-01,97.0,107.0,False
2021-08-23,2021-08-22 23:00:00,14,184.0,193.0,2021-08-23 13:00:00,23.0,26.0,24,26,153.0,157.0,2021-08-01,153.0,157.0,False
2021-08-23,2021-08-22 23:00:00,15,184.0,190.0,2021-08-23 14:00:00,23.0,26.0,23,23,146.0,153.0,2021-08-01,146.0,153.0,False
2021-08-23,2021-08-22 23:00:00,16,180.0,196.0,2021-08-23 15:00:00,23.0,26.0,23,23,133.0,146.0,2021-08-01,133.0,146.0,False
2021-08-23,2021-08-22 23:00:00,17,172.0,177.0,2021-08-23 16:00:00,23.0,26.0,25,27,116.0,125.0,2021-08-01,116.0,125.0,False
2021-08-23,2021-08-22 23:00:00,18,142.0,177.0,2021-08-23 17:00:00,23.0,26.0,22,22,100.0,105.0,2021-08-01,100.0,105.0,False
2021-08-23,2021-08-22 23:00:00,19,156.0,179.0,2021-08-23 18:00:00,23.0,26.0,22,22,92.0,94.0,2021-08-01,92.0,94.0,False
2021-08-23,2021-08-22 23:00:00,20,129.0,137.0,2021-08-23 19:00:00,23.0,26.0,22,22,89.0,95.0,2021-08-01,89.0,95.0,False
2021-08-23,2021-08-22 23:00:00,21,112.0,118.0,2021-08-23 20:00:00,23.0,26.0,24,26,98.0,102.0,2021-08-01,98.0,102.0,False
2021-08-23,2021-08-22 23:00:00,22,111.0,117.0,2021-08-23 21:00:00,23.0,26.0,22,23,112.0,116.0,2021-08-01,112.0,116.0,False
2021-08-23,2021-08-22 23:00:00,23,109.0,113.0,2021-08-23 22:00:00,23.0,26.0,23,24,95.0,102.0,2021-08-01,95.0,102.0,False
2021-08-23,2021-08-22 23:00:00,24,96.0,107.0,2021-08-23 23:00:00,23.0,26.0,23,26,96.0,102.0,2021-08-01,96.0,102.0,False
2021-08-24,2021-08-23 23:00:00,1,65.0,67.0,2021-08-24 00:00:00,96.0,107.0,23,25,70.0,71.0,2021-08-01,70.0,71.0,False
2021-08-24,2021-08-23 23:00:00,2,105.0,111.0,2021-08-24 01:00:00,96.0,107.0,23,23,96.0,100.0,2021-08-01,96.0,100.0,False
2021-08-24,2021-08-23 23:00:00,3,110.0,115.0,2021-08-24 02:00:00,96.0,107.0,23,23,98.0,101.0,2021-08-01,98.0,101.0,False
2021-08-24,2021-08-23 23:00:00,4,105.0,115.0,2021-08-24 03:00:00,96.0,107.0,24,27,92.0,99.0,2021-08-01,92.0,99.0,False
2021-08-24,2021-08-23 23:00:00,5,108.0,113.0,2021-08-24 04:00:00,96.0,107.0,22,22,93.0,98.0,2021-08-01,93.0,98.0,False
2021-08-24,2021-08-23 23:00:00,6,88.0,106.0,2021-08-24 05:00:00,96.0,107.0,22,22,86.0,103.0,2021-08-01,86.0,103.0,False
2021-08-24,2021-08-23 23:00:00,7,109.0,115.0,2021-08-24 06:00:00,96.0,107.0,21,22,94.0,96.0,2021-08-01,94.0,96.0,False
2021-08-24,2021-08-23 23:00:00,8,131.0,145.0,2021-08-24 07:00:00,96.0,107.0,58,92,125.0,146.0,2021-08-01,125.0,146.0,False
2021-08-24,2021-08-23 23:00:00,9,187.0,196.0,2021-08-24 08:00:00,96.0,107.0,167,181,164.0,171.0,2021-08-01,164.0,171.0,True
2021-08-24,2021-08-23 23:00:00,10,181.0,190.0,2021-08-24 09:00:00,96.0,107.0,180,187,163.0,170.0,2021-08-01,163.0,170.0,True
2021-08-24,2021-08-23 23:00:00,11,171.0,181.0,2021-08-24 10:00:00,96.0,107.0,170,182,153.0,165.0,2021-08-01,153.0,165.0,True
2021-08-24,2021-08-23 23:00:00,12,183.0,188.0,2021-08-24 11:00:00,96.0,107.0,184,191,169.0,173.0,2021-08-01,169.0,173.0,True
2021-08-24,2021-08-23 23:00:00,13,115.0,130.0,2021-08-24 12:00:00,96.0,107.0,116,136,110.0,134.0,2021-08-01,110.0,134.0,False
2021-08-24,2021-08-23 23:00:00,14,174.0,180.0,2021-08-24 13:00:00,96.0,107.0,184,193,162.0,164.0,2021-08-01,162.0,164.0,True
2021-08-24,2021-08-23 23:00:00,15,186.0,190.0,2021-08-24 14:00:00,96.0,107.0,184,190,161.0,164.0,2021-08-01,161.0,164.0,True
2021-08-24,2021-08-23 23:00:00,16,175.0,201.0,2021-08-24 15:00:00,96.0,107.0,180,196,150.0,168.0,2021-08-01,150.0,168.0,True
2021-08-24,2021-08-23 23:00:00,17,184.0,191.0,2021-08-24 16:00:00,96.0,107.0,172,177,152.0,158.0,2021-08-01,152.0,158.0,False
2021-08-24,2021-08-23 23:00:00,18,139.0,157.0,2021-08-24 17:00:00,96.0,107.0,142,177,113.0,135.0,2021-08-01,113.0,135.0,False
2021-08-24,2021-08-23 23:00:00,19,152.0,156.0,2021-08-24 18:00:00,96.0,107.0,156,179,149.0,158.0,2021-08-01,149.0,158.0,False
2021-08-24,2021-08-23 23:00:00,20,150.0,164.0,2021-08-24 19:00:00,96.0,107.0,129,137,138.0,143.0,2021-08-01,138.0,143.0,False
2021-08-24,2021-08-23 23:00:00,21,121.0,125.0,2021-08-24 20:00:00,96.0,107.0,112,118,120.0,128.0,2021-08-01,120.0,128.0,False
2021-08-24,2021-08-23 23:00:00,22,121.0,123.0,2021-08-24 21:00:00,96.0,107.0,111,117,118.0,121.0,2021-08-01,118.0,121.0,False
2021-08-24,2021-08-23 23:00:00,23,113.0,120.0,2021-08-24 22:00:00,96.0,107.0,109,113,110.0,118.0,2021-08-01,110.0,118.0,False
2021-08-24,2021-08-23 23:00:00,24,99.0,107.0,2021-08-24 23:00:00,96.0,107.0,96,107,104.0,118.0,2021-08-01,104.0,118.0,False
2021-08-25,2021-08-24 23:00:00,1,77.0,81.0,2021-08-25 00:00:00,99.0,107.0,65,67,65.0,66.0,2021-08-01,65.0,66.0,False
2021-08-25,2021-08-24 23:00:00,2,104.0,111.0,2021-08-25 01:00:00,99.0,107.0,105,111,95.0,105.0,2021-08-01,95.0,105.0,False
2021-08-25,2021-08-24 23:00:00,3,109.0,115.0,2021-08-25 02:00:00,99.0,107.0,110,115,103.0,105.0,2021-08-01,103.0,105.0,False
2021-08-25,2021-08-24 23:00:00,4,99.0,106.0,2021-08-25 03:00:00,99.0,107.0,105,115,91.0,101.0,2021-08-01,91.0,101.0,False
2021-08-25,2021-08-24 23:00:00,5,109.0,110.0,2021-08-25 04:00:00,99.0,107.0,108,113,95.0,99.0,2021-08-01,95.0,99.0,False
2021-08-25,2021-08-24 23:00:00,6,91.0,107.0,2021-08-25 05:00:00,99.0,107.0,88,106,83.0,98.0,2021-08-01,83.0,98.0,False
2021-08-25,2021-08-24 23:00:00,7,104.0,108.0,2021-08-25 06:00:00,99.0,107.0,109,115,101.0,107.0,2021-08-01,101.0,107.0,False
2021-08-25,2021-08-24 23:00:00,8,139.0,162.0,2021-08-25 07:00:00,99.0,107.0,131,145,125.0,146.0,2021-08-01,125.0,146.0,False
2021-08-25,2021-08-24 23:00:00,9,174.0,182.0,2021-08-25 08:00:00,99.0,107.0,187,196,163.0,174.0,2021-08-01,163.0,174.0,True
2021-08-25,2021-08-24 23:00:00,10,171.0,181.0,2021-08-25 09:00:00,99.0,107.0,181,190,169.0,172.0,2021-08-01,169.0,172.0,True
2021-08-25,2021-08-24 23:00:00,11,177.0,189.0,2021-08-25 10:00:00,99.0,107.0,171,181,159.0,176.0,2021-08-01,159.0,176.0,True
2021-08-25,2021-08-24 23:00:00,12,173.0,184.0,2021-08-25 11:00:00,99.0,107.0,183,188,173.0,183.0,2021-08-01,173.0,183.0,True
2021-08-25,2021-08-24 23:00:00,13,110.0,121.0,2021-08-25 12:00:00,99.0,107.0,115,130,102.0,120.0,2021-08-01,102.0,120.0,False
2021-08-25,2021-08-24 23:00:00,14,174.0,180.0,2021-08-25 13:00:00,99.0,107.0,174,180,171.0,177.0,2021-08-01,171.0,177.0,True
2021-08-25,2021-08-24 23:00:00,15,177.0,184.0,2021-08-25 14:00:00,99.0,107.0,186,190,179.0,185.0,2021-08-01,179.0,185.0,True
2021-08-25,2021-08-24 23:00:00,16,169.0,180.0,2021-08-25 15:00:00,99.0,107.0,175,201,170.0,184.0,2021-08-01,170.0,184.0,True
2021-08-25,2021-08-24 23:00:00,17,162.0,172.0,2021-08-25 16:00:00,99.0,107.0,184,191,166.0,188.0,2021-08-01,166.0,188.0,True
2021-08-25,2021-08-24 23:00:00,18,146.0,176.0,2021-08-25 17:00:00,99.0,107.0,139,157,141.0,186.0,2021-08-01,141.0,186.0,True
2021-08-25,2021-08-24 23:00:00,19,167.0,172.0,2021-08-25 18:00:00,99.0,107.0,152,156,164.0,174.0,2021-08-01,164.0,174.0,True
2021-08-25,2021-08-24 23:00:00,20,139.0,152.0,2021-08-25 19:00:00,99.0,107.0,150,164,143.0,158.0,2021-08-01,143.0,158.0,False
2021-08-25,2021-08-24 23:00:00,21,111.0,124.0,2021-08-25 20:00:00,99.0,107.0,121,125,120.0,124.0,2021-08-01,120.0,124.0,False
2021-08-25,2021-08-24 23:00:00,22,121.0,131.0,2021-08-25 21:00:00,99.0,107.0,121,123,115.0,123.0,2021-08-01,115.0,123.0,False
2021-08-25,2021-08-24 23:00:00,23,110.0,114.0,2021-08-25 22:00:00,99.0,107.0,113,120,112.0,125.0,2021-08-01,112.0,125.0,False
2021-08-25,2021-08-24 23:00:00,24,105.0,119.0,2021-08-25 23:00:00,99.0,107.0,99,107,105.0,112.0,2021-08-01,105.0,112.0,False
2021-08-26,2021-08-25 23:00:00,1,72.0,73.0,2021-08-26 00:00:00,105.0,119.0,77,81,71.0,77.0,2021-08-01,71.0,77.0,False
2021-08-26,2021-08-25 23:00:00,2,103.0,110.0,2021-08-26 01:00:00,105.0,119.0,104,111,102.0,114.0,2021-08-01,102.0,114.0,False
2021-08-26,2021-08-25 23:00:00,3,115.0,118.0,2021-08-26 02:00:00,105.0,119.0,109,115,109.0,116.0,2021-08-01,109.0,116.0,False
2021-08-26,2021-08-25 23:00:00,4,99.0,104.0,2021-08-26 03:00:00,105.0,119.0,99,106,109.0,119.0,2021-08-01,109.0,119.0,False
2021-08-26,2021-08-25 23:00:00,5,110.0,115.0,2021-08-26 04:00:00,105.0,119.0,109,110,104.0,108.0,2021-08-01,104.0,108.0,False
2021-08-26,2021-08-25 23:00:00,6,92.0,108.0,2021-08-26 05:00:00,105.0,119.0,91,107,88.0,106.0,2021-08-01,88.0,106.0,False
2021-08-26,2021-08-25 23:00:00,7,105.0,111.0,2021-08-26 06:00:00,105.0,119.0,104,108,109.0,119.0,2021-08-01,109.0,119.0,False
2021-08-26,2021-08-25 23:00:00,8,134.0,147.0,2021-08-26 07:00:00,105.0,119.0,139,162,123.0,143.0,2021-08-01,123.0,143.0,False
2021-08-26,2021-08-25 23:00:00,9,183.0,196.0,2021-08-26 08:00:00,105.0,119.0,174,182,174.0,185.0,2021-08-01,174.0,185.0,True
2021-08-26,2021-08-25 23:00:00,10,195.0,199.0,2021-08-26 09:00:00,105.0,119.0,171,181,174.0,182.0,2021-08-01,174.0,182.0,True
2021-08-26,2021-08-25 23:00:00,11,180.0,193.0,2021-08-26 10:00:00,105.0,119.0,177,189,163.0,177.0,2021-08-01,163.0,177.0,True
2021-08-26,2021-08-25 23:00:00,12,188.0,194.0,2021-08-26 11:00:00,105.0,119.0,173,184,177.0,188.0,2021-08-01,177.0,188.0,True
2021-08-26,2021-08-25 23:00:00,13,111.0,127.0,2021-08-26 12:00:00,105.0,119.0,110,121,105.0,120.0,2021-08-01,105.0,120.0,False
2021-08-26,2021-08-25 23:00:00,14,183.0,199.0,2021-08-26 13:00:00,105.0,119.0,174,180,168.0,172.0,2021-08-01,168.0,172.0,True
2021-08-26,2021-08-25 23:00:00,15,185.0,190.0,2021-08-26 14:00:00,105.0,119.0,177,184,175.0,184.0,2021-08-01,175.0,184.0,True
2021-08-26,2021-08-25 23:00:00,16,188.0,202.0,2021-08-26 15:00:00,105.0,119.0,169,180,170.0,185.0,2021-08-01,170.0,185.0,True
2021-08-26,2021-08-25 23:00:00,17,173.0,186.0,2021-08-26 16:00:00,105.0,119.0,162,172,166.0,171.0,2021-08-01,166.0,171.0,True
2021-08-26,2021-08-25 23:00:00,18,132.0,161.0,2021-08-26 17:00:00,105.0,119.0,146,176,130.0,155.0,2021-08-01,130.0,155.0,False
2021-08-26,2021-08-25 23:00:00,19,162.0,167.0,2021-08-26 18:00:00,105.0,119.0,167,172,152.0,161.0,2021-08-01,152.0,161.0,False
2021-08-26,2021-08-25 23:00:00,20,156.0,170.0,2021-08-26 19:00:00,105.0,119.0,139,152,147.0,153.0,2021-08-01,147.0,153.0,False
2021-08-26,2021-08-25 23:00:00,21,116.0,121.0,2021-08-26 20:00:00,105.0,119.0,111,124,128.0,134.0,2021-08-01,128.0,134.0,False
2021-08-26,2021-08-25 23:00:00,22,125.0,128.0,2021-08-26 21:00:00,105.0,119.0,121,131,121.0,123.0,2021-08-01,121.0,123.0,False
2021-08-26,2021-08-25 23:00:00,23,111.0,116.0,2021-08-26 22:00:00,105.0,119.0,110,114,116.0,125.0,2021-08-01,116.0,125.0,False
2021-08-26,2021-08-25 23:00:00,24,105.0,113.0,2021-08-26 23:00:00,105.0,119.0,105,119,110.0,117.0,2021-08-01,110.0,117.0,False
2021-08-27,2021-08-26 23:00:00,1,72.0,77.0,2021-08-27 00:00:00,105.0,113.0,72,73,73.0,80.0,2021-08-01,73.0,80.0,False
2021-08-27,2021-08-26 23:00:00,2,102.0,111.0,2021-08-27 01:00:00,105.0,113.0,103,110,101.0,109.0,2021-08-01,101.0,109.0,False
2021-08-27,2021-08-26 23:00:00,3,111.0,115.0,2021-08-27 02:00:00,105.0,113.0,115,118,107.0,110.0,2021-08-01,107.0,110.0,False
2021-08-27,2021-08-26 23:00:00,4,102.0,114.0,2021-08-27 03:00:00,105.0,113.0,99,104,102.0,107.0,2021-08-01,102.0,107.0,False
2021-08-27,2021-08-26 23:00:00,5,108.0,112.0,2021-08-27 04:00:00,105.0,113.0,110,115,99.0,106.0,2021-08-01,99.0,106.0,False
2021-08-27,2021-08-26 23:00:00,6,86.0,104.0,2021-08-27 05:00:00,105.0,113.0,92,108,88.0,104.0,2021-08-01,88.0,104.0,False
2021-08-27,2021-08-26 23:00:00,7,101.0,103.0,2021-08-27 06:00:00,105.0,113.0,105,111,111.0,115.0,2021-08-01,111.0,115.0,False
2021-08-27,2021-08-26 23:00:00,8,125.0,135.0,2021-08-27 07:00:00,105.0,113.0,134,147,127.0,146.0,2021-08-01,127.0,146.0,False
2021-08-27,2021-08-26 23:00:00,9,181.0,190.0,2021-08-27 08:00:00,105.0,113.0,183,196,171.0,179.0,2021-08-01,171.0,179.0,True
2021-08-27,2021-08-26 23:00:00,10,176.0,185.0,2021-08-27 09:00:00,105.0,113.0,195,199,165.0,175.0,2021-08-01,165.0,175.0,True
2021-08-27,2021-08-26 23:00:00,11,169.0,177.0,2021-08-27 10:00:00,105.0,113.0,180,193,157.0,168.0,2021-08-01,157.0,168.0,True
2021-08-27,2021-08-26 23:00:00,12,175.0,182.0,2021-08-27 11:00:00,105.0,113.0,188,194,187.0,193.0,2021-08-01,187.0,193.0,True
2021-08-27,2021-08-26 23:00:00,13,106.0,125.0,2021-08-27 12:00:00,105.0,113.0,111,127,111.0,134.0,2021-08-01,111.0,134.0,False
2021-08-27,2021-08-26 23:00:00,14,173.0,179.0,2021-08-27 13:00:00,105.0,113.0,183,199,177.0,180.0,2021-08-01,177.0,180.0,True
2021-08-27,2021-08-26 23:00:00,15,165.0,169.0,2021-08-27 14:00:00,105.0,113.0,185,190,175.0,184.0,2021-08-01,175.0,184.0,True
2021-08-27,2021-08-26 23:00:00,16,162.0,175.0,2021-08-27 15:00:00,105.0,113.0,188,202,159.0,176.0,2021-08-01,159.0,176.0,True
2021-08-27,2021-08-26 23:00:00,17,156.0,161.0,2021-08-27 16:00:00,105.0,113.0,173,186,171.0,177.0,2021-08-01,171.0,177.0,True
2021-08-27,2021-08-26 23:00:00,18,142.0,163.0,2021-08-27 17:00:00,105.0,113.0,132,161,134.0,164.0,2021-08-01,134.0,164.0,True
2021-08-27,2021-08-26 23:00:00,19,143.0,157.0,2021-08-27 18:00:00,105.0,113.0,162,167,155.0,158.0,2021-08-01,155.0,158.0,False
2021-08-27,2021-08-26 23:00:00,20,127.0,138.0,2021-08-27 19:00:00,105.0,113.0,156,170,125.0,146.0,2021-08-01,125.0,146.0,False
2021-08-27,2021-08-26 23:00:00,21,108.0,111.0,2021-08-27 20:00:00,105.0,113.0,116,121,114.0,125.0,2021-08-01,114.0,125.0,False
2021-08-27,2021-08-26 23:00:00,22,107.0,115.0,2021-08-27 21:00:00,105.0,113.0,125,128,118.0,121.0,2021-08-01,118.0,121.0,False
2021-08-27,2021-08-26 23:00:00,23,96.0,105.0,2021-08-27 22:00:00,105.0,113.0,111,116,106.0,113.0,2021-08-01,106.0,113.0,False
2021-08-27,2021-08-26 23:00:00,24,102.0,113.0,2021-08-27 23:00:00,105.0,113.0,105,113,98.0,106.0,2021-08-01,98.0,106.0,False
2021-08-28,2021-08-27 23:00:00,1,72.0,75.0,2021-08-28 00:00:00,102.0,113.0,72,77,63.0,64.0,2021-08-01,63.0,64.0,False
2021-08-28,2021-08-27 23:00:00,2,104.0,111.0,2021-08-28 01:00:00,102.0,113.0,102,111,95.0,99.0,2021-08-01,95.0,99.0,False
2021-08-28,2021-08-27 23:00:00,3,111.0,119.0,2021-08-28 02:00:00,102.0,113.0,111,115,104.0,109.0,2021-08-01,104.0,109.0,False
2021-08-28,2021-08-27 23:00:00,4,102.0,109.0,2021-08-28 03:00:00,102.0,113.0,102,114,94.0,102.0,2021-08-01,94.0,102.0,False
2021-08-28,2021-08-27 23:00:00,5,103.0,107.0,2021-08-28 04:00:00,102.0,113.0,108,112,104.0,107.0,2021-08-01,104.0,107.0,False
2021-08-28,2021-08-27 23:00:00,6,87.0,107.0,2021-08-28 05:00:00,102.0,113.0,86,104,95.0,110.0,2021-08-01,95.0,110.0,False
2021-08-28,2021-08-27 23:00:00,7,98.0,103.0,2021-08-28 06:00:00,102.0,113.0,101,103,99.0,103.0,2021-08-01,99.0,103.0,False
2021-08-28,2021-08-27 23:00:00,8,66.0,94.0,2021-08-28 07:00:00,102.0,113.0,125,135,69.0,94.0,2021-08-01,69.0,94.0,False
2021-08-28,2021-08-27 23:00:00,9,35.0,36.0,2021-08-28 08:00:00,102.0,113.0,181,190,23.0,26.0,2021-08-01,23.0,26.0,False
2021-08-28,2021-08-27 23:00:00,10,36.0,36.0,2021-08-28 09:00:00,102.0,113.0,176,185,21.0,21.0,2021-08-01,21.0,21.0,False
2021-08-28,2021-08-27 23:00:00,11,38.0,41.0,2021-08-28 10:00:00,102.0,113.0,169,177,21.0,22.0,2021-08-01,21.0,22.0,False
2021-08-28,2021-08-27 23:00:00,12,37.0,39.0,2021-08-28 11:00:00,102.0,113.0,175,182,23.0,26.0,2021-08-01,23.0,26.0,False
2021-08-28,2021-08-27 23:00:00,13,38.0,38.0,2021-08-28 12:00:00,102.0,113.0,106,125,22.0,22.0,2021-08-01,22.0,22.0,False
2021-08-28,2021-08-27 23:00:00,14,38.0,41.0,2021-08-28 13:00:00,102.0,113.0,173,179,21.0,21.0,2021-08-01,21.0,21.0,False
2021-08-28,2021-08-27 23:00:00,15,38.0,41.0,2021-08-28 14:00:00,102.0,113.0,165,169,23.0,26.0,2021-08-01,23.0,26.0,False
2021-08-28,2021-08-27 23:00:00,16,38.0,38.0,2021-08-28 15:00:00,102.0,113.0,162,175,22.0,23.0,2021-08-01,22.0,23.0,False
2021-08-28,2021-08-27 23:00:00,17,46.0,52.0,2021-08-28 16:00:00,102.0,113.0,156,161,22.0,22.0,2021-08-01,22.0,22.0,False
2021-08-28,2021-08-27 23:00:00,18,22.0,47.0,2021-08-28 17:00:00,102.0,113.0,142,163,22.0,22.0,2021-08-01,22.0,22.0,False
2021-08-28,2021-08-27 23:00:00,19,0.0,0.0,2021-08-28 18:00:00,102.0,113.0,143,157,25.0,27.0,2021-08-01,25.0,27.0,False
2021-08-28,2021-08-27 23:00:00,20,0.0,0.0,2021-08-28 19:00:00,102.0,113.0,127,138,21.0,21.0,2021-08-01,21.0,21.0,False
2021-08-28,2021-08-27 23:00:00,21,0.0,0.0,2021-08-28 20:00:00,102.0,113.0,108,111,22.0,22.0,2021-08-01,22.0,22.0,False
2021-08-28,2021-08-27 23:00:00,22,0.0,0.0,2021-08-28 21:00:00,102.0,113.0,107,115,23.0,23.0,2021-08-01,23.0,23.0,False
2021-08-28,2021-08-27 23:00:00,23,0.0,0.0,2021-08-28 22:00:00,102.0,113.0,96,105,25.0,27.0,2021-08-01,25.0,27.0,False
2021-08-28,2021-08-27 23:00:00,24,0.0,0.0,2021-08-28 23:00:00,102.0,113.0,102,113,22.0,23.0,2021-08-01,22.0,23.0,False
2021-08-29,2021-08-28 23:00:00,1,0.0,0.0,2021-08-29 00:00:00,0.0,0.0,72,75,22.0,23.0,2021-08-01,22.0,23.0,False
2021-08-29,2021-08-28 23:00:00,2,0.0,0.0,2021-08-29 01:00:00,0.0,0.0,104,111,23.0,26.0,2021-08-01,23.0,26.0,False
2021-08-29,2021-08-28 23:00:00,3,0.0,0.0,2021-08-29 02:00:00,0.0,0.0,111,119,24.0,27.0,2021-08-01,24.0,27.0,False
2021-08-29,2021-08-28 23:00:00,4,0.0,0.0,2021-08-29 03:00:00,0.0,0.0,102,109,23.0,24.0,2021-08-01,23.0,24.0,False
2021-08-29,2021-08-28 23:00:00,5,0.0,0.0,2021-08-29 04:00:00,0.0,0.0,103,107,22.0,22.0,2021-08-01,22.0,22.0,False
2021-08-29,2021-08-28 23:00:00,6,0.0,0.0,2021-08-29 05:00:00,0.0,0.0,87,107,24.0,26.0,2021-08-01,24.0,26.0,False
2021-08-29,2021-08-28 23:00:00,7,0.0,0.0,2021-08-29 06:00:00,0.0,0.0,98,103,22.0,22.0,2021-08-01,22.0,22.0,False
2021-08-29,2021-08-28 23:00:00,8,0.0,0.0,2021-08-29 07:00:00,0.0,0.0,66,94,22.0,22.0,2021-08-01,22.0,22.0,False
2021-08-29,2021-08-28 23:00:00,9,0.0,0.0,2021-08-29 08:00:00,0.0,0.0,35,36,22.0,22.0,2021-08-01,22.0,22.0,False
2021-08-29,2021-08-28 23:00:00,10,0.0,0.0,2021-08-29 09:00:00,0.0,0.0,36,36,24.0,27.0,2021-08-01,24.0,27.0,False
2021-08-29,2021-08-28 23:00:00,11,0.0,0.0,2021-08-29 10:00:00,0.0,0.0,38,41,22.0,22.0,2021-08-01,22.0,22.0,False
2021-08-29,2021-08-28 23:00:00,12,17.0,41.0,2021-08-29 11:00:00,0.0,0.0,37,39,22.0,23.0,2021-08-01,22.0,23.0,False
2021-08-29,2021-08-28 23:00:00,13,22.0,23.0,2021-08-29 12:00:00,0.0,0.0,38,38,23.0,24.0,2021-08-01,23.0,24.0,False
2021-08-29,2021-08-28 23:00:00,14,19.0,19.0,2021-08-29 13:00:00,0.0,0.0,38,41,24.0,26.0,2021-08-01,24.0,26.0,False
2021-08-29,2021-08-28 23:00:00,15,22.0,22.0,2021-08-29 14:00:00,0.0,0.0,38,41,23.0,23.0,2021-08-01,23.0,23.0,False
2021-08-29,2021-08-28 23:00:00,16,21.0,21.0,2021-08-29 15:00:00,0.0,0.0,38,38,23.0,23.0,2021-08-01,23.0,23.0,False
2021-08-29,2021-08-28 23:00:00,17,22.0,23.0,2021-08-29 16:00:00,0.0,0.0,46,52,25.0,27.0,2021-08-01,25.0,27.0,False
2021-08-29,2021-08-28 23:00:00,18,26.0,26.0,2021-08-29 17:00:00,0.0,0.0,22,47,22.0,22.0,2021-08-01,22.0,22.0,False
2021-08-29,2021-08-28 23:00:00,19,24.0,25.0,2021-08-29 18:00:00,0.0,0.0,0,0,22.0,22.0,2021-08-01,22.0,22.0,False
2021-08-29,2021-08-28 23:00:00,20,21.0,21.0,2021-08-29 19:00:00,0.0,0.0,0,0,22.0,22.0,2021-08-01,22.0,22.0,False
2021-08-29,2021-08-28 23:00:00,21,20.0,20.0,2021-08-29 20:00:00,0.0,0.0,0,0,24.0,26.0,2021-08-01,24.0,26.0,False
2021-08-29,2021-08-28 23:00:00,22,20.0,21.0,2021-08-29 21:00:00,0.0,0.0,0,0,22.0,23.0,2021-08-01,22.0,23.0,False
2021-08-29,2021-08-28 23:00:00,23,22.0,24.0,2021-08-29 22:00:00,0.0,0.0,0,0,23.0,24.0,2021-08-01,23.0,24.0,False
2021-08-29,2021-08-28 23:00:00,24,20.0,21.0,2021-08-29 23:00:00,0.0,0.0,0,0,23.0,26.0,2021-08-01,23.0,26.0,False
2021-08-30,2021-08-29 23:00:00,1,20.0,20.0,2021-08-30 00:00:00,20.0,21.0,0,0,23.0,25.0,2021-08-01,23.0,25.0,False
2021-08-30,2021-08-29 23:00:00,2,21.0,23.0,2021-08-30 01:00:00,20.0,21.0,0,0,23.0,23.0,2021-08-01,23.0,23.0,False
2021-08-30,2021-08-29 23:00:00,3,21.0,24.0,2021-08-30 02:00:00,20.0,21.0,0,0,23.0,23.0,2021-08-01,23.0,23.0,False
2021-08-30,2021-08-29 23:00:00,4,20.0,21.0,2021-08-30 03:00:00,20.0,21.0,0,0,24.0,27.0,2021-08-01,24.0,27.0,False
2021-08-30,2021-08-29 23:00:00,5,20.0,20.0,2021-08-30 04:00:00,20.0,21.0,0,0,22.0,22.0,2021-08-01,22.0,22.0,False
2021-08-30,2021-08-29 23:00:00,6,20.0,20.0,2021-08-30 05:00:00,20.0,21.0,0,0,22.0,22.0,2021-08-01,22.0,22.0,False
2021-08-30,2021-08-29 23:00:00,7,21.0,24.0,2021-08-30 06:00:00,20.0,21.0,0,0,21.0,22.0,2021-08-01,21.0,22.0,False
2021-08-30,2021-08-29 23:00:00,8,52.0,80.0,2021-08-30 07:00:00,20.0,21.0,0,0,58.0,92.0,2021-08-01,58.0,92.0,False
2021-08-30,2021-08-29 23:00:00,9,167.0,183.0,2021-08-30 08:00:00,20.0,21.0,0,0,167.0,181.0,2021-08-01,167.0,181.0,True
2021-08-30,2021-08-29 23:00:00,10,170.0,180.0,2021-08-30 09:00:00,20.0,21.0,0,0,180.0,187.0,2021-08-01,180.0,187.0,True
2021-08-30,2021-08-29 23:00:00,11,171.0,186.0,2021-08-30 10:00:00,20.0,21.0,0,0,170.0,182.0,2021-08-01,170.0,182.0,True
2021-08-30,2021-08-29 23:00:00,12,171.0,180.0,2021-08-30 11:00:00,20.0,21.0,17,41,184.0,191.0,2021-08-01,184.0,191.0,True
2021-08-30,2021-08-29 23:00:00,13,114.0,134.0,2021-08-30 12:00:00,20.0,21.0,22,23,116.0,136.0,2021-08-01,116.0,136.0,False
2021-08-30,2021-08-29 23:00:00,14,172.0,177.0,2021-08-30 13:00:00,20.0,21.0,19,19,184.0,193.0,2021-08-01,184.0,193.0,True
2021-08-30,2021-08-29 23:00:00,15,171.0,174.0,2021-08-30 14:00:00,20.0,21.0,22,22,184.0,190.0,2021-08-01,184.0,190.0,True
2021-08-30,2021-08-29 23:00:00,16,160.0,177.0,2021-08-30 15:00:00,20.0,21.0,21,21,180.0,196.0,2021-08-01,180.0,196.0,True
2021-08-30,2021-08-29 23:00:00,17,170.0,174.0,2021-08-30 16:00:00,20.0,21.0,22,23,172.0,177.0,2021-08-01,172.0,177.0,True
2021-08-30,2021-08-29 23:00:00,18,140.0,172.0,2021-08-30 17:00:00,20.0,21.0,26,26,142.0,177.0,2021-08-01,142.0,177.0,True
2021-08-30,2021-08-29 23:00:00,19,168.0,172.0,2021-08-30 18:00:00,20.0,21.0,24,25,156.0,179.0,2021-08-01,156.0,179.0,True
2021-08-30,2021-08-29 23:00:00,20,144.0,162.0,2021-08-30 19:00:00,20.0,21.0,21,21,129.0,137.0,2021-08-01,129.0,137.0,False
2021-08-30,2021-08-29 23:00:00,21,128.0,132.0,2021-08-30 20:00:00,20.0,21.0,20,20,112.0,118.0,2021-08-01,112.0,118.0,False
2021-08-30,2021-08-29 23:00:00,22,129.0,135.0,2021-08-30 21:00:00,20.0,21.0,20,21,111.0,117.0,2021-08-01,111.0,117.0,False
2021-08-30,2021-08-29 23:00:00,23,116.0,123.0,2021-08-30 22:00:00,20.0,21.0,22,24,109.0,113.0,2021-08-01,109.0,113.0,False
2021-08-30,2021-08-29 23:00:00,24,105.0,115.0,2021-08-30 23:00:00,20.0,21.0,20,21,96.0,107.0,2021-08-01,96.0,107.0,False
2021-08-31,2021-08-30 23:00:00,1,73.0,76.0,2021-08-31 00:00:00,105.0,115.0,20,20,65.0,67.0,2021-08-01,65.0,67.0,False
2021-08-31,2021-08-30 23:00:00,2,106.0,111.0,2021-08-31 01:00:00,105.0,115.0,21,23,105.0,111.0,2021-08-01,105.0,111.0,False
2021-08-31,2021-08-30 23:00:00,3,108.0,114.0,2021-08-31 02:00:00,105.0,115.0,21,24,110.0,115.0,2021-08-01,110.0,115.0,False
2021-08-31,2021-08-30 23:00:00,4,101.0,107.0,2021-08-31 03:00:00,105.0,115.0,20,21,105.0,115.0,2021-08-01,105.0,115.0,False
2021-08-31,2021-08-30 23:00:00,5,110.0,114.0,2021-08-31 04:00:00,105.0,115.0,20,20,108.0,113.0,2021-08-01,108.0,113.0,False
2021-08-31,2021-08-30 23:00:00,6,93.0,114.0,2021-08-31 05:00:00,105.0,115.0,20,20,88.0,106.0,2021-08-01,88.0,106.0,False
2021-08-31,2021-08-30 23:00:00,7,113.0,114.0,2021-08-31 06:00:00,105.0,115.0,21,24,109.0,115.0,2021-08-01,109.0,115.0,False
2021-08-31,2021-08-30 23:00:00,8,123.0,144.0,2021-08-31 07:00:00,105.0,115.0,52,80,131.0,145.0,2021-08-01,131.0,145.0,False
2021-08-31,2021-08-30 23:00:00,9,167.0,177.0,2021-08-31 08:00:00,105.0,115.0,167,183,187.0,196.0,2021-08-01,187.0,196.0,True
2021-08-31,2021-08-30 23:00:00,10,169.0,185.0,2021-08-31 09:00:00,105.0,115.0,170,180,181.0,190.0,2021-08-01,181.0,190.0,True
2021-08-31,2021-08-30 23:00:00,11,176.0,187.0,2021-08-31 10:00:00,105.0,115.0,171,186,171.0,181.0,2021-08-01,171.0,181.0,True
2021-08-31,2021-08-30 23:00:00,12,165.0,182.0,2021-08-31 11:00:00,105.0,115.0,171,180,183.0,188.0,2021-08-01,183.0,188.0,True
2021-08-31,2021-08-30 23:00:00,13,112.0,135.0,2021-08-31 12:00:00,105.0,115.0,114,134,115.0,130.0,2021-08-01,115.0,130.0,False
2021-08-31,2021-08-30 23:00:00,14,174.0,184.0,2021-08-31 13:00:00,105.0,115.0,172,177,174.0,180.0,2021-08-01,174.0,180.0,True
2021-08-31,2021-08-30 23:00:00,15,182.0,187.0,2021-08-31 14:00:00,105.0,115.0,171,174,186.0,190.0,2021-08-01,186.0,190.0,True
2021-08-31,2021-08-30 23:00:00,16,157.0,170.0,2021-08-31 15:00:00,105.0,115.0,160,177,175.0,201.0,2021-08-01,175.0,201.0,True
2021-08-31,2021-08-30 23:00:00,17,167.0,180.0,2021-08-31 16:00:00,105.0,115.0,170,174,184.0,191.0,2021-08-01,184.0,191.0,True
2021-08-31,2021-08-30 23:00:00,18,125.0,139.0,2021-08-31 17:00:00,105.0,115.0,140,172,139.0,157.0,2021-08-01,139.0,157.0,False
2021-08-31,2021-08-30 23:00:00,19,156.0,162.0,2021-08-31 18:00:00,105.0,115.0,168,172,152.0,156.0,2021-08-01,152.0,156.0,False
2021-08-31,2021-08-30 23:00:00,20,148.0,154.0,2021-08-31 19:00:00,105.0,115.0,144,162,150.0,164.0,2021-08-01,150.0,164.0,True
2021-08-31,2021-08-30 23:00:00,21,147.0,152.0,2021-08-31 20:00:00,105.0,115.0,128,132,121.0,125.0,2021-08-01,121.0,125.0,False
2021-08-31,2021-08-30 23:00:00,22,131.0,132.0,2021-08-31 21:00:00,105.0,115.0,129,135,121.0,123.0,2021-08-01,121.0,123.0,False
2021-08-31,2021-08-30 23:00:00,23,119.0,127.0,2021-08-31 22:00:00,105.0,115.0,116,123,113.0,120.0,2021-08-01,113.0,120.0,False
2021-08-31,2021-08-30 23:00:00,24,112.0,128.0,2021-08-31 23:00:00,105.0,115.0,105,115,99.0,107.0,2021-08-01,99.0,107.0,False
2021-09-01,2021-08-31 23:00:00,1,74.0,83.0,2021-09-01 00:00:00,112.0,128.0,73,76,77.0,81.0,2021-09-01,77.0,81.0,False
2021-09-01,2021-08-31 23:00:00,2,109.0,117.0,2021-09-01 01:00:00,112.0,128.0,106,111,104.0,111.0,2021-09-01,104.0,111.0,False
2021-09-01,2021-08-31 23:00:00,3,114.0,121.0,2021-09-01 02:00:00,112.0,128.0,108,114,109.0,115.0,2021-09-01,109.0,115.0,False
2021-09-01,2021-08-31 23:00:00,4,99.0,103.0,2021-09-01 03:00:00,112.0,128.0,101,107,99.0,106.0,2021-09-01,99.0,106.0,False
2021-09-01,2021-08-31 23:00:00,5,115.0,119.0,2021-09-01 04:00:00,112.0,128.0,110,114,109.0,110.0,2021-09-01,109.0,110.0,False
2021-09-01,2021-08-31 23:00:00,6,92.0,112.0,2021-09-01 05:00:00,112.0,128.0,93,114,91.0,107.0,2021-09-01,91.0,107.0,False
2021-09-01,2021-08-31 23:00:00,7,116.0,119.0,2021-09-01 06:00:00,112.0,128.0,113,114,104.0,108.0,2021-09-01,104.0,108.0,False
2021-09-01,2021-08-31 23:00:00,8,124.0,139.0,2021-09-01 07:00:00,112.0,128.0,123,144,139.0,162.0,2021-09-01,139.0,162.0,False
2021-09-01,2021-08-31 23:00:00,9,180.0,198.0,2021-09-01 08:00:00,112.0,128.0,167,177,174.0,182.0,2021-09-01,174.0,182.0,True
2021-09-01,2021-08-31 23:00:00,10,182.0,189.0,2021-09-01 09:00:00,112.0,128.0,169,185,171.0,181.0,2021-09-01,171.0,181.0,True
2021-09-01,2021-08-31 23:00:00,11,185.0,196.0,2021-09-01 10:00:00,112.0,128.0,176,187,177.0,189.0,2021-09-01,177.0,189.0,True
2021-09-01,2021-08-31 23:00:00,12,174.0,180.0,2021-09-01 11:00:00,112.0,128.0,165,182,173.0,184.0,2021-09-01,173.0,184.0,True
2021-09-01,2021-08-31 23:00:00,13,117.0,138.0,2021-09-01 12:00:00,112.0,128.0,112,135,110.0,121.0,2021-09-01,110.0,121.0,False
2021-09-01,2021-08-31 23:00:00,14,182.0,190.0,2021-09-01 13:00:00,112.0,128.0,174,184,174.0,180.0,2021-09-01,174.0,180.0,True
2021-09-01,2021-08-31 23:00:00,15,184.0,192.0,2021-09-01 14:00:00,112.0,128.0,182,187,177.0,184.0,2021-09-01,177.0,184.0,True
2021-09-01,2021-08-31 23:00:00,16,173.0,182.0,2021-09-01 15:00:00,112.0,128.0,157,170,169.0,180.0,2021-09-01,169.0,180.0,True
2021-09-01,2021-08-31 23:00:00,17,176.0,187.0,2021-09-01 16:00:00,112.0,128.0,167,180,162.0,172.0,2021-09-01,162.0,172.0,True
2021-09-01,2021-08-31 23:00:00,18,139.0,180.0,2021-09-01 17:00:00,112.0,128.0,125,139,146.0,176.0,2021-09-01,146.0,176.0,True
2021-09-01,2021-08-31 23:00:00,19,163.0,167.0,2021-09-01 18:00:00,112.0,128.0,156,162,167.0,172.0,2021-09-01,167.0,172.0,True
2021-09-01,2021-08-31 23:00:00,20,152.0,163.0,2021-09-01 19:00:00,112.0,128.0,148,154,139.0,152.0,2021-09-01,139.0,152.0,False
2021-09-01,2021-08-31 23:00:00,21,129.0,139.0,2021-09-01 20:00:00,112.0,128.0,147,152,111.0,124.0,2021-09-01,111.0,124.0,False
2021-09-01,2021-08-31 23:00:00,22,131.0,133.0,2021-09-01 21:00:00,112.0,128.0,131,132,121.0,131.0,2021-09-01,121.0,131.0,False
2021-09-01,2021-08-31 23:00:00,23,119.0,128.0,2021-09-01 22:00:00,112.0,128.0,119,127,110.0,114.0,2021-09-01,110.0,114.0,False
2021-09-01,2021-08-31 23:00:00,24,114.0,121.0,2021-09-01 23:00:00,112.0,128.0,112,128,105.0,119.0,2021-09-01,105.0,119.0,False
2021-09-02,2021-09-01 23:00:00,1,79.0,87.0,2021-09-02 00:00:00,114.0,121.0,74,83,72.0,73.0,2021-09-01,72.0,73.0,False
2021-09-02,2021-09-01 23:00:00,2,112.0,119.0,2021-09-02 01:00:00,114.0,121.0,109,117,103.0,110.0,2021-09-01,103.0,110.0,False
2021-09-02,2021-09-01 23:00:00,3,114.0,119.0,2021-09-02 02:00:00,114.0,121.0,114,121,115.0,118.0,2021-09-01,115.0,118.0,False
2021-09-02,2021-09-01 23:00:00,4,106.0,118.0,2021-09-02 03:00:00,114.0,121.0,99,103,99.0,104.0,2021-09-01,99.0,104.0,False
2021-09-02,2021-09-01 23:00:00,5,114.0,120.0,2021-09-02 04:00:00,114.0,121.0,115,119,110.0,115.0,2021-09-01,110.0,115.0,False
2021-09-02,2021-09-01 23:00:00,6,93.0,108.0,2021-09-02 05:00:00,114.0,121.0,92,112,92.0,108.0,2021-09-01,92.0,108.0,False
2021-09-02,2021-09-01 23:00:00,7,115.0,117.0,2021-09-02 06:00:00,114.0,121.0,116,119,105.0,111.0,2021-09-01,105.0,111.0,False
2021-09-02,2021-09-01 23:00:00,8,141.0,160.0,2021-09-02 07:00:00,114.0,121.0,124,139,134.0,147.0,2021-09-01,134.0,147.0,False
2021-09-02,2021-09-01 23:00:00,9,166.0,171.0,2021-09-02 08:00:00,114.0,121.0,180,198,183.0,196.0,2021-09-01,183.0,196.0,True
2021-09-02,2021-09-01 23:00:00,10,184.0,198.0,2021-09-02 09:00:00,114.0,121.0,182,189,195.0,199.0,2021-09-01,195.0,199.0,True
2021-09-02,2021-09-01 23:00:00,11,179.0,188.0,2021-09-02 10:00:00,114.0,121.0,185,196,180.0,193.0,2021-09-01,180.0,193.0,True
2021-09-02,2021-09-01 23:00:00,12,182.0,188.0,2021-09-02 11:00:00,114.0,121.0,174,180,188.0,194.0,2021-09-01,188.0,194.0,True
2021-09-02,2021-09-01 23:00:00,13,112.0,130.0,2021-09-02 12:00:00,114.0,121.0,117,138,111.0,127.0,2021-09-01,111.0,127.0,False
2021-09-02,2021-09-01 23:00:00,14,174.0,183.0,2021-09-02 13:00:00,114.0,121.0,182,190,183.0,199.0,2021-09-01,183.0,199.0,True
2021-09-02,2021-09-01 23:00:00,15,192.0,195.0,2021-09-02 14:00:00,114.0,121.0,184,192,185.0,190.0,2021-09-01,185.0,190.0,True
2021-09-02,2021-09-01 23:00:00,16,170.0,177.0,2021-09-02 15:00:00,114.0,121.0,173,182,188.0,202.0,2021-09-01,188.0,202.0,True
2021-09-02,2021-09-01 23:00:00,17,174.0,181.0,2021-09-02 16:00:00,114.0,121.0,176,187,173.0,186.0,2021-09-01,173.0,186.0,True
2021-09-02,2021-09-01 23:00:00,18,132.0,153.0,2021-09-02 17:00:00,114.0,121.0,139,180,132.0,161.0,2021-09-01,132.0,161.0,False
2021-09-02,2021-09-01 23:00:00,19,159.0,167.0,2021-09-02 18:00:00,114.0,121.0,163,167,162.0,167.0,2021-09-01,162.0,167.0,True
2021-09-02,2021-09-01 23:00:00,20,161.0,173.0,2021-09-02 19:00:00,114.0,121.0,152,163,156.0,170.0,2021-09-01,156.0,170.0,True
2021-09-02,2021-09-01 23:00:00,21,132.0,143.0,2021-09-02 20:00:00,114.0,121.0,129,139,116.0,121.0,2021-09-01,116.0,121.0,False
2021-09-02,2021-09-01 23:00:00,22,131.0,138.0,2021-09-02 21:00:00,114.0,121.0,131,133,125.0,128.0,2021-09-01,125.0,128.0,False
2021-09-02,2021-09-01 23:00:00,23,114.0,129.0,2021-09-02 22:00:00,114.0,121.0,119,128,111.0,116.0,2021-09-01,111.0,116.0,False
2021-09-02,2021-09-01 23:00:00,24,119.0,129.0,2021-09-02 23:00:00,114.0,121.0,114,121,105.0,113.0,2021-09-01,105.0,113.0,False
2021-09-03,2021-09-02 23:00:00,1,69.0,71.0,2021-09-03 00:00:00,119.0,129.0,79,87,72.0,77.0,2021-09-01,72.0,77.0,False
2021-09-03,2021-09-02 23:00:00,2,109.0,119.0,2021-09-03 01:00:00,119.0,129.0,112,119,102.0,111.0,2021-09-01,102.0,111.0,False
2021-09-03,2021-09-02 23:00:00,3,112.0,117.0,2021-09-03 02:00:00,119.0,129.0,114,119,111.0,115.0,2021-09-01,111.0,115.0,False
2021-09-03,2021-09-02 23:00:00,4,110.0,114.0,2021-09-03 03:00:00,119.0,129.0,106,118,102.0,114.0,2021-09-01,102.0,114.0,False
2021-09-03,2021-09-02 23:00:00,5,107.0,113.0,2021-09-03 04:00:00,119.0,129.0,114,120,108.0,112.0,2021-09-01,108.0,112.0,False
2021-09-03,2021-09-02 23:00:00,6,93.0,111.0,2021-09-03 05:00:00,119.0,129.0,93,108,86.0,104.0,2021-09-01,86.0,104.0,False
2021-09-03,2021-09-02 23:00:00,7,107.0,114.0,2021-09-03 06:00:00,119.0,129.0,115,117,101.0,103.0,2021-09-01,101.0,103.0,False
2021-09-03,2021-09-02 23:00:00,8,134.0,147.0,2021-09-03 07:00:00,119.0,129.0,141,160,125.0,135.0,2021-09-01,125.0,135.0,False
2021-09-03,2021-09-02 23:00:00,9,170.0,179.0,2021-09-03 08:00:00,119.0,129.0,166,171,181.0,190.0,2021-09-01,181.0,190.0,True
2021-09-03,2021-09-02 23:00:00,10,171.0,178.0,2021-09-03 09:00:00,119.0,129.0,184,198,176.0,185.0,2021-09-01,176.0,185.0,True
2021-09-03,2021-09-02 23:00:00,11,163.0,169.0,2021-09-03 10:00:00,119.0,129.0,179,188,169.0,177.0,2021-09-01,169.0,177.0,True
2021-09-03,2021-09-02 23:00:00,12,187.0,190.0,2021-09-03 11:00:00,119.0,129.0,182,188,175.0,182.0,2021-09-01,175.0,182.0,True
2021-09-03,2021-09-02 23:00:00,13,108.0,122.0,2021-09-03 12:00:00,119.0,129.0,112,130,106.0,125.0,2021-09-01,106.0,125.0,False
2021-09-03,2021-09-02 23:00:00,14,169.0,176.0,2021-09-03 13:00:00,119.0,129.0,174,183,173.0,179.0,2021-09-01,173.0,179.0,True
2021-09-03,2021-09-02 23:00:00,15,178.0,181.0,2021-09-03 14:00:00,119.0,129.0,192,195,165.0,169.0,2021-09-01,165.0,169.0,True
2021-09-03,2021-09-02 23:00:00,16,154.0,162.0,2021-09-03 15:00:00,119.0,129.0,170,177,162.0,175.0,2021-09-01,162.0,175.0,True
2021-09-03,2021-09-02 23:00:00,17,161.0,165.0,2021-09-03 16:00:00,119.0,129.0,174,181,156.0,161.0,2021-09-01,156.0,161.0,False
2021-09-03,2021-09-02 23:00:00,18,147.0,170.0,2021-09-03 17:00:00,119.0,129.0,132,153,142.0,163.0,2021-09-01,142.0,163.0,False
2021-09-03,2021-09-02 23:00:00,19,154.0,158.0,2021-09-03 18:00:00,119.0,129.0,159,167,143.0,157.0,2021-09-01,143.0,157.0,False
2021-09-03,2021-09-02 23:00:00,20,143.0,156.0,2021-09-03 19:00:00,119.0,129.0,161,173,127.0,138.0,2021-09-01,127.0,138.0,False
2021-09-03,2021-09-02 23:00:00,21,115.0,118.0,2021-09-03 20:00:00,119.0,129.0,132,143,108.0,111.0,2021-09-01,108.0,111.0,False
2021-09-03,2021-09-02 23:00:00,22,110.0,113.0,2021-09-03 21:00:00,119.0,129.0,131,138,107.0,115.0,2021-09-01,107.0,115.0,False
2021-09-03,2021-09-02 23:00:00,23,105.0,119.0,2021-09-03 22:00:00,119.0,129.0,114,129,96.0,105.0,2021-09-01,96.0,105.0,False
2021-09-03,2021-09-02 23:00:00,24,101.0,112.0,2021-09-03 23:00:00,119.0,129.0,119,129,102.0,113.0,2021-09-01,102.0,113.0,False
2021-09-04,2021-09-03 23:00:00,1,64.0,69.0,2021-09-04 00:00:00,101.0,112.0,69,71,72.0,75.0,2021-09-01,72.0,75.0,False
2021-09-04,2021-09-03 23:00:00,2,106.0,114.0,2021-09-04 01:00:00,101.0,112.0,109,119,104.0,111.0,2021-09-01,104.0,111.0,False
2021-09-04,2021-09-03 23:00:00,3,104.0,107.0,2021-09-04 02:00:00,101.0,112.0,112,117,111.0,119.0,2021-09-01,111.0,119.0,False
2021-09-04,2021-09-03 23:00:00,4,98.0,103.0,2021-09-04 03:00:00,101.0,112.0,110,114,102.0,109.0,2021-09-01,102.0,109.0,False
2021-09-04,2021-09-03 23:00:00,5,109.0,112.0,2021-09-04 04:00:00,101.0,112.0,107,113,103.0,107.0,2021-09-01,103.0,107.0,False
2021-09-04,2021-09-03 23:00:00,6,88.0,105.0,2021-09-04 05:00:00,101.0,112.0,93,111,87.0,107.0,2021-09-01,87.0,107.0,False
2021-09-04,2021-09-03 23:00:00,7,111.0,116.0,2021-09-04 06:00:00,101.0,112.0,107,114,98.0,103.0,2021-09-01,98.0,103.0,False
2021-09-04,2021-09-03 23:00:00,8,70.0,97.0,2021-09-04 07:00:00,101.0,112.0,134,147,66.0,94.0,2021-09-01,66.0,94.0,False
2021-09-04,2021-09-03 23:00:00,9,33.0,37.0,2021-09-04 08:00:00,101.0,112.0,170,179,35.0,36.0,2021-09-01,35.0,36.0,False
2021-09-04,2021-09-03 23:00:00,10,32.0,32.0,2021-09-04 09:00:00,101.0,112.0,171,178,36.0,36.0,2021-09-01,36.0,36.0,False
2021-09-04,2021-09-03 23:00:00,11,34.0,36.0,2021-09-04 10:00:00,101.0,112.0,163,169,38.0,41.0,2021-09-01,38.0,41.0,False
2021-09-04,2021-09-03 23:00:00,12,32.0,32.0,2021-09-04 11:00:00,101.0,112.0,187,190,37.0,39.0,2021-09-01,37.0,39.0,False
2021-09-04,2021-09-03 23:00:00,13,33.0,34.0,2021-09-04 12:00:00,101.0,112.0,108,122,38.0,38.0,2021-09-01,38.0,38.0,False
2021-09-04,2021-09-03 23:00:00,14,34.0,37.0,2021-09-04 13:00:00,101.0,112.0,169,176,38.0,41.0,2021-09-01,38.0,41.0,False
2021-09-04,2021-09-03 23:00:00,15,34.0,35.0,2021-09-04 14:00:00,101.0,112.0,178,181,38.0,41.0,2021-09-01,38.0,41.0,False
2021-09-04,2021-09-03 23:00:00,16,33.0,33.0,2021-09-04 15:00:00,101.0,112.0,154,162,38.0,38.0,2021-09-01,38.0,38.0,False
2021-09-04,2021-09-03 23:00:00,17,36.0,43.0,2021-09-04 16:00:00,101.0,112.0,161,165,46.0,52.0,2021-09-01,46.0,52.0,False
2021-09-04,2021-09-03 23:00:00,18,35.0,40.0,2021-09-04 17:00:00,101.0,112.0,147,170,22.0,47.0,2021-09-01,22.0,47.0,False
2021-09-04,2021-09-03 23:00:00,19,26.0,29.0,2021-09-04 18:00:00,101.0,112.0,154,158,0.0,0.0,2021-09-01,0.0,0.0,False
2021-09-04,2021-09-03 23:00:00,20,23.0,25.0,2021-09-04 19:00:00,101.0,112.0,143,156,0.0,0.0,2021-09-01,0.0,0.0,False
2021-09-04,2021-09-03 23:00:00,21,25.0,27.0,2021-09-04 20:00:00,101.0,112.0,115,118,0.0,0.0,2021-09-01,0.0,0.0,False
2021-09-04,2021-09-03 23:00:00,22,23.0,23.0,2021-09-04 21:00:00,101.0,112.0,110,113,0.0,0.0,2021-09-01,0.0,0.0,False
2021-09-04,2021-09-03 23:00:00,23,23.0,23.0,2021-09-04 22:00:00,101.0,112.0,105,119,0.0,0.0,2021-09-01,0.0,0.0,False
2021-09-04,2021-09-03 23:00:00,24,23.0,23.0,2021-09-04 23:00:00,101.0,112.0,101,112,0.0,0.0,2021-09-01,0.0,0.0,False
2021-09-05,2021-09-04 23:00:00,1,24.0,26.0,2021-09-05 00:00:00,23.0,23.0,64,69,0.0,0.0,2021-09-01,0.0,0.0,False
2021-09-05,2021-09-04 23:00:00,2,22.0,22.0,2021-09-05 01:00:00,23.0,23.0,106,114,0.0,0.0,2021-09-01,0.0,0.0,False
2021-09-05,2021-09-04 23:00:00,3,22.0,22.0,2021-09-05 02:00:00,23.0,23.0,104,107,0.0,0.0,2021-09-01,0.0,0.0,False
2021-09-05,2021-09-04 23:00:00,4,22.0,22.0,2021-09-05 03:00:00,23.0,23.0,98,103,0.0,0.0,2021-09-01,0.0,0.0,False
2021-09-05,2021-09-04 23:00:00,5,24.0,27.0,2021-09-05 04:00:00,23.0,23.0,109,112,0.0,0.0,2021-09-01,0.0,0.0,False
2021-09-05,2021-09-04 23:00:00,6,22.0,22.0,2021-09-05 05:00:00,23.0,23.0,88,105,0.0,0.0,2021-09-01,0.0,0.0,False
2021-09-05,2021-09-04 23:00:00,7,22.0,22.0,2021-09-05 06:00:00,23.0,23.0,111,116,0.0,0.0,2021-09-01,0.0,0.0,False
2021-09-05,2021-09-04 23:00:00,8,22.0,22.0,2021-09-05 07:00:00,23.0,23.0,70,97,0.0,0.0,2021-09-01,0.0,0.0,False
2021-09-05,2021-09-04 23:00:00,9,25.0,27.0,2021-09-05 08:00:00,23.0,23.0,33,37,0.0,0.0,2021-09-01,0.0,0.0,False
2021-09-05,2021-09-04 23:00:00,10,22.0,23.0,2021-09-05 09:00:00,23.0,23.0,32,32,0.0,0.0,2021-09-01,0.0,0.0,False
2021-09-05,2021-09-04 23:00:00,11,22.0,22.0,2021-09-05 10:00:00,23.0,23.0,34,36,0.0,0.0,2021-09-01,0.0,0.0,False
2021-09-05,2021-09-04 23:00:00,12,22.0,22.0,2021-09-05 11:00:00,23.0,23.0,32,32,17.0,41.0,2021-09-01,17.0,41.0,False
2021-09-05,2021-09-04 23:00:00,13,24.0,26.0,2021-09-05 12:00:00,23.0,23.0,33,34,22.0,23.0,2021-09-01,22.0,23.0,False
2021-09-05,2021-09-04 23:00:00,14,22.0,23.0,2021-09-05 13:00:00,23.0,23.0,34,37,19.0,19.0,2021-09-01,19.0,19.0,False
2021-09-05,2021-09-04 23:00:00,15,23.0,23.0,2021-09-05 14:00:00,23.0,23.0,34,35,22.0,22.0,2021-09-01,22.0,22.0,False
2021-09-05,2021-09-04 23:00:00,16,24.0,28.0,2021-09-05 15:00:00,23.0,23.0,33,33,21.0,21.0,2021-09-01,21.0,21.0,False
2021-09-05,2021-09-04 23:00:00,17,23.0,25.0,2021-09-05 16:00:00,23.0,23.0,36,43,22.0,23.0,2021-09-01,22.0,23.0,False
2021-09-05,2021-09-04 23:00:00,18,23.0,23.0,2021-09-05 17:00:00,23.0,23.0,35,40,26.0,26.0,2021-09-01,26.0,26.0,False
2021-09-05,2021-09-04 23:00:00,19,22.0,22.0,2021-09-05 18:00:00,23.0,23.0,26,29,24.0,25.0,2021-09-01,24.0,25.0,False
2021-09-05,2021-09-04 23:00:00,20,24.0,27.0,2021-09-05 19:00:00,23.0,23.0,23,25,21.0,21.0,2021-09-01,21.0,21.0,False
2021-09-05,2021-09-04 23:00:00,21,23.0,23.0,2021-09-05 20:00:00,23.0,23.0,25,27,20.0,20.0,2021-09-01,20.0,20.0,False
2021-09-05,2021-09-04 23:00:00,22,23.0,23.0,2021-09-05 21:00:00,23.0,23.0,23,23,20.0,21.0,2021-09-01,20.0,21.0,False
2021-09-05,2021-09-04 23:00:00,23,24.0,27.0,2021-09-05 22:00:00,23.0,23.0,23,23,22.0,24.0,2021-09-01,22.0,24.0,False
2021-09-05,2021-09-04 23:00:00,24,23.0,24.0,2021-09-05 23:00:00,23.0,23.0,23,23,20.0,21.0,2021-09-01,20.0,21.0,False
2021-09-06,2021-09-05 23:00:00,1,22.0,22.0,2021-09-06 00:00:00,23.0,24.0,24,26,20.0,20.0,2021-09-01,20.0,20.0,False
2021-09-06,2021-09-05 23:00:00,2,22.0,22.0,2021-09-06 01:00:00,23.0,24.0,22,22,21.0,23.0,2021-09-01,21.0,23.0,False
2021-09-06,2021-09-05 23:00:00,3,24.0,27.0,2021-09-06 02:00:00,23.0,24.0,22,22,21.0,24.0,2021-09-01,21.0,24.0,False
2021-09-06,2021-09-05 23:00:00,4,22.0,22.0,2021-09-06 03:00:00,23.0,24.0,22,22,20.0,21.0,2021-09-01,20.0,21.0,False
2021-09-06,2021-09-05 23:00:00,5,22.0,22.0,2021-09-06 04:00:00,23.0,24.0,24,27,20.0,20.0,2021-09-01,20.0,20.0,False
2021-09-06,2021-09-05 23:00:00,6,23.0,24.0,2021-09-06 05:00:00,23.0,24.0,22,22,20.0,20.0,2021-09-01,20.0,20.0,False
2021-09-06,2021-09-05 23:00:00,7,24.0,26.0,2021-09-06 06:00:00,23.0,24.0,22,22,21.0,24.0,2021-09-01,21.0,24.0,False
2021-09-06,2021-09-05 23:00:00,8,52.0,81.0,2021-09-06 07:00:00,23.0,24.0,22,22,52.0,80.0,2021-09-01,52.0,80.0,False
2021-09-06,2021-09-05 23:00:00,9,171.0,180.0,2021-09-06 08:00:00,23.0,24.0,25,27,167.0,183.0,2021-09-01,167.0,183.0,True
2021-09-06,2021-09-05 23:00:00,10,157.0,165.0,2021-09-06 09:00:00,23.0,24.0,22,23,170.0,180.0,2021-09-01,170.0,180.0,True
2021-09-06,2021-09-05 23:00:00,11,171.0,190.0,2021-09-06 10:00:00,23.0,24.0,22,22,171.0,186.0,2021-09-01,171.0,186.0,True
2021-09-06,2021-09-05 23:00:00,12,176.0,180.0,2021-09-06 11:00:00,23.0,24.0,22,22,171.0,180.0,2021-09-01,171.0,180.0,True
2021-09-06,2021-09-05 23:00:00,13,109.0,124.0,2021-09-06 12:00:00,23.0,24.0,24,26,114.0,134.0,2021-09-01,114.0,134.0,False
2021-09-06,2021-09-05 23:00:00,14,160.0,164.0,2021-09-06 13:00:00,23.0,24.0,22,23,172.0,177.0,2021-09-01,172.0,177.0,True
2021-09-06,2021-09-05 23:00:00,15,160.0,163.0,2021-09-06 14:00:00,23.0,24.0,23,23,171.0,174.0,2021-09-01,171.0,174.0,True
2021-09-06,2021-09-05 23:00:00,16,158.0,171.0,2021-09-06 15:00:00,23.0,24.0,24,28,160.0,177.0,2021-09-01,160.0,177.0,True
2021-09-06,2021-09-05 23:00:00,17,146.0,152.0,2021-09-06 16:00:00,23.0,24.0,23,25,170.0,174.0,2021-09-01,170.0,174.0,True
2021-09-06,2021-09-05 23:00:00,18,128.0,148.0,2021-09-06 17:00:00,23.0,24.0,23,23,140.0,172.0,2021-09-01,140.0,172.0,True
2021-09-06,2021-09-05 23:00:00,19,152.0,154.0,2021-09-06 18:00:00,23.0,24.0,22,22,168.0,172.0,2021-09-01,168.0,172.0,True
2021-09-06,2021-09-05 23:00:00,20,135.0,145.0,2021-09-06 19:00:00,23.0,24.0,24,27,144.0,162.0,2021-09-01,144.0,162.0,False
2021-09-06,2021-09-05 23:00:00,21,121.0,128.0,2021-09-06 20:00:00,23.0,24.0,23,23,128.0,132.0,2021-09-01,128.0,132.0,False
2021-09-06,2021-09-05 23:00:00,22,123.0,133.0,2021-09-06 21:00:00,23.0,24.0,23,23,129.0,135.0,2021-09-01,129.0,135.0,False
2021-09-06,2021-09-05 23:00:00,23,110.0,114.0,2021-09-06 22:00:00,23.0,24.0,24,27,116.0,123.0,2021-09-01,116.0,123.0,False
2021-09-06,2021-09-05 23:00:00,24,104.0,118.0,2021-09-06 23:00:00,23.0,24.0,23,24,105.0,115.0,2021-09-01,105.0,115.0,False
2021-09-07,2021-09-06 23:00:00,1,72.0,74.0,2021-09-07 00:00:00,104.0,118.0,22,22,73.0,76.0,2021-09-01,73.0,76.0,False
2021-09-07,2021-09-06 23:00:00,2,109.0,121.0,2021-09-07 01:00:00,104.0,118.0,22,22,106.0,111.0,2021-09-01,106.0,111.0,False
2021-09-07,2021-09-06 23:00:00,3,111.0,118.0,2021-09-07 02:00:00,104.0,118.0,24,27,108.0,114.0,2021-09-01,108.0,114.0,False
2021-09-07,2021-09-06 23:00:00,4,109.0,123.0,2021-09-07 03:00:00,104.0,118.0,22,22,101.0,107.0,2021-09-01,101.0,107.0,False
2021-09-07,2021-09-06 23:00:00,5,109.0,120.0,2021-09-07 04:00:00,104.0,118.0,22,22,110.0,114.0,2021-09-01,110.0,114.0,False
2021-09-07,2021-09-06 23:00:00,6,96.0,116.0,2021-09-07 05:00:00,104.0,118.0,23,24,93.0,114.0,2021-09-01,93.0,114.0,False
2021-09-07,2021-09-06 23:00:00,7,115.0,124.0,2021-09-07 06:00:00,104.0,118.0,24,26,113.0,114.0,2021-09-01,113.0,114.0,False
2021-09-07,2021-09-06 23:00:00,8,140.0,160.0,2021-09-07 07:00:00,104.0,118.0,52,81,123.0,144.0,2021-09-01,123.0,144.0,False
2021-09-07,2021-09-06 23:00:00,9,173.0,192.0,2021-09-07 08:00:00,104.0,118.0,171,180,167.0,177.0,2021-09-01,167.0,177.0,True
2021-09-07,2021-09-06 23:00:00,10,170.0,174.0,2021-09-07 09:00:00,104.0,118.0,157,165,169.0,185.0,2021-09-01,169.0,185.0,True
2021-09-07,2021-09-06 23:00:00,11,164.0,178.0,2021-09-07 10:00:00,104.0,118.0,171,190,176.0,187.0,2021-09-01,176.0,187.0,True
2021-09-07,2021-09-06 23:00:00,12,174.0,183.0,2021-09-07 11:00:00,104.0,118.0,176,180,165.0,182.0,2021-09-01,165.0,182.0,True
2021-09-07,2021-09-06 23:00:00,13,116.0,140.0,2021-09-07 12:00:00,104.0,118.0,109,124,112.0,135.0,2021-09-01,112.0,135.0,False
2021-09-07,2021-09-06 23:00:00,14,181.0,189.0,2021-09-07 13:00:00,104.0,118.0,160,164,174.0,184.0,2021-09-01,174.0,184.0,True
2021-09-07,2021-09-06 23:00:00,15,182.0,191.0,2021-09-07 14:00:00,104.0,118.0,160,163,182.0,187.0,2021-09-01,182.0,187.0,True
2021-09-07,2021-09-06 23:00:00,16,166.0,174.0,2021-09-07 15:00:00,104.0,118.0,158,171,157.0,170.0,2021-09-01,157.0,170.0,True
2021-09-07,2021-09-06 23:00:00,17,160.0,167.0,2021-09-07 16:00:00,104.0,118.0,146,152,167.0,180.0,2021-09-01,167.0,180.0,True
2021-09-07,2021-09-06 23:00:00,18,135.0,161.0,2021-09-07 17:00:00,104.0,118.0,128,148,125.0,139.0,2021-09-01,125.0,139.0,False
2021-09-07,2021-09-06 23:00:00,19,156.0,165.0,2021-09-07 18:00:00,104.0,118.0,152,154,156.0,162.0,2021-09-01,156.0,162.0,False
2021-09-07,2021-09-06 23:00:00,20,152.0,158.0,2021-09-07 19:00:00,104.0,118.0,135,145,148.0,154.0,2021-09-01,148.0,154.0,False
2021-09-07,2021-09-06 23:00:00,21,134.0,141.0,2021-09-07 20:00:00,104.0,118.0,121,128,147.0,152.0,2021-09-01,147.0,152.0,False
2021-09-07,2021-09-06 23:00:00,22,131.0,134.0,2021-09-07 21:00:00,104.0,118.0,123,133,131.0,132.0,2021-09-01,131.0,132.0,False
2021-09-07,2021-09-06 23:00:00,23,115.0,122.0,2021-09-07 22:00:00,104.0,118.0,110,114,119.0,127.0,2021-09-01,119.0,127.0,False
2021-09-07,2021-09-06 23:00:00,24,111.0,126.0,2021-09-07 23:00:00,104.0,118.0,104,118,112.0,128.0,2021-09-01,112.0,128.0,False
2021-09-08,2021-09-07 23:00:00,1,72.0,78.0,2021-09-08 00:00:00,111.0,126.0,72,74,74.0,83.0,2021-09-01,74.0,83.0,False
2021-09-08,2021-09-07 23:00:00,2,110.0,115.0,2021-09-08 01:00:00,111.0,126.0,109,121,109.0,117.0,2021-09-01,109.0,117.0,False
2021-09-08,2021-09-07 23:00:00,3,118.0,126.0,2021-09-08 02:00:00,111.0,126.0,111,118,114.0,121.0,2021-09-01,114.0,121.0,False
2021-09-08,2021-09-07 23:00:00,4,112.0,122.0,2021-09-08 03:00:00,111.0,126.0,109,123,99.0,103.0,2021-09-01,99.0,103.0,False
2021-09-08,2021-09-07 23:00:00,5,113.0,116.0,2021-09-08 04:00:00,111.0,126.0,109,120,115.0,119.0,2021-09-01,115.0,119.0,False
2021-09-08,2021-09-07 23:00:00,6,97.0,109.0,2021-09-08 05:00:00,111.0,126.0,96,116,92.0,112.0,2021-09-01,92.0,112.0,False
2021-09-08,2021-09-07 23:00:00,7,118.0,123.0,2021-09-08 06:00:00,111.0,126.0,115,124,116.0,119.0,2021-09-01,116.0,119.0,False
2021-09-08,2021-09-07 23:00:00,8,135.0,154.0,2021-09-08 07:00:00,111.0,126.0,140,160,124.0,139.0,2021-09-01,124.0,139.0,False
2021-09-08,2021-09-07 23:00:00,9,171.0,181.0,2021-09-08 08:00:00,111.0,126.0,173,192,180.0,198.0,2021-09-01,180.0,198.0,True
2021-09-08,2021-09-07 23:00:00,10,160.0,163.0,2021-09-08 09:00:00,111.0,126.0,170,174,182.0,189.0,2021-09-01,182.0,189.0,True
2021-09-08,2021-09-07 23:00:00,11,152.0,160.0,2021-09-08 10:00:00,111.0,126.0,164,178,185.0,196.0,2021-09-01,185.0,196.0,True
2021-09-08,2021-09-07 23:00:00,12,156.0,168.0,2021-09-08 11:00:00,111.0,126.0,174,183,174.0,180.0,2021-09-01,174.0,180.0,True
2021-09-08,2021-09-07 23:00:00,13,25.0,63.0,2021-09-08 12:00:00,111.0,126.0,116,140,117.0,138.0,2021-09-01,117.0,138.0,False
2021-09-08,2021-09-07 23:00:00,14,152.0,165.0,2021-09-08 13:00:00,111.0,126.0,181,189,182.0,190.0,2021-09-01,182.0,190.0,True
2021-09-08,2021-09-07 23:00:00,15,165.0,178.0,2021-09-08 14:00:00,111.0,126.0,182,191,184.0,192.0,2021-09-01,184.0,192.0,True
2021-09-08,2021-09-07 23:00:00,16,165.0,183.0,2021-09-08 15:00:00,111.0,126.0,166,174,173.0,182.0,2021-09-01,173.0,182.0,True
2021-09-08,2021-09-07 23:00:00,17,166.0,170.0,2021-09-08 16:00:00,111.0,126.0,160,167,176.0,187.0,2021-09-01,176.0,187.0,True
2021-09-08,2021-09-07 23:00:00,18,144.0,182.0,2021-09-08 17:00:00,111.0,126.0,135,161,139.0,180.0,2021-09-01,139.0,180.0,True
2021-09-08,2021-09-07 23:00:00,19,164.0,170.0,2021-09-08 18:00:00,111.0,126.0,156,165,163.0,167.0,2021-09-01,163.0,167.0,True
2021-09-08,2021-09-07 23:00:00,20,150.0,163.0,2021-09-08 19:00:00,111.0,126.0,152,158,152.0,163.0,2021-09-01,152.0,163.0,False
2021-09-08,2021-09-07 23:00:00,21,103.0,111.0,2021-09-08 20:00:00,111.0,126.0,134,141,129.0,139.0,2021-09-01,129.0,139.0,False
2021-09-08,2021-09-07 23:00:00,22,122.0,127.0,2021-09-08 21:00:00,111.0,126.0,131,134,131.0,133.0,2021-09-01,131.0,133.0,False
2021-09-08,2021-09-07 23:00:00,23,106.0,116.0,2021-09-08 22:00:00,111.0,126.0,115,122,119.0,128.0,2021-09-01,119.0,128.0,False
2021-09-08,2021-09-07 23:00:00,24,101.0,111.0,2021-09-08 23:00:00,111.0,126.0,111,126,114.0,121.0,2021-09-01,114.0,121.0,False
2021-09-09,2021-09-08 23:00:00,1,72.0,79.0,2021-09-09 00:00:00,101.0,111.0,72,78,79.0,87.0,2021-09-01,79.0,87.0,False
2021-09-09,2021-09-08 23:00:00,2,97.0,99.0,2021-09-09 01:00:00,101.0,111.0,110,115,112.0,119.0,2021-09-01,112.0,119.0,False
2021-09-09,2021-09-08 23:00:00,3,110.0,114.0,2021-09-09 02:00:00,101.0,111.0,118,126,114.0,119.0,2021-09-01,114.0,119.0,False
2021-09-09,2021-09-08 23:00:00,4,109.0,116.0,2021-09-09 03:00:00,101.0,111.0,112,122,106.0,118.0,2021-09-01,106.0,118.0,False
2021-09-09,2021-09-08 23:00:00,5,107.0,114.0,2021-09-09 04:00:00,101.0,111.0,113,116,114.0,120.0,2021-09-01,114.0,120.0,False
2021-09-09,2021-09-08 23:00:00,6,92.0,109.0,2021-09-09 05:00:00,101.0,111.0,97,109,93.0,108.0,2021-09-01,93.0,108.0,False
2021-09-09,2021-09-08 23:00:00,7,119.0,121.0,2021-09-09 06:00:00,101.0,111.0,118,123,115.0,117.0,2021-09-01,115.0,117.0,False
2021-09-09,2021-09-08 23:00:00,8,139.0,152.0,2021-09-09 07:00:00,101.0,111.0,135,154,141.0,160.0,2021-09-01,141.0,160.0,False
2021-09-09,2021-09-08 23:00:00,9,172.0,187.0,2021-09-09 08:00:00,101.0,111.0,171,181,166.0,171.0,2021-09-01,166.0,171.0,True
2021-09-09,2021-09-08 23:00:00,10,170.0,176.0,2021-09-09 09:00:00,101.0,111.0,160,163,184.0,198.0,2021-09-01,184.0,198.0,True
2021-09-09,2021-09-08 23:00:00,11,155.0,169.0,2021-09-09 10:00:00,101.0,111.0,152,160,179.0,188.0,2021-09-01,179.0,188.0,True
2021-09-09,2021-09-08 23:00:00,12,174.0,190.0,2021-09-09 11:00:00,101.0,111.0,156,168,182.0,188.0,2021-09-01,182.0,188.0,True
2021-09-09,2021-09-08 23:00:00,13,111.0,129.0,2021-09-09 12:00:00,101.0,111.0,25,63,112.0,130.0,2021-09-01,112.0,130.0,False
2021-09-09,2021-09-08 23:00:00,14,171.0,176.0,2021-09-09 13:00:00,101.0,111.0,152,165,174.0,183.0,2021-09-01,174.0,183.0,True
2021-09-09,2021-09-08 23:00:00,15,165.0,168.0,2021-09-09 14:00:00,101.0,111.0,165,178,192.0,195.0,2021-09-01,192.0,195.0,True
2021-09-09,2021-09-08 23:00:00,16,173.0,185.0,2021-09-09 15:00:00,101.0,111.0,165,183,170.0,177.0,2021-09-01,170.0,177.0,True
2021-09-09,2021-09-08 23:00:00,17,160.0,168.0,2021-09-09 16:00:00,101.0,111.0,166,170,174.0,181.0,2021-09-01,174.0,181.0,True
2021-09-09,2021-09-08 23:00:00,18,140.0,168.0,2021-09-09 17:00:00,101.0,111.0,144,182,132.0,153.0,2021-09-01,132.0,153.0,False
2021-09-09,2021-09-08 23:00:00,19,162.0,172.0,2021-09-09 18:00:00,101.0,111.0,164,170,159.0,167.0,2021-09-01,159.0,167.0,True
2021-09-09,2021-09-08 23:00:00,20,142.0,158.0,2021-09-09 19:00:00,101.0,111.0,150,163,161.0,173.0,2021-09-01,161.0,173.0,True
2021-09-09,2021-09-08 23:00:00,21,128.0,134.0,2021-09-09 20:00:00,101.0,111.0,103,111,132.0,143.0,2021-09-01,132.0,143.0,False
2021-09-09,2021-09-08 23:00:00,22,128.0,134.0,2021-09-09 21:00:00,101.0,111.0,122,127,131.0,138.0,2021-09-01,131.0,138.0,False
2021-09-09,2021-09-08 23:00:00,23,109.0,118.0,2021-09-09 22:00:00,101.0,111.0,106,116,114.0,129.0,2021-09-01,114.0,129.0,False
2021-09-09,2021-09-08 23:00:00,24,109.0,116.0,2021-09-09 23:00:00,101.0,111.0,101,111,119.0,129.0,2021-09-01,119.0,129.0,False
2021-09-10,2021-09-09 23:00:00,1,77.0,83.0,2021-09-10 00:00:00,109.0,116.0,72,79,69.0,71.0,2021-09-01,69.0,71.0,False
2021-09-10,2021-09-09 23:00:00,2,102.0,109.0,2021-09-10 01:00:00,109.0,116.0,97,99,109.0,119.0,2021-09-01,109.0,119.0,False
2021-09-10,2021-09-09 23:00:00,3,112.0,118.0,2021-09-10 02:00:00,109.0,116.0,110,114,112.0,117.0,2021-09-01,112.0,117.0,False
2021-09-10,2021-09-09 23:00:00,4,106.0,116.0,2021-09-10 03:00:00,109.0,116.0,109,116,110.0,114.0,2021-09-01,110.0,114.0,False
2021-09-10,2021-09-09 23:00:00,5,108.0,117.0,2021-09-10 04:00:00,109.0,116.0,107,114,107.0,113.0,2021-09-01,107.0,113.0,False
2021-09-10,2021-09-09 23:00:00,6,92.0,107.0,2021-09-10 05:00:00,109.0,116.0,92,109,93.0,111.0,2021-09-01,93.0,111.0,False
2021-09-10,2021-09-09 23:00:00,7,111.0,118.0,2021-09-10 06:00:00,109.0,116.0,119,121,107.0,114.0,2021-09-01,107.0,114.0,False
2021-09-10,2021-09-09 23:00:00,8,132.0,150.0,2021-09-10 07:00:00,109.0,116.0,139,152,134.0,147.0,2021-09-01,134.0,147.0,False
2021-09-10,2021-09-09 23:00:00,9,180.0,192.0,2021-09-10 08:00:00,109.0,116.0,172,187,170.0,179.0,2021-09-01,170.0,179.0,True
2021-09-10,2021-09-09 23:00:00,10,184.0,204.0,2021-09-10 09:00:00,109.0,116.0,170,176,171.0,178.0,2021-09-01,171.0,178.0,True
2021-09-10,2021-09-09 23:00:00,11,168.0,181.0,2021-09-10 10:00:00,109.0,116.0,155,169,163.0,169.0,2021-09-01,163.0,169.0,True
2021-09-10,2021-09-09 23:00:00,12,181.0,188.0,2021-09-10 11:00:00,109.0,116.0,174,190,187.0,190.0,2021-09-01,187.0,190.0,True
2021-09-10,2021-09-09 23:00:00,13,116.0,128.0,2021-09-10 12:00:00,109.0,116.0,111,129,108.0,122.0,2021-09-01,108.0,122.0,False
2021-09-10,2021-09-09 23:00:00,14,180.0,191.0,2021-09-10 13:00:00,109.0,116.0,171,176,169.0,176.0,2021-09-01,169.0,176.0,True
2021-09-10,2021-09-09 23:00:00,15,178.0,190.0,2021-09-10 14:00:00,109.0,116.0,165,168,178.0,181.0,2021-09-01,178.0,181.0,True
2021-09-10,2021-09-09 23:00:00,16,171.0,191.0,2021-09-10 15:00:00,109.0,116.0,173,185,154.0,162.0,2021-09-01,154.0,162.0,False
2021-09-10,2021-09-09 23:00:00,17,164.0,171.0,2021-09-10 16:00:00,109.0,116.0,160,168,161.0,165.0,2021-09-01,161.0,165.0,True
2021-09-10,2021-09-09 23:00:00,18,138.0,157.0,2021-09-10 17:00:00,109.0,116.0,140,168,147.0,170.0,2021-09-01,147.0,170.0,True
2021-09-10,2021-09-09 23:00:00,19,155.0,162.0,2021-09-10 18:00:00,109.0,116.0,162,172,154.0,158.0,2021-09-01,154.0,158.0,False
2021-09-10,2021-09-09 23:00:00,20,142.0,148.0,2021-09-10 19:00:00,109.0,116.0,142,158,143.0,156.0,2021-09-01,143.0,156.0,False
2021-09-10,2021-09-09 23:00:00,21,116.0,121.0,2021-09-10 20:00:00,109.0,116.0,128,134,115.0,118.0,2021-09-01,115.0,118.0,False
2021-09-10,2021-09-09 23:00:00,22,117.0,126.0,2021-09-10 21:00:00,109.0,116.0,128,134,110.0,113.0,2021-09-01,110.0,113.0,False
2021-09-10,2021-09-09 23:00:00,23,102.0,109.0,2021-09-10 22:00:00,109.0,116.0,109,118,105.0,119.0,2021-09-01,105.0,119.0,False
2021-09-10,2021-09-09 23:00:00,24,88.0,105.0,2021-09-10 23:00:00,109.0,116.0,109,116,101.0,112.0,2021-09-01,101.0,112.0,False
2021-09-11,2021-09-10 23:00:00,1,61.0,69.0,2021-09-11 00:00:00,88.0,105.0,77,83,64.0,69.0,2021-09-01,64.0,69.0,False
2021-09-11,2021-09-10 23:00:00,2,97.0,105.0,2021-09-11 01:00:00,88.0,105.0,102,109,106.0,114.0,2021-09-01,106.0,114.0,False
2021-09-11,2021-09-10 23:00:00,3,95.0,99.0,2021-09-11 02:00:00,88.0,105.0,112,118,104.0,107.0,2021-09-01,104.0,107.0,False
2021-09-11,2021-09-10 23:00:00,4,94.0,107.0,2021-09-11 03:00:00,88.0,105.0,106,116,98.0,103.0,2021-09-01,98.0,103.0,False
2021-09-11,2021-09-10 23:00:00,5,89.0,93.0,2021-09-11 04:00:00,88.0,105.0,108,117,109.0,112.0,2021-09-01,109.0,112.0,False
2021-09-11,2021-09-10 23:00:00,6,82.0,98.0,2021-09-11 05:00:00,88.0,105.0,92,107,88.0,105.0,2021-09-01,88.0,105.0,False
2021-09-11,2021-09-10 23:00:00,7,86.0,97.0,2021-09-11 06:00:00,88.0,105.0,111,118,111.0,116.0,2021-09-01,111.0,116.0,False
2021-09-11,2021-09-10 23:00:00,8,51.0,73.0,2021-09-11 07:00:00,88.0,105.0,132,150,70.0,97.0,2021-09-01,70.0,97.0,False
2021-09-11,2021-09-10 23:00:00,9,23.0,23.0,2021-09-11 08:00:00,88.0,105.0,180,192,33.0,37.0,2021-09-01,33.0,37.0,False
2021-09-11,2021-09-10 23:00:00,10,23.0,23.0,2021-09-11 09:00:00,88.0,105.0,184,204,32.0,32.0,2021-09-01,32.0,32.0,False
2021-09-11,2021-09-10 23:00:00,11,22.0,23.0,2021-09-11 10:00:00,88.0,105.0,168,181,34.0,36.0,2021-09-01,34.0,36.0,False
2021-09-11,2021-09-10 23:00:00,12,23.0,23.0,2021-09-11 11:00:00,88.0,105.0,181,188,32.0,32.0,2021-09-01,32.0,32.0,False
2021-09-11,2021-09-10 23:00:00,13,25.0,28.0,2021-09-11 12:00:00,88.0,105.0,116,128,33.0,34.0,2021-09-01,33.0,34.0,False
2021-09-11,2021-09-10 23:00:00,14,23.0,25.0,2021-09-11 13:00:00,88.0,105.0,180,191,34.0,37.0,2021-09-01,34.0,37.0,False
2021-09-11,2021-09-10 23:00:00,15,23.0,24.0,2021-09-11 14:00:00,88.0,105.0,178,190,34.0,35.0,2021-09-01,34.0,35.0,False
2021-09-11,2021-09-10 23:00:00,16,24.0,24.0,2021-09-11 15:00:00,88.0,105.0,171,191,33.0,33.0,2021-09-01,33.0,33.0,False
2021-09-11,2021-09-10 23:00:00,17,24.0,24.0,2021-09-11 16:00:00,88.0,105.0,164,171,36.0,43.0,2021-09-01,36.0,43.0,False
2021-09-11,2021-09-10 23:00:00,18,23.0,24.0,2021-09-11 17:00:00,88.0,105.0,138,157,35.0,40.0,2021-09-01,35.0,40.0,False
2021-09-11,2021-09-10 23:00:00,19,23.0,24.0,2021-09-11 18:00:00,88.0,105.0,155,162,26.0,29.0,2021-09-01,26.0,29.0,False
2021-09-11,2021-09-10 23:00:00,20,25.0,28.0,2021-09-11 19:00:00,88.0,105.0,142,148,23.0,25.0,2021-09-01,23.0,25.0,False
2021-09-11,2021-09-10 23:00:00,21,23.0,24.0,2021-09-11 20:00:00,88.0,105.0,116,121,25.0,27.0,2021-09-01,25.0,27.0,False
2021-09-11,2021-09-10 23:00:00,22,23.0,24.0,2021-09-11 21:00:00,88.0,105.0,117,126,23.0,23.0,2021-09-01,23.0,23.0,False
2021-09-11,2021-09-10 23:00:00,23,23.0,24.0,2021-09-11 22:00:00,88.0,105.0,102,109,23.0,23.0,2021-09-01,23.0,23.0,False
2021-09-11,2021-09-10 23:00:00,24,23.0,23.0,2021-09-11 23:00:00,88.0,105.0,88,105,23.0,23.0,2021-09-01,23.0,23.0,False
2021-09-12,2021-09-11 23:00:00,1,23.0,23.0,2021-09-12 00:00:00,23.0,23.0,61,69,24.0,26.0,2021-09-01,24.0,26.0,False
2021-09-12,2021-09-11 23:00:00,2,23.0,24.0,2021-09-12 01:00:00,23.0,23.0,97,105,22.0,22.0,2021-09-01,22.0,22.0,False
2021-09-12,2021-09-11 23:00:00,3,24.0,27.0,2021-09-12 02:00:00,23.0,23.0,95,99,22.0,22.0,2021-09-01,22.0,22.0,False
2021-09-12,2021-09-11 23:00:00,4,23.0,23.0,2021-09-12 03:00:00,23.0,23.0,94,107,22.0,22.0,2021-09-01,22.0,22.0,False
2021-09-12,2021-09-11 23:00:00,5,23.0,23.0,2021-09-12 04:00:00,23.0,23.0,89,93,24.0,27.0,2021-09-01,24.0,27.0,False
2021-09-12,2021-09-11 23:00:00,6,23.0,23.0,2021-09-12 05:00:00,23.0,23.0,82,98,22.0,22.0,2021-09-01,22.0,22.0,False
2021-09-12,2021-09-11 23:00:00,7,23.0,23.0,2021-09-12 06:00:00,23.0,23.0,86,97,22.0,22.0,2021-09-01,22.0,22.0,False
2021-09-12,2021-09-11 23:00:00,8,23.0,23.0,2021-09-12 07:00:00,23.0,23.0,51,73,22.0,22.0,2021-09-01,22.0,22.0,False
2021-09-12,2021-09-11 23:00:00,9,25.0,28.0,2021-09-12 08:00:00,23.0,23.0,23,23,25.0,27.0,2021-09-01,25.0,27.0,False
2021-09-12,2021-09-11 23:00:00,10,23.0,24.0,2021-09-12 09:00:00,23.0,23.0,23,23,22.0,23.0,2021-09-01,22.0,23.0,False
2021-09-12,2021-09-11 23:00:00,11,23.0,24.0,2021-09-12 10:00:00,23.0,23.0,22,23,22.0,22.0,2021-09-01,22.0,22.0,False
2021-09-12,2021-09-11 23:00:00,12,23.0,23.0,2021-09-12 11:00:00,23.0,23.0,23,23,22.0,22.0,2021-09-01,22.0,22.0,False
2021-09-12,2021-09-11 23:00:00,13,23.0,23.0,2021-09-12 12:00:00,23.0,23.0,25,28,24.0,26.0,2021-09-01,24.0,26.0,False
2021-09-12,2021-09-11 23:00:00,14,23.0,23.0,2021-09-12 13:00:00,23.0,23.0,23,25,22.0,23.0,2021-09-01,22.0,23.0,False
2021-09-12,2021-09-11 23:00:00,15,25.0,28.0,2021-09-12 14:00:00,23.0,23.0,23,24,23.0,23.0,2021-09-01,23.0,23.0,False
2021-09-12,2021-09-11 23:00:00,16,23.0,24.0,2021-09-12 15:00:00,23.0,23.0,24,24,24.0,28.0,2021-09-01,24.0,28.0,False
2021-09-12,2021-09-11 23:00:00,17,24.0,24.0,2021-09-12 16:00:00,23.0,23.0,24,24,23.0,25.0,2021-09-01,23.0,25.0,False
2021-09-12,2021-09-11 23:00:00,18,23.0,23.0,2021-09-12 17:00:00,23.0,23.0,23,24,23.0,23.0,2021-09-01,23.0,23.0,False
2021-09-12,2021-09-11 23:00:00,19,23.0,24.0,2021-09-12 18:00:00,23.0,23.0,23,24,22.0,22.0,2021-09-01,22.0,22.0,False
2021-09-12,2021-09-11 23:00:00,20,23.0,24.0,2021-09-12 19:00:00,23.0,23.0,25,28,24.0,27.0,2021-09-01,24.0,27.0,False
2021-09-12,2021-09-11 23:00:00,21,23.0,24.0,2021-09-12 20:00:00,23.0,23.0,23,24,23.0,23.0,2021-09-01,23.0,23.0,False
2021-09-12,2021-09-11 23:00:00,22,25.0,28.0,2021-09-12 21:00:00,23.0,23.0,23,24,23.0,23.0,2021-09-01,23.0,23.0,False
2021-09-12,2021-09-11 23:00:00,23,23.0,24.0,2021-09-12 22:00:00,23.0,23.0,23,24,24.0,27.0,2021-09-01,24.0,27.0,False
2021-09-12,2021-09-11 23:00:00,24,23.0,24.0,2021-09-12 23:00:00,23.0,23.0,23,23,23.0,24.0,2021-09-01,23.0,24.0,False
2021-09-13,2021-09-12 23:00:00,1,23.0,23.0,2021-09-13 00:00:00,23.0,24.0,23,23,22.0,22.0,2021-09-01,22.0,22.0,False
2021-09-13,2021-09-12 23:00:00,2,23.0,23.0,2021-09-13 01:00:00,23.0,24.0,23,24,22.0,22.0,2021-09-01,22.0,22.0,False
2021-09-13,2021-09-12 23:00:00,3,23.0,23.0,2021-09-13 02:00:00,23.0,24.0,24,27,24.0,27.0,2021-09-01,24.0,27.0,False
2021-09-13,2021-09-12 23:00:00,4,24.0,25.0,2021-09-13 03:00:00,23.0,24.0,23,23,22.0,22.0,2021-09-01,22.0,22.0,False
2021-09-13,2021-09-12 23:00:00,5,24.0,28.0,2021-09-13 04:00:00,23.0,24.0,23,23,22.0,22.0,2021-09-01,22.0,22.0,False
2021-09-13,2021-09-12 23:00:00,6,23.0,23.0,2021-09-13 05:00:00,23.0,24.0,23,23,23.0,24.0,2021-09-01,23.0,24.0,False
2021-09-13,2021-09-12 23:00:00,7,23.0,24.0,2021-09-13 06:00:00,23.0,24.0,23,23,24.0,26.0,2021-09-01,24.0,26.0,False
2021-09-13,2021-09-12 23:00:00,8,63.0,111.0,2021-09-13 07:00:00,23.0,24.0,23,23,52.0,81.0,2021-09-01,52.0,81.0,False
2021-09-13,2021-09-12 23:00:00,9,185.0,196.0,2021-09-13 08:00:00,23.0,24.0,25,28,171.0,180.0,2021-09-01,171.0,180.0,True
2021-09-13,2021-09-12 23:00:00,10,183.0,188.0,2021-09-13 09:00:00,23.0,24.0,23,24,157.0,165.0,2021-09-01,157.0,165.0,True
2021-09-13,2021-09-12 23:00:00,11,177.0,189.0,2021-09-13 10:00:00,23.0,24.0,23,24,171.0,190.0,2021-09-01,171.0,190.0,True
2021-09-13,2021-09-12 23:00:00,12,182.0,191.0,2021-09-13 11:00:00,23.0,24.0,23,23,176.0,180.0,2021-09-01,176.0,180.0,True
2021-09-13,2021-09-12 23:00:00,13,117.0,130.0,2021-09-13 12:00:00,23.0,24.0,23,23,109.0,124.0,2021-09-01,109.0,124.0,False
2021-09-13,2021-09-12 23:00:00,14,184.0,191.0,2021-09-13 13:00:00,23.0,24.0,23,23,160.0,164.0,2021-09-01,160.0,164.0,True
2021-09-13,2021-09-12 23:00:00,15,180.0,182.0,2021-09-13 14:00:00,23.0,24.0,25,28,160.0,163.0,2021-09-01,160.0,163.0,False
2021-09-13,2021-09-12 23:00:00,16,168.0,177.0,2021-09-13 15:00:00,23.0,24.0,23,24,158.0,171.0,2021-09-01,158.0,171.0,True
2021-09-13,2021-09-12 23:00:00,17,175.0,182.0,2021-09-13 16:00:00,23.0,24.0,24,24,146.0,152.0,2021-09-01,146.0,152.0,False
2021-09-13,2021-09-12 23:00:00,18,132.0,160.0,2021-09-13 17:00:00,23.0,24.0,23,23,128.0,148.0,2021-09-01,128.0,148.0,False
2021-09-13,2021-09-12 23:00:00,19,145.0,162.0,2021-09-13 18:00:00,23.0,24.0,23,24,152.0,154.0,2021-09-01,152.0,154.0,False
2021-09-13,2021-09-12 23:00:00,20,148.0,162.0,2021-09-13 19:00:00,23.0,24.0,23,24,135.0,145.0,2021-09-01,135.0,145.0,False
2021-09-13,2021-09-12 23:00:00,21,121.0,126.0,2021-09-13 20:00:00,23.0,24.0,23,24,121.0,128.0,2021-09-01,121.0,128.0,False
2021-09-13,2021-09-12 23:00:00,22,123.0,131.0,2021-09-13 21:00:00,23.0,24.0,25,28,123.0,133.0,2021-09-01,123.0,133.0,False
2021-09-13,2021-09-12 23:00:00,23,110.0,122.0,2021-09-13 22:00:00,23.0,24.0,23,24,110.0,114.0,2021-09-01,110.0,114.0,False
2021-09-13,2021-09-12 23:00:00,24,108.0,123.0,2021-09-13 23:00:00,23.0,24.0,23,24,104.0,118.0,2021-09-01,104.0,118.0,False
2021-09-14,2021-09-13 23:00:00,1,70.0,72.0,2021-09-14 00:00:00,108.0,123.0,23,23,72.0,74.0,2021-09-01,72.0,74.0,False
2021-09-14,2021-09-13 23:00:00,2,110.0,116.0,2021-09-14 01:00:00,108.0,123.0,23,23,109.0,121.0,2021-09-01,109.0,121.0,False
2021-09-14,2021-09-13 23:00:00,3,112.0,115.0,2021-09-14 02:00:00,108.0,123.0,23,23,111.0,118.0,2021-09-01,111.0,118.0,False
2021-09-14,2021-09-13 23:00:00,4,105.0,114.0,2021-09-14 03:00:00,108.0,123.0,24,25,109.0,123.0,2021-09-01,109.0,123.0,False
2021-09-14,2021-09-13 23:00:00,5,111.0,115.0,2021-09-14 04:00:00,108.0,123.0,24,28,109.0,120.0,2021-09-01,109.0,120.0,False
2021-09-14,2021-09-13 23:00:00,6,93.0,115.0,2021-09-14 05:00:00,108.0,123.0,23,23,96.0,116.0,2021-09-01,96.0,116.0,False
2021-09-14,2021-09-13 23:00:00,7,108.0,112.0,2021-09-14 06:00:00,108.0,123.0,23,24,115.0,124.0,2021-09-01,115.0,124.0,False
2021-09-14,2021-09-13 23:00:00,8,140.0,156.0,2021-09-14 07:00:00,108.0,123.0,63,111,140.0,160.0,2021-09-01,140.0,160.0,False
2021-09-14,2021-09-13 23:00:00,9,174.0,184.0,2021-09-14 08:00:00,108.0,123.0,185,196,173.0,192.0,2021-09-01,173.0,192.0,True
2021-09-14,2021-09-13 23:00:00,10,166.0,178.0,2021-09-14 09:00:00,108.0,123.0,183,188,170.0,174.0,2021-09-01,170.0,174.0,True
2021-09-14,2021-09-13 23:00:00,11,152.0,161.0,2021-09-14 10:00:00,108.0,123.0,177,189,164.0,178.0,2021-09-01,164.0,178.0,True
2021-09-14,2021-09-13 23:00:00,12,170.0,180.0,2021-09-14 11:00:00,108.0,123.0,182,191,174.0,183.0,2021-09-01,174.0,183.0,True
2021-09-14,2021-09-13 23:00:00,13,118.0,135.0,2021-09-14 12:00:00,108.0,123.0,117,130,116.0,140.0,2021-09-01,116.0,140.0,False
2021-09-14,2021-09-13 23:00:00,14,163.0,173.0,2021-09-14 13:00:00,108.0,123.0,184,191,181.0,189.0,2021-09-01,181.0,189.0,True
2021-09-14,2021-09-13 23:00:00,15,158.0,162.0,2021-09-14 14:00:00,108.0,123.0,180,182,182.0,191.0,2021-09-01,182.0,191.0,True
2021-09-14,2021-09-13 23:00:00,16,161.0,175.0,2021-09-14 15:00:00,108.0,123.0,168,177,166.0,174.0,2021-09-01,166.0,174.0,True
2021-09-14,2021-09-13 23:00:00,17,160.0,165.0,2021-09-14 16:00:00,108.0,123.0,175,182,160.0,167.0,2021-09-01,160.0,167.0,True
2021-09-14,2021-09-13 23:00:00,18,123.0,146.0,2021-09-14 17:00:00,108.0,123.0,132,160,135.0,161.0,2021-09-01,135.0,161.0,False
2021-09-14,2021-09-13 23:00:00,19,158.0,164.0,2021-09-14 18:00:00,108.0,123.0,145,162,156.0,165.0,2021-09-01,156.0,165.0,True
2021-09-14,2021-09-13 23:00:00,20,153.0,171.0,2021-09-14 19:00:00,108.0,123.0,148,162,152.0,158.0,2021-09-01,152.0,158.0,False
2021-09-14,2021-09-13 23:00:00,21,128.0,130.0,2021-09-14 20:00:00,108.0,123.0,121,126,134.0,141.0,2021-09-01,134.0,141.0,False
2021-09-14,2021-09-13 23:00:00,22,128.0,134.0,2021-09-14 21:00:00,108.0,123.0,123,131,131.0,134.0,2021-09-01,131.0,134.0,False
2021-09-14,2021-09-13 23:00:00,23,111.0,120.0,2021-09-14 22:00:00,108.0,123.0,110,122,115.0,122.0,2021-09-01,115.0,122.0,False
2021-09-14,2021-09-13 23:00:00,24,110.0,119.0,2021-09-14 23:00:00,108.0,123.0,108,123,111.0,126.0,2021-09-01,111.0,126.0,False
