timestamp,baseline,ungated,protect_025,protect_050,soft_gate,state_mixture,active_score,actual,observed_state,fit_before,prediction
2021-08-01 00:00:00,21.0,22.727777777777778,21.0,21.0,21.024515504173337,23.04490033226169,0.014189037785211411,21.0,idle,2021-08-01,21.0
2021-08-01 01:00:00,21.0,22.311111111111117,21.0,21.0,21.01864269347785,22.805580209247406,0.014219003500057153,23.0,idle,2021-08-01,21.0
2021-08-01 02:00:00,23.0,21.035416666666666,23.0,23.0,22.968897259361558,21.384380129370584,0.015831723760818935,21.0,idle,2021-08-01,23.0
2021-08-01 03:00:00,21.0,21.03194444444444,21.0,21.0,21.000186153671212,21.119923380877797,0.0058274192727279794,21.0,idle,2021-08-01,21.0
2021-08-01 04:00:00,21.0,22.670833333333334,21.0,21.0,21.022128383366397,22.943972310612526,0.013243920219291123,22.0,idle,2021-08-01,21.0
2021-08-01 05:00:00,22.0,21.840972222222216,22.0,22.0,21.99828032555854,22.20643282481517,0.010813673343675986,22.0,idle,2021-08-01,22.0
2021-08-01 06:00:00,22.0,21.15763888888889,22.0,22.0,21.995768949996048,21.491363315476804,0.005022845841460421,20.0,idle,2021-08-01,22.0
2021-08-01 07:00:00,20.0,20.743055555555554,20.0,20.0,20.009220469110353,21.020426070689023,0.012408855625151398,20.0,idle,2021-08-01,20.0
2021-08-01 08:00:00,20.0,22.583333333333332,20.0,20.0,20.031120700737965,22.90800007685207,0.012046722866309045,23.0,idle,2021-08-01,20.0
2021-08-01 09:00:00,23.0,21.570138888888888,23.0,23.0,22.993003897055708,21.75805750193333,0.004892854900329654,22.0,idle,2021-08-01,23.0
2021-08-01 10:00:00,22.0,20.680555555555554,22.0,22.0,21.994396046230918,20.664468830293675,0.004247207067094376,21.0,idle,2021-08-01,22.0
2021-08-01 11:00:00,21.0,21.473611111111115,21.0,21.0,21.004409148879706,21.62753972904447,0.009309639863312087,21.0,idle,2021-08-01,21.0
2021-08-01 12:00:00,21.0,22.52013888888889,21.0,21.0,21.012699813433624,22.616571749482013,0.008354377041762598,23.0,idle,2021-08-01,21.0
2021-08-01 13:00:00,23.0,21.491666666666667,23.0,23.0,22.99293945756205,21.609587192505007,0.004681022610796467,21.0,idle,2021-08-01,23.0
2021-08-01 14:00:00,21.0,20.91527777777777,21.0,21.0,20.999640167179038,20.97985543594151,0.004247207067094376,21.0,idle,2021-08-01,21.0
2021-08-01 15:00:00,21.0,22.68125,21.0,21.0,21.01452707479028,22.75080026686078,0.00864063928046386,22.0,idle,2021-08-01,21.0
2021-08-01 16:00:00,22.0,22.665625,22.0,22.0,22.007733418300816,22.994694937886877,0.011618281015314915,23.0,idle,2021-08-01,22.0
2021-08-01 17:00:00,23.0,20.802777777777784,23.0,23.0,22.98572890743806,20.873190833245236,0.006495061090136927,21.0,idle,2021-08-01,23.0
2021-08-01 18:00:00,21.0,21.248611111111117,21.0,21.0,21.003066098383126,21.451792815747392,0.012332909697477731,20.0,idle,2021-08-01,21.0
2021-08-01 19:00:00,20.0,22.119444444444454,20.0,20.0,20.0244789596243,22.24095868519359,0.011549705720508804,21.0,idle,2021-08-01,20.0
2021-08-01 20:00:00,21.0,23.08784722222223,21.0,21.0,21.011707282352628,22.801236061140738,0.005607346278989883,23.0,idle,2021-08-01,21.0
2021-08-01 21:00:00,23.0,20.80625,23.0,23.0,22.971177769354888,21.094524944633957,0.013138338755607371,22.0,idle,2021-08-01,23.0
2021-08-01 22:00:00,22.0,21.375,22.0,22.0,21.991721639325817,21.69570904921615,0.013245377078691863,22.0,idle,2021-08-01,22.0
2021-08-01 23:00:00,22.0,23.459375,22.0,22.0,22.036799901396755,23.66478321180413,0.025216206524541075,22.0,idle,2021-08-01,22.0
2021-08-02 00:00:00,22.0,28.87756944444445,22.0,22.0,22.42310872880244,28.350111476028143,0.06152009546689763,21.0,idle,2021-08-01,22.0
2021-08-02 01:00:00,21.0,25.01909722222222,21.0,21.0,21.58888991690998,24.490462654379773,0.14652293396982716,21.0,idle,2021-08-01,21.0
2021-08-02 02:00:00,21.0,25.242361111111116,21.0,21.0,21.513254935222765,25.242902026116777,0.12098332079240177,21.0,idle,2021-08-01,21.0
2021-08-02 03:00:00,21.0,25.005902777777784,21.0,21.0,21.242125150464616,24.93882356080265,0.060442093554485196,23.0,idle,2021-08-01,21.0
2021-08-02 04:00:00,23.0,23.419791666666665,23.0,23.0,23.025697504528065,24.113130146928928,0.061214899123925394,21.0,idle,2021-08-01,23.0
2021-08-02 05:00:00,21.0,23.841319444444444,21.0,21.0,21.291886174443132,24.074193674683027,0.10272909475696299,21.0,idle,2021-08-01,21.0
2021-08-02 06:00:00,21.0,24.443749999999998,21.0,21.0,21.35377332006929,24.90049873923204,0.10272909475696299,22.0,idle,2021-08-01,21.0
2021-08-02 07:00:00,22.0,62.85861111111111,22.0,22.0,26.87685160074528,67.55333754284139,0.11935921139079216,21.0,idle,2021-08-01,22.0
2021-08-02 08:00:00,21.0,74.6986111111111,21.0,21.0,33.05527543874973,84.02111934163113,0.22449883133486295,20.0,idle,2021-08-01,21.0
2021-08-02 09:00:00,20.0,65.97500000000001,20.0,20.0,30.121797049764144,78.79911031502697,0.2201587177762728,21.0,idle,2021-08-01,20.0
2021-08-02 10:00:00,21.0,70.08055555555553,21.0,21.0,27.101293206683856,79.12901260628863,0.12431182038633706,22.0,idle,2021-08-01,21.0
2021-08-02 11:00:00,22.0,52.69805555555557,22.0,22.0,24.33551006200199,54.18942408307233,0.07608006499875275,21.0,idle,2021-08-01,22.0
2021-08-02 12:00:00,21.0,42.68958333333332,21.0,21.0,23.231983086363613,49.15934121842358,0.1029057613538119,21.0,idle,2021-08-01,21.0
2021-08-02 13:00:00,21.0,61.62430555555554,21.0,21.0,26.128690194178937,65.22848398658367,0.12624683976850326,22.0,idle,2021-08-01,21.0
2021-08-02 14:00:00,22.0,57.16805555555555,22.0,22.0,24.67558795254641,67.98269229627918,0.07608006499875275,23.0,idle,2021-08-01,22.0
2021-08-02 15:00:00,23.0,50.81180555555554,23.0,23.0,25.247231685646497,57.515725577799024,0.08080135901847639,21.0,idle,2021-08-01,23.0
2021-08-02 16:00:00,21.0,35.80416666666667,21.0,21.0,22.89379068410905,44.53799910611097,0.12792281570114594,21.0,idle,2021-08-01,21.0
2021-08-02 17:00:00,21.0,41.15624999999999,21.0,21.0,22.816646380709166,49.76185252545402,0.09012819253130758,22.0,idle,2021-08-01,21.0
2021-08-02 18:00:00,22.0,50.12374999999999,22.0,22.0,25.586906570406224,53.03614723246283,0.1275401242866341,22.0,idle,2021-08-01,22.0
2021-08-02 19:00:00,22.0,30.49930555555556,22.0,22.0,22.6468703534325,34.29247049510506,0.07610861254537132,21.0,idle,2021-08-01,22.0
2021-08-02 20:00:00,21.0,25.588194444444447,21.0,21.0,21.21583813160438,28.72197961564408,0.047042062889405205,22.0,idle,2021-08-01,21.0
2021-08-02 21:00:00,22.0,26.12638888888889,22.0,22.0,22.1664557893897,31.385471840305673,0.040339336371788964,22.0,idle,2021-08-01,22.0
2021-08-02 22:00:00,22.0,26.035555555555554,22.0,22.0,22.18315414080684,30.43944224353888,0.0453851119840727,22.0,idle,2021-08-01,22.0
2021-08-02 23:00:00,22.0,25.108333333333334,22.0,22.0,22.267504166012397,26.931541150266092,0.08606032150532894,21.0,idle,2021-08-01,22.0
2021-08-03 00:00:00,21.0,23.911805555555553,21.0,21.0,21.487286983284346,25.116439397568197,0.16734873740268527,21.0,idle,2021-08-01,21.0
2021-08-03 01:00:00,21.0,25.590277777777782,21.0,21.0,21.833026522440598,27.77022984076672,0.18147627720339754,23.0,idle,2021-08-01,21.0
2021-08-03 02:00:00,23.0,27.824305555555558,23.0,23.0,23.366808907043293,33.88467333113682,0.07603351463111324,21.0,idle,2021-08-01,23.0
2021-08-03 03:00:00,21.0,23.44027777777778,21.0,21.0,21.362483889597584,27.39210761336615,0.14854206062052425,21.0,idle,2021-08-01,21.0
2021-08-03 04:00:00,21.0,24.12569444444445,21.0,21.0,21.416295868305948,25.909070649420485,0.1331850811731978,21.0,idle,2021-08-01,21.0
2021-08-03 05:00:00,21.0,24.750000000000004,21.0,21.0,21.210060240319443,26.653698539565326,0.056016064085184954,22.0,idle,2021-08-01,21.0
2021-08-03 06:00:00,22.0,25.321527777777778,22.0,22.0,22.467096343746725,32.33511971867874,0.14062695692980998,21.0,idle,2021-08-01,22.0
2021-08-03 07:00:00,21.0,58.994444444444454,21.0,21.0,28.887607262986563,60.62167964506205,0.20759896290942834,20.0,idle,2021-08-01,21.0
2021-08-03 08:00:00,20.0,68.96319444444444,68.96319444444444,20.0,34.22182641134445,74.91927909874285,0.29045952929972924,22.0,idle,2021-08-01,20.0
2021-08-03 09:00:00,22.0,70.24791666666665,22.0,22.0,30.501470690581172,80.99358793024435,0.17620389185538943,21.0,idle,2021-08-01,22.0
2021-08-03 10:00:00,21.0,72.49861111111109,21.0,21.0,27.75820608735826,77.13808856602458,0.13123084179449157,21.0,idle,2021-08-01,21.0
2021-08-03 11:00:00,21.0,47.62569444444444,21.0,21.0,24.406033803331695,50.774693830030785,0.12792281570114594,22.0,idle,2021-08-01,21.0
2021-08-03 12:00:00,22.0,46.72569444444443,22.0,22.0,23.167038724567615,54.8781548251272,0.047199431635370555,23.0,idle,2021-08-01,22.0
2021-08-03 13:00:00,23.0,76.82013888888885,23.0,23.0,27.69655232969826,78.35129891000344,0.08726384633444086,21.0,idle,2021-08-01,23.0
2021-08-03 14:00:00,21.0,72.45208333333332,21.0,21.0,27.581895373690003,76.29100584412537,0.12792281570114594,21.0,idle,2021-08-01,21.0
2021-08-03 15:00:00,21.0,70.63472222222221,21.0,21.0,26.98891655757562,69.73971777611514,0.12065981815637707,23.0,idle,2021-08-01,21.0
2021-08-03 16:00:00,23.0,68.00569444444444,23.0,23.0,26.74616862419035,72.64293354145855,0.08323765848818675,22.0,idle,2021-08-01,23.0
2021-08-03 17:00:00,22.0,43.14652777777776,22.0,22.0,23.60943288931882,52.73572264313665,0.07610861254537132,21.0,idle,2021-08-01,22.0
2021-08-03 18:00:00,21.0,47.45208333333332,21.0,21.0,24.383824981161354,52.901129614707465,0.12792281570114594,22.0,idle,2021-08-01,21.0
2021-08-03 19:00:00,22.0,38.15416666666667,22.0,22.0,23.232915967456577,45.6923844331325,0.07632185509145685,23.0,idle,2021-08-01,22.0
2021-08-03 20:00:00,23.0,35.73819444444445,23.0,23.0,23.98545046510335,42.52103246176617,0.07736186391259997,21.0,idle,2021-08-01,23.0
2021-08-03 21:00:00,21.0,29.184027777777786,21.0,21.0,21.562801676781685,35.81684372664577,0.06876829992071495,22.0,idle,2021-08-01,21.0
2021-08-03 22:00:00,22.0,28.379166666666677,22.0,22.0,22.567792045179218,35.086575819664695,0.08900724418224178,21.0,idle,2021-08-01,22.0
2021-08-03 23:00:00,21.0,23.979166666666675,21.0,21.0,21.246308273126782,25.284069614926967,0.08267690286773134,23.0,idle,2021-08-01,21.0
2021-08-04 00:00:00,23.0,26.85555555555555,23.0,23.0,23.335315126744337,31.206470889808788,0.08696934123051984,21.0,idle,2021-08-01,23.0
2021-08-04 01:00:00,21.0,25.122916666666672,21.0,21.0,21.82276634225558,29.222343639860348,0.19955929473606795,21.0,idle,2021-08-01,21.0
2021-08-04 02:00:00,21.0,26.273263888888895,21.0,21.0,21.820014991668053,31.29811792886891,0.155504258642523,20.0,idle,2021-08-01,21.0
2021-08-04 03:00:00,20.0,25.3982638888889,20.0,20.0,20.885320182481088,28.80344040857443,0.16400090857049784,22.0,idle,2021-08-01,20.0
2021-08-04 04:00:00,22.0,25.269444444444446,22.0,22.0,22.24570127094634,29.78914827371107,0.07515077106260197,21.0,idle,2021-08-01,22.0
2021-08-04 05:00:00,21.0,24.244444444444454,21.0,21.0,21.478051162055426,29.302213529686124,0.14734453624995966,21.0,idle,2021-08-01,21.0
2021-08-04 06:00:00,21.0,30.938194444444456,21.0,21.0,22.336663919689798,35.852605067587106,0.13449766224256185,23.0,idle,2021-08-01,21.0
2021-08-04 07:00:00,23.0,62.931250000000006,23.0,23.0,32.313221776540246,67.55294952719706,0.23323141090099228,20.0,idle,2021-08-01,23.0
2021-08-04 08:00:00,20.0,69.71666666666667,69.71666666666667,20.0,35.089609128033544,74.53079146063257,0.3035120843721128,21.0,idle,2021-08-01,20.0
2021-08-04 09:00:00,21.0,68.94375,21.0,21.0,31.890925957290683,77.99266629674499,0.22716049448135958,21.0,idle,2021-08-01,21.0
2021-08-04 10:00:00,21.0,72.53402777777775,21.0,21.0,24.94376706510983,78.3127751825143,0.07652743701920474,22.0,idle,2021-08-01,21.0
2021-08-04 11:00:00,22.0,49.385416666666664,22.0,22.0,24.16003626653871,55.215650803350144,0.07887542091582973,21.0,idle,2021-08-01,22.0
2021-08-04 12:00:00,21.0,49.63333333333332,21.0,21.0,24.07398441452749,53.954281174478055,0.10735684800445255,21.0,idle,2021-08-01,21.0
2021-08-04 13:00:00,21.0,73.01874999999997,21.0,21.0,27.41709991779949,76.26765158791778,0.1233612864169073,22.0,idle,2021-08-01,21.0
2021-08-04 14:00:00,22.0,67.3938888888889,22.0,22.0,25.473877973001223,71.31030874325795,0.07652743701920474,22.0,idle,2021-08-01,22.0
2021-08-04 15:00:00,22.0,50.90694444444441,22.0,22.0,24.213004043189773,57.98674952739917,0.07655613852383793,22.0,idle,2021-08-01,22.0
2021-08-04 16:00:00,22.0,45.88416666666665,22.0,22.0,24.98245789667457,51.847934201538095,0.12487175869681762,21.0,idle,2021-08-01,22.0
2021-08-04 17:00:00,21.0,43.687499999999986,21.0,21.0,22.63985150232225,51.27010098740327,0.07227995602522322,23.0,idle,2021-08-01,21.0
2021-08-04 18:00:00,23.0,61.62361111111111,23.0,23.0,26.23369638055054,61.14651490339074,0.08372330518883773,21.0,idle,2021-08-01,23.0
2021-08-04 19:00:00,21.0,28.33020833333334,21.0,21.0,21.942903719076217,31.4612748390364,0.12863259490026538,21.0,idle,2021-08-01,21.0
2021-08-04 20:00:00,21.0,25.65833333333334,21.0,21.0,21.222845969647835,30.345649561157146,0.04783813301921313,21.0,idle,2021-08-01,21.0
2021-08-04 21:00:00,21.0,25.38263888888889,21.0,21.0,21.45603661255917,28.545404892615146,0.10405525623280093,23.0,idle,2021-08-01,21.0
2021-08-04 22:00:00,23.0,28.11111111111111,23.0,23.0,23.28029389347891,31.42523825139644,0.05484010959369957,21.0,idle,2021-08-01,23.0
2021-08-04 23:00:00,21.0,23.307638888888892,21.0,21.0,21.237495211656558,23.518899649823695,0.10291697405520361,21.0,idle,2021-08-01,21.0
2021-08-05 00:00:00,21.0,25.80312499999999,25.80312499999999,21.0,22.62447785791358,26.637840063603047,0.3382126965077076,21.0,idle,2021-08-01,21.0
2021-08-05 01:00:00,21.0,25.01875,25.01875,21.0,22.406273682812476,27.18255395628974,0.3499281325816424,22.0,idle,2021-08-01,21.0
2021-08-05 02:00:00,22.0,24.056944444444454,22.0,22.0,22.215552781953743,30.322648959845957,0.10479270966015736,21.0,idle,2021-08-01,22.0
2021-08-05 03:00:00,21.0,24.24861111111112,24.24861111111112,21.0,21.988177379200135,27.46698018019321,0.3041845716221018,21.0,idle,2021-08-01,21.0
2021-08-05 04:00:00,21.0,23.784722222222232,23.784722222222232,21.0,21.810384703755354,26.175933223794967,0.2910109659370833,22.0,idle,2021-08-01,21.0
2021-08-05 05:00:00,22.0,26.28833333333333,22.0,22.0,22.409960689004947,29.655262958109255,0.09559907244577073,21.0,idle,2021-08-01,22.0
2021-08-05 06:00:00,21.0,25.703472222222228,25.703472222222228,21.0,22.235287229812087,31.797337793650414,0.26263304457838516,21.0,idle,2021-08-01,21.0
2021-08-05 07:00:00,21.0,58.15208333333333,58.15208333333333,21.0,36.197235637659034,60.14777475217752,0.4090547359432702,20.0,idle,2021-08-01,21.0
2021-08-05 08:00:00,20.0,69.91944444444444,69.91944444444444,20.0,41.864439388954295,69.77439535176947,0.437994445496831,22.0,idle,2021-08-01,20.0
2021-08-05 09:00:00,22.0,67.57222222222221,22.0,22.0,32.21305614163056,78.42455367365342,0.22410704687230293,21.0,idle,2021-08-01,22.0
2021-08-05 10:00:00,21.0,71.72777777777775,21.0,21.0,32.8667401408526,71.16246887469772,0.23392982426387793,21.0,idle,2021-08-01,21.0
2021-08-05 11:00:00,21.0,47.84270833333333,21.0,21.0,26.985545004373858,49.54943765203651,0.22298588242457623,22.0,idle,2021-08-01,21.0
2021-08-05 12:00:00,22.0,57.96319444444443,22.0,22.0,24.456567122531432,64.41950613480194,0.06830781193050892,22.0,idle,2021-08-01,22.0
2021-08-05 13:00:00,22.0,75.2659722222222,22.0,22.0,27.421529708179058,77.64264732992011,0.10178223511176678,22.0,idle,2021-08-01,22.0
2021-08-05 14:00:00,22.0,67.06333333333333,22.0,22.0,26.391836864334373,72.27380252679231,0.09745920994898374,21.0,idle,2021-08-01,22.0
2021-08-05 15:00:00,21.0,49.057638888888874,21.0,21.0,27.256457366388993,49.51899928101667,0.22298588242457623,23.0,idle,2021-08-01,21.0
2021-08-05 16:00:00,23.0,38.31597222222222,23.0,23.0,24.53713249551045,44.13113533546351,0.10036140528383798,22.0,idle,2021-08-01,23.0
2021-08-05 17:00:00,22.0,41.8222222222222,22.0,22.0,26.065968204550735,45.23402224517052,0.20512171435513823,22.0,idle,2021-08-01,22.0
2021-08-05 18:00:00,22.0,51.0722222222222,22.0,22.0,28.398439782960402,54.17817838495208,0.22008774334662215,21.0,idle,2021-08-01,22.0
2021-08-05 19:00:00,21.0,34.7125,21.0,21.0,24.127947160326364,37.20350628817274,0.22810918215689088,22.0,idle,2021-08-01,21.0
2021-08-05 20:00:00,22.0,27.09236111111112,22.0,22.0,22.343188150896793,33.70932368712394,0.06739273657321457,21.0,idle,2021-08-01,22.0
2021-08-05 21:00:00,21.0,27.0720138888889,21.0,21.0,22.15273619481346,31.411570554243365,0.1898441301201301,21.0,idle,2021-08-01,21.0
2021-08-05 22:00:00,21.0,27.410069444444456,21.0,21.0,22.18872740046448,31.271346043173672,0.18544688333988962,22.0,idle,2021-08-01,21.0
2021-08-05 23:00:00,22.0,25.470625000000002,22.0,22.0,22.609062011391046,26.50910377348021,0.1754905849496989,23.0,idle,2021-08-01,22.0
2021-08-06 00:00:00,23.0,26.40486111111111,23.0,23.0,23.429932159828233,32.31224355884183,0.12627010200951613,21.0,idle,2021-08-01,23.0
2021-08-06 01:00:00,21.0,25.21770833333334,25.21770833333334,21.0,22.55689073847521,27.77000917270625,0.3691319113203747,21.0,idle,2021-08-01,21.0
2021-08-06 02:00:00,21.0,26.408333333333342,26.408333333333342,21.0,22.61174987575987,29.781701877512013,0.2980123036844132,20.0,idle,2021-08-01,21.0
2021-08-06 03:00:00,20.0,25.294097222222224,20.0,20.0,20.55478279312098,30.30402629351824,0.10479270966015736,22.0,idle,2021-08-01,20.0
2021-08-06 04:00:00,22.0,25.500000000000007,25.500000000000007,22.0,23.064646000677357,27.638145452740897,0.3041845716221018,22.0,idle,2021-08-01,22.0
2021-08-06 05:00:00,22.0,24.40625000000001,24.40625000000001,22.0,22.623327444666522,29.39095706304823,0.25904517180946224,21.0,idle,2021-08-01,22.0
2021-08-06 06:00:00,21.0,30.745833333333348,30.745833333333348,21.0,23.436744153210025,33.004539976166285,0.2500293273922211,22.0,idle,2021-08-01,21.0
2021-08-06 07:00:00,22.0,66.5770833333333,66.5770833333333,22.0,34.47598251436729,67.16645461374182,0.2798743565404638,20.0,idle,2021-08-01,22.0
2021-08-06 08:00:00,20.0,69.93680555555555,69.93680555555555,20.0,41.87204345918862,70.10233081432901,0.437994445496831,20.0,idle,2021-08-01,20.0
2021-08-06 09:00:00,20.0,66.92847222222221,66.92847222222221,20.0,35.849046356496814,72.7095201650873,0.3377277291586697,21.0,idle,2021-08-01,20.0
2021-08-06 10:00:00,21.0,71.2409722222222,21.0,21.0,25.881287241368327,77.84822373500504,0.09715749965541617,24.0,idle,2021-08-01,21.0
2021-08-06 11:00:00,24.0,54.06597222222221,24.0,24.0,27.389172522308343,59.268660704864736,0.11272452782362899,24.0,idle,2021-08-01,24.0
2021-08-06 12:00:00,24.0,63.34374999999998,24.0,24.0,26.95201743048162,67.3627275432303,0.07503141999635574,24.0,idle,2021-08-01,24.0
2021-08-06 13:00:00,24.0,86.5763888888889,24.0,24.0,39.58599299856425,78.3334271311723,0.24907146729477875,23.0,idle,2021-08-01,24.0
2021-08-06 14:00:00,23.0,66.5298611111111,23.0,23.0,27.11857095750227,70.19838022731722,0.09461484260171452,24.0,idle,2021-08-01,23.0
2021-08-06 15:00:00,24.0,60.306249999999984,24.0,24.0,27.741029343571597,63.11674582566262,0.10304091839756513,22.0,idle,2021-08-01,24.0
2021-08-06 16:00:00,22.0,42.78506944444443,22.0,22.0,23.964416375108822,51.57423506252122,0.09451093634108029,22.0,idle,2021-08-01,22.0
2021-08-06 17:00:00,22.0,48.05347222222221,22.0,22.0,27.809556493696405,47.44080360939437,0.22298588242457623,23.0,idle,2021-08-01,22.0
2021-08-06 18:00:00,23.0,63.12013888888888,23.0,23.0,26.910077039154608,64.60981451626725,0.09745920994898374,22.0,idle,2021-08-01,23.0
2021-08-06 19:00:00,22.0,31.596875000000004,22.0,22.0,24.24796683796062,32.06333053473514,0.23423946211247124,21.0,idle,2021-08-01,22.0
2021-08-06 20:00:00,21.0,25.691666666666666,21.0,21.0,21.905113194182363,28.5028072457768,0.19291933090920707,21.0,idle,2021-08-01,21.0
2021-08-06 21:00:00,21.0,25.71215277777778,21.0,21.0,21.313474495366375,28.6611318491962,0.06652468842790916,23.0,idle,2021-08-01,21.0
2021-08-06 22:00:00,23.0,26.888888888888893,23.0,23.0,23.265534526152408,28.828229427372534,0.06828030672490387,21.0,idle,2021-08-01,23.0
2021-08-06 23:00:00,21.0,22.88506944444445,21.0,21.0,21.341227351528598,23.119471427023285,0.18101579893209774,21.0,idle,2021-08-01,21.0
2021-08-07 00:00:00,21.0,24.627638888888892,21.0,21.0,21.870738268497572,30.189021520862546,0.240028926573855,22.0,idle,2021-08-01,21.0
2021-08-07 01:00:00,22.0,25.015416666666667,22.0,22.0,22.738519092637777,29.58043499782483,0.24491444277057642,22.0,idle,2021-08-01,22.0
2021-08-07 02:00:00,22.0,22.543055555555558,22.0,22.0,22.048109419836067,24.928509937818912,0.08859023601525942,21.0,idle,2021-08-01,22.0
2021-08-07 03:00:00,21.0,23.01631944444444,21.0,21.0,21.1822822880305,24.70242514598669,0.0904034767569901,21.0,idle,2021-08-01,21.0
2021-08-07 04:00:00,21.0,23.98611111111111,21.0,21.0,21.58695258660132,27.434927807363287,0.1965608662106747,21.0,idle,2021-08-01,21.0
2021-08-07 05:00:00,21.0,23.42534722222222,21.0,21.0,21.171088811026795,24.484720348388528,0.07054198650782759,22.0,idle,2021-08-01,21.0
2021-08-07 06:00:00,22.0,22.589583333333334,22.0,22.0,22.123600029001068,26.580027681710796,0.20963962516082169,21.0,idle,2021-08-01,22.0
2021-08-07 07:00:00,21.0,23.596875000000004,21.0,21.0,21.45420844247344,25.89543492822981,0.17490577808844834,21.0,idle,2021-08-01,21.0
2021-08-07 08:00:00,21.0,23.930555555555554,21.0,21.0,21.555361984263243,27.02280138354765,0.18950740695238652,22.0,idle,2021-08-01,21.0
2021-08-07 09:00:00,22.0,24.55208333333333,22.0,22.0,22.16209325751873,24.620727545291818,0.06351409274203272,22.0,idle,2021-08-01,22.0
2021-08-07 10:00:00,22.0,23.43263888888889,22.0,22.0,22.085203948290772,23.611017930713448,0.059473429732771706,21.0,idle,2021-08-01,22.0
2021-08-07 11:00:00,21.0,23.011111111111106,21.0,21.0,21.102913005477838,23.68853044361919,0.05117221266853751,21.0,idle,2021-08-01,21.0
2021-08-07 12:00:00,21.0,24.155555555555555,21.0,21.0,21.168220588937444,24.72155966376714,0.053309341564683144,23.0,idle,2021-08-01,21.0
2021-08-07 13:00:00,23.0,23.201041666666665,23.0,23.0,23.011693320159033,23.685605480958806,0.058163665039743614,21.0,idle,2021-08-01,23.0
2021-08-07 14:00:00,21.0,23.134375,21.0,21.0,21.12803009397852,23.32094939663505,0.05998481709095985,21.0,idle,2021-08-01,21.0
2021-08-07 15:00:00,21.0,24.10208333333333,21.0,21.0,21.16537001997878,24.826941754988248,0.053309341564683144,21.0,idle,2021-08-01,21.0
2021-08-07 16:00:00,21.0,23.555208333333336,21.0,21.0,21.13621647381059,24.20376864053376,0.053309341564683144,24.0,idle,2021-08-01,21.0
2021-08-07 17:00:00,24.0,22.727083333333333,24.0,24.0,23.921273606200618,23.727820319202387,0.061847248811296385,21.0,idle,2021-08-01,24.0
2021-08-07 18:00:00,21.0,23.15659722222222,21.0,21.0,21.286144542747817,24.580553069627236,0.1326833493984408,21.0,idle,2021-08-01,21.0
2021-08-07 19:00:00,21.0,24.00486111111111,21.0,21.0,21.38750041479306,26.161172859422102,0.12895784545921155,22.0,idle,2021-08-01,21.0
2021-08-07 20:00:00,22.0,25.13277777777778,22.0,22.0,22.17791996856316,24.538560176641035,0.05679303837802608,23.0,idle,2021-08-01,22.0
2021-08-07 21:00:00,23.0,24.02673611111111,23.0,23.0,23.14971753253013,25.449574136668005,0.1458189021598804,22.0,idle,2021-08-01,23.0
2021-08-07 22:00:00,22.0,24.268055555555556,22.0,22.0,22.280659218549705,25.7401131775712,0.1237444196912357,21.0,idle,2021-08-01,22.0
2021-08-07 23:00:00,21.0,23.53458333333333,21.0,21.0,21.136656331425506,24.317280518773735,0.05391668509308189,23.0,idle,2021-08-01,21.0
2021-08-08 00:00:00,23.0,24.639930555555555,23.0,23.0,23.058209396705816,25.21325709879736,0.035495037584744836,21.0,idle,2021-08-01,23.0
2021-08-08 01:00:00,21.0,22.242708333333336,21.0,21.0,21.0812774940427,23.403577833532324,0.0654035157426558,21.0,idle,2021-08-01,21.0
2021-08-08 02:00:00,21.0,23.36166666666667,21.0,21.0,21.137001633994483,24.759175277739637,0.05801057191015467,21.0,idle,2021-08-01,21.0
2021-08-08 03:00:00,21.0,23.09479166666667,21.0,21.0,21.157690618057355,24.211973773560807,0.07527747057934336,23.0,idle,2021-08-01,21.0
2021-08-08 04:00:00,23.0,22.390625000000004,23.0,23.0,22.97733164846804,22.790286698625177,0.03719934610372871,21.0,idle,2021-08-01,23.0
2021-08-08 05:00:00,21.0,22.02881944444444,21.0,21.0,21.05343675894363,22.725484518942487,0.05193988044469891,21.0,idle,2021-08-01,21.0
2021-08-08 06:00:00,21.0,23.747916666666672,21.0,21.0,21.138402226945942,24.49347289312567,0.05036623876728723,21.0,idle,2021-08-01,21.0
2021-08-08 07:00:00,21.0,23.833680555555564,21.0,21.0,21.085268018030625,22.8916421004768,0.030090906987892782,22.0,idle,2021-08-01,21.0
2021-08-08 08:00:00,22.0,23.225000000000005,22.0,22.0,22.039449477110157,22.361952930328428,0.032203654783799655,21.0,idle,2021-08-01,22.0
2021-08-08 09:00:00,21.0,22.678819444444443,21.0,21.0,21.065983105184102,22.303603417879863,0.0393032767177276,21.0,idle,2021-08-01,21.0
2021-08-08 10:00:00,21.0,23.52083333333334,21.0,21.0,21.09600488277484,24.0438983803007,0.03808458159663115,23.0,idle,2021-08-01,21.0
2021-08-08 11:00:00,23.0,23.103472222222216,23.0,23.0,23.00248467915123,22.97403459000978,0.024013006562229582,21.0,idle,2021-08-01,23.0
2021-08-08 12:00:00,21.0,22.045486111111114,21.0,21.0,21.041077538109775,22.44675552918409,0.039290371888459616,21.0,idle,2021-08-01,21.0
2021-08-08 13:00:00,21.0,23.38958333333333,21.0,21.0,21.091006281440283,24.011375009065695,0.03808458159663115,21.0,idle,2021-08-01,21.0
2021-08-08 14:00:00,21.0,23.014236111111114,21.0,21.0,21.100175265654983,23.062484989139353,0.04973362611383409,22.0,idle,2021-08-01,21.0
2021-08-08 15:00:00,22.0,22.558680555555558,22.0,22.0,22.013415599846745,22.275051118313588,0.024013006562229582,21.0,idle,2021-08-01,22.0
2021-08-08 16:00:00,21.0,21.998263888888893,21.0,21.0,21.039222159437266,22.193264862972846,0.039290371888459616,21.0,idle,2021-08-01,21.0
2021-08-08 17:00:00,21.0,23.638194444444448,21.0,21.0,21.10047453158722,23.9444090582735,0.03808458159663115,22.0,idle,2021-08-01,21.0
2021-08-08 18:00:00,22.0,23.24374999999999,22.0,22.0,22.029224361878562,23.04251834965628,0.02349697437472366,22.0,idle,2021-08-01,22.0
2021-08-08 19:00:00,22.0,22.973611111111115,22.0,22.0,22.024138761200817,22.3059673070333,0.02479302149013867,21.0,idle,2021-08-01,22.0
2021-08-08 20:00:00,21.0,23.20486111111112,21.0,21.0,21.056706575482572,22.638591643958026,0.025718887777923638,21.0,idle,2021-08-01,21.0
2021-08-08 21:00:00,21.0,23.939583333333346,21.0,21.0,21.13729012523509,24.191695449893142,0.04670394054772749,22.0,idle,2021-08-01,21.0
2021-08-08 22:00:00,22.0,24.325138888888887,22.0,22.0,22.05979998615142,23.227666581090023,0.025718887777923638,21.0,idle,2021-08-01,22.0
2021-08-08 23:00:00,21.0,23.299513888888892,21.0,21.0,21.093236148842553,22.93288068612971,0.040546025528728324,21.0,idle,2021-08-01,21.0
2021-08-09 00:00:00,21.0,27.115972222222226,21.0,21.0,21.69366752823259,26.493849504309335,0.11341901222379108,21.0,idle,2021-08-01,21.0
2021-08-09 01:00:00,21.0,25.337847222222226,21.0,21.0,21.518416089766614,25.224975574395287,0.11950999267812742,23.0,idle,2021-08-01,21.0
2021-08-09 02:00:00,23.0,24.12361111111112,23.0,23.0,23.07798416966198,24.436590612345253,0.06940494704156487,20.0,idle,2021-08-01,23.0
2021-08-09 03:00:00,20.0,24.139236111111114,20.0,20.0,20.44165364948627,24.037525032776493,0.10669931302075762,22.0,idle,2021-08-01,20.0
2021-08-09 04:00:00,22.0,27.763680555555553,22.0,22.0,22.583205004731692,27.719149931163287,0.10118621237076492,21.0,idle,2021-08-01,22.0
2021-08-09 05:00:00,21.0,25.907291666666666,21.0,21.0,21.562381769305546,25.84175705108861,0.11460125207669843,21.0,idle,2021-08-01,21.0
2021-08-09 06:00:00,21.0,24.345138888888894,21.0,21.0,21.18283224802842,24.62730477402353,0.05465610071848067,20.0,idle,2021-08-01,21.0
2021-08-09 07:00:00,20.0,38.42118055555557,20.0,20.0,22.73405643619126,40.9485785945757,0.14841917584737563,70.0,startup,2021-08-01,20.0
2021-08-09 08:00:00,157.51249999999996,157.51249999999996,157.51249999999996,157.51249999999996,157.51249999999996,141.2445451493482,0.6984100224892315,193.0,running,2021-08-01,157.51249999999996
2021-08-09 09:00:00,162.45416666666668,162.45416666666668,162.45416666666668,162.45416666666668,162.45416666666668,142.16275363262082,0.874989992098838,191.0,running,2021-08-01,162.45416666666668
2021-08-09 10:00:00,155.0819444444445,155.0819444444445,155.0819444444445,155.0819444444445,155.0819444444445,131.64776020572992,0.8673001460351953,182.0,running,2021-08-01,155.0819444444445
2021-08-09 11:00:00,151.82638888888889,151.82638888888889,151.82638888888889,151.82638888888889,151.82638888888889,127.23941285685845,0.8343583931959547,187.0,running,2021-08-01,151.82638888888889
2021-08-09 12:00:00,117.12777777777781,117.12777777777781,117.12777777777781,117.12777777777781,117.12777777777781,110.77600065867131,0.8242088838308301,129.0,running,2021-08-01,117.12777777777781
2021-08-09 13:00:00,146.62499999999997,146.62499999999997,146.62499999999997,146.62499999999997,146.62499999999997,129.8074573306061,0.9129951448657113,182.0,running,2021-08-01,146.62499999999997
2021-08-09 14:00:00,158.16041666666663,158.16041666666663,158.16041666666663,158.16041666666663,158.16041666666663,141.32620622033045,0.8572722977621483,183.0,running,2021-08-01,158.16041666666663
2021-08-09 15:00:00,151.725,151.725,151.725,151.725,151.725,140.78777723229254,0.8503354057259346,167.0,running,2021-08-01,151.725
2021-08-09 16:00:00,154.76111111111112,154.76111111111112,154.76111111111112,154.76111111111112,154.76111111111112,146.68573287637676,0.902536652511607,184.0,running,2021-08-01,154.76111111111112
2021-08-09 17:00:00,139.3625,139.3625,139.3625,139.3625,139.3625,137.7287791631358,0.8957972091525341,146.0,running,2021-08-01,139.3625
2021-08-09 18:00:00,121.17291666666664,121.17291666666664,121.17291666666664,121.17291666666664,121.17291666666664,118.73037220041553,0.797537622320656,98.0,shutdown,2021-08-01,121.17291666666664
2021-08-09 19:00:00,100.14861111111115,100.14861111111115,100.14861111111115,100.14861111111115,100.14861111111115,99.57483158667546,0.8025248152552454,93.0,idle,2021-08-01,100.14861111111115
2021-08-09 20:00:00,94.69027777777778,94.69027777777778,94.69027777777778,94.69027777777778,94.69027777777778,94.94428037413142,0.5445025470761028,109.0,startup,2021-08-01,94.69027777777778
2021-08-09 21:00:00,104.53402777777774,104.53402777777774,104.53402777777774,104.53402777777774,104.53402777777774,103.628764667778,0.8315948494970781,115.0,running,2021-08-01,104.53402777777774
2021-08-09 22:00:00,103.3069444444445,103.3069444444445,103.3069444444445,103.3069444444445,103.3069444444445,104.16545222988564,0.7947187290931064,109.0,running,2021-08-01,103.3069444444445
2021-08-09 23:00:00,99.83888888888887,99.83888888888887,99.83888888888887,99.83888888888887,99.83888888888887,100.66429154777104,0.8418504358748854,98.0,running,2021-08-01,99.83888888888887
2021-08-10 00:00:00,55.63819444444445,55.63819444444445,55.63819444444445,55.63819444444445,55.63819444444445,65.19051467985628,0.8239172445136057,68.0,shutdown,2021-08-01,55.63819444444445
2021-08-10 01:00:00,100.86597222222221,100.86597222222221,100.86597222222221,100.86597222222221,100.86597222222221,101.12496440265376,0.8156364406221198,99.0,startup,2021-08-01,100.86597222222221
2021-08-10 02:00:00,95.69097222222221,95.69097222222221,95.69097222222221,95.69097222222221,95.69097222222221,97.01162204919757,0.8863863887597405,96.0,running,2021-08-01,95.69097222222221
2021-08-10 03:00:00,93.43819444444446,93.43819444444446,93.43819444444446,93.43819444444446,93.43819444444446,95.01819401208529,0.8879398231430444,98.0,running,2021-08-01,93.43819444444446
2021-08-10 04:00:00,97.39097222222223,97.39097222222223,97.39097222222223,97.39097222222223,97.39097222222223,96.97387852767861,0.9260502326582599,101.0,running,2021-08-01,97.39097222222223
2021-08-10 05:00:00,87.85694444444445,87.85694444444445,87.85694444444445,87.85694444444445,87.85694444444445,89.30922638361136,0.8973803887271596,85.0,running,2021-08-01,87.85694444444445
2021-08-10 06:00:00,99.68541666666668,99.68541666666668,99.68541666666668,99.68541666666668,99.68541666666668,100.1670564527655,0.8999603896599615,100.0,running,2021-08-01,99.68541666666668
2021-08-10 07:00:00,119.52777777777777,119.52777777777777,119.52777777777777,119.52777777777777,119.52777777777777,119.33141768059293,0.9525682791057563,128.0,running,2021-08-01,119.52777777777777
2021-08-10 08:00:00,166.19999999999996,166.19999999999996,166.19999999999996,166.19999999999996,166.19999999999996,168.5899925571434,0.9801228078362613,183.0,running,2021-08-01,166.19999999999996
2021-08-10 09:00:00,170.42638888888894,170.42638888888894,170.42638888888894,170.42638888888894,170.42638888888894,174.66529085957788,0.9707508753649258,185.0,running,2021-08-01,170.42638888888894
2021-08-10 10:00:00,168.34583333333336,168.34583333333336,168.34583333333336,168.34583333333336,168.34583333333336,170.5950552509023,0.9685365977587336,175.0,running,2021-08-01,168.34583333333336
2021-08-10 11:00:00,170.50416666666663,170.50416666666663,170.50416666666663,170.50416666666663,170.50416666666663,174.29993710803936,0.9788024283589541,185.0,running,2021-08-01,170.50416666666663
2021-08-10 12:00:00,116.81944444444443,116.81944444444443,116.81944444444443,116.81944444444443,116.81944444444443,121.2836665257087,0.9521400825043018,107.0,shutdown,2021-08-01,116.81944444444443
2021-08-10 13:00:00,158.83888888888893,158.83888888888893,158.83888888888893,158.83888888888893,158.83888888888893,159.5301534678371,0.9212545392381981,181.0,startup,2021-08-01,158.83888888888893
2021-08-10 14:00:00,167.7895833333333,167.7895833333333,167.7895833333333,167.7895833333333,167.7895833333333,171.91571873504077,0.9770681066604708,170.0,running,2021-08-01,167.7895833333333
2021-08-10 15:00:00,161.15,161.15,161.15,161.15,161.15,163.01499041380794,0.965595131669721,155.0,running,2021-08-01,161.15
2021-08-10 16:00:00,163.84583333333336,163.84583333333336,163.84583333333336,163.84583333333336,163.84583333333336,167.20007689628298,0.977330247208134,169.0,running,2021-08-01,163.84583333333336
2021-08-10 17:00:00,140.01041666666669,140.01041666666669,140.01041666666669,140.01041666666669,140.01041666666669,140.08232481038974,0.9624585229202686,126.0,running,2021-08-01,140.01041666666669
2021-08-10 18:00:00,146.95694444444447,146.95694444444447,146.95694444444447,146.95694444444447,146.95694444444447,141.73135801167237,0.9298956883328792,165.0,running,2021-08-01,146.95694444444447
2021-08-10 19:00:00,146.55138888888894,146.55138888888894,146.55138888888894,146.55138888888894,146.55138888888894,142.51772855322838,0.9591313378066014,156.0,running,2021-08-01,146.55138888888894
2021-08-10 20:00:00,127.02777777777776,127.02777777777776,127.02777777777776,127.02777777777776,127.02777777777776,124.88520193909369,0.9588462158464413,129.0,running,2021-08-01,127.02777777777776
2021-08-10 21:00:00,123.17638888888884,123.17638888888884,123.17638888888884,123.17638888888884,123.17638888888884,121.93266198205873,0.9729101334276329,123.0,running,2021-08-01,123.17638888888884
2021-08-10 22:00:00,110.67638888888887,110.67638888888887,110.67638888888887,110.67638888888887,110.67638888888887,110.61319704498412,0.9766988821792003,106.0,running,2021-08-01,110.67638888888887
2021-08-10 23:00:00,97.44027777777781,97.44027777777781,97.44027777777781,97.44027777777781,97.44027777777781,98.43364543743725,0.9335820360376988,99.0,shutdown,2021-08-01,97.44027777777781
2021-08-11 00:00:00,48.23194444444443,48.23194444444443,48.23194444444443,48.23194444444443,48.23194444444443,57.264247566468,0.5648274637381778,77.0,idle,2021-08-01,48.23194444444443
2021-08-11 01:00:00,90.0034722222222,90.0034722222222,90.0034722222222,90.0034722222222,90.0034722222222,89.37587492167762,0.5728064461241518,99.0,startup,2021-08-01,90.0034722222222
2021-08-11 02:00:00,94.57569444444444,94.57569444444444,94.57569444444444,94.57569444444444,94.57569444444444,93.71437394443278,0.8546820693838094,109.0,running,2021-08-01,94.57569444444444
2021-08-11 03:00:00,102.24166666666665,102.24166666666665,102.24166666666665,102.24166666666665,102.24166666666665,100.32995948766322,0.8695428027328536,104.0,running,2021-08-01,102.24166666666665
2021-08-11 04:00:00,98.16388888888888,98.16388888888888,98.16388888888888,98.16388888888888,98.16388888888888,96.55807573805603,0.7944014154008058,111.0,running,2021-08-01,98.16388888888888
2021-08-11 05:00:00,98.27499999999999,98.27499999999999,98.27499999999999,98.27499999999999,98.27499999999999,95.78299034404729,0.8348325505103117,92.0,running,2021-08-01,98.27499999999999
2021-08-11 06:00:00,102.00625,102.00625,102.00625,102.00625,102.00625,99.97589265478976,0.8899799906872246,122.0,running,2021-08-01,102.00625
2021-08-11 07:00:00,128.6638888888889,128.6638888888889,128.6638888888889,128.6638888888889,128.6638888888889,127.08174017702194,0.9728864441449094,132.0,running,2021-08-01,128.6638888888889
2021-08-11 08:00:00,170.3069444444444,170.3069444444444,170.3069444444444,170.3069444444444,170.3069444444444,171.1035103936027,0.9058840096325804,203.0,running,2021-08-01,170.3069444444444
2021-08-11 09:00:00,171.0131944444444,171.0131944444444,171.0131944444444,171.0131944444444,171.0131944444444,174.89820707764648,0.9421326429709888,179.0,running,2021-08-01,171.0131944444444
2021-08-11 10:00:00,164.51111111111112,164.51111111111112,164.51111111111112,164.51111111111112,164.51111111111112,166.80760774552843,0.9319576079692191,183.0,running,2021-08-01,164.51111111111112
2021-08-11 11:00:00,166.2680555555556,166.2680555555556,166.2680555555556,166.2680555555556,166.2680555555556,170.83284174092947,0.9423420578428846,184.0,running,2021-08-01,166.2680555555556
2021-08-11 12:00:00,110.81597222222221,110.81597222222221,110.81597222222221,110.81597222222221,110.81597222222221,113.83923111854922,0.7822948655300689,113.0,running,2021-08-01,110.81597222222221
2021-08-11 13:00:00,156.68333333333337,156.68333333333337,156.68333333333337,156.68333333333337,156.68333333333337,155.40139668816417,0.9577711055548349,183.0,running,2021-08-01,156.68333333333337
2021-08-11 14:00:00,169.3270833333333,169.3270833333333,169.3270833333333,169.3270833333333,169.3270833333333,171.9691006593636,0.9723772087042469,187.0,running,2021-08-01,169.3270833333333
2021-08-11 15:00:00,158.49722222222218,158.49722222222218,158.49722222222218,158.49722222222218,158.49722222222218,160.46626979996614,0.9067290136470286,153.0,running,2021-08-01,158.49722222222218
2021-08-11 16:00:00,163.70277777777775,163.70277777777775,163.70277777777775,163.70277777777775,163.70277777777775,164.92831508477403,0.9583895958460266,182.0,running,2021-08-01,163.70277777777775
2021-08-11 17:00:00,140.46180555555554,140.46180555555554,140.46180555555554,140.46180555555554,140.46180555555554,141.77820309515482,0.9483255859135561,151.0,running,2021-08-01,140.46180555555554
2021-08-11 18:00:00,156.75763888888886,156.75763888888886,156.75763888888886,156.75763888888886,156.75763888888886,154.9220175805284,0.9690230454421033,180.0,running,2021-08-01,156.75763888888886
2021-08-11 19:00:00,146.31666666666663,146.31666666666663,146.31666666666663,146.31666666666663,146.31666666666663,144.38989087414365,0.9344643551619967,150.0,running,2021-08-01,146.31666666666663
2021-08-11 20:00:00,126.39444444444443,126.39444444444443,126.39444444444443,126.39444444444443,126.39444444444443,124.68824319212214,0.9170595435594352,125.0,running,2021-08-01,126.39444444444443
2021-08-11 21:00:00,117.94444444444447,117.94444444444447,117.94444444444447,117.94444444444447,117.94444444444447,118.02617878877338,0.9340476356032867,108.0,running,2021-08-01,117.94444444444447
2021-08-11 22:00:00,105.09444444444445,105.09444444444445,105.09444444444445,105.09444444444445,105.09444444444445,104.38243143640165,0.8965635466577105,110.0,running,2021-08-01,105.09444444444445
2021-08-11 23:00:00,97.08819444444445,97.08819444444445,97.08819444444445,97.08819444444445,97.08819444444445,97.7836373783482,0.9178782997326573,99.0,running,2021-08-01,97.08819444444445
2021-08-12 00:00:00,49.92222222222222,49.92222222222222,49.92222222222222,49.92222222222222,49.92222222222222,55.65900575907264,0.5103312410385658,76.0,shutdown,2021-08-01,49.92222222222222
2021-08-12 01:00:00,96.02291666666665,96.02291666666665,96.02291666666665,96.02291666666665,96.02291666666665,98.94170201239776,0.8401321852510216,105.0,startup,2021-08-01,96.02291666666665
2021-08-12 02:00:00,105.33263888888887,105.33263888888887,105.33263888888887,105.33263888888887,105.33263888888887,104.97335455948257,0.9430361700071863,108.0,running,2021-08-01,105.33263888888887
2021-08-12 03:00:00,99.73750000000003,99.73750000000003,99.73750000000003,99.73750000000003,99.73750000000003,98.33037908454068,0.91855278203834,104.0,running,2021-08-01,99.73750000000003
2021-08-12 04:00:00,103.50138888888884,103.50138888888884,103.50138888888884,103.50138888888884,103.50138888888884,103.05720406432852,0.9448823978292362,107.0,running,2021-08-01,103.50138888888884
2021-08-12 05:00:00,88.56458333333333,88.56458333333333,88.56458333333333,88.56458333333333,88.56458333333333,88.16548303696581,0.9177559448517052,89.0,running,2021-08-01,88.56458333333333
2021-08-12 06:00:00,104.0513888888889,104.0513888888889,104.0513888888889,104.0513888888889,104.0513888888889,104.13523837836856,0.9091554957334039,114.0,running,2021-08-01,104.0513888888889
2021-08-12 07:00:00,122.46249999999999,122.46249999999999,122.46249999999999,122.46249999999999,122.46249999999999,124.72300838316869,0.9795912464019109,130.0,running,2021-08-01,122.46249999999999
2021-08-12 08:00:00,171.81249999999997,171.81249999999997,171.81249999999997,171.81249999999997,171.81249999999997,175.2008658966738,0.9708650378124236,187.0,running,2021-08-01,171.81249999999997
2021-08-12 09:00:00,171.3055555555555,171.3055555555555,171.3055555555555,171.3055555555555,171.3055555555555,173.83709775066768,0.958750832395032,181.0,running,2021-08-01,171.3055555555555
2021-08-12 10:00:00,160.15694444444443,160.15694444444443,160.15694444444443,160.15694444444443,160.15694444444443,166.57440968721556,0.9418688457100794,177.0,running,2021-08-01,160.15694444444443
2021-08-12 11:00:00,164.64374999999998,164.64374999999998,164.64374999999998,164.64374999999998,164.64374999999998,170.52706771637375,0.9624681596002588,188.0,running,2021-08-01,164.64374999999998
2021-08-12 12:00:00,110.87777777777777,110.87777777777777,110.87777777777777,110.87777777777777,110.87777777777777,113.53867057405208,0.8992122186701743,120.0,running,2021-08-01,110.87777777777777
2021-08-12 13:00:00,156.54097222222217,156.54097222222217,156.54097222222217,156.54097222222217,156.54097222222217,156.9019812396593,0.9494741194043759,170.0,running,2021-08-01,156.54097222222217
2021-08-12 14:00:00,165.8736111111111,165.8736111111111,165.8736111111111,165.8736111111111,165.8736111111111,171.1545301352582,0.9723866931532329,184.0,running,2021-08-01,165.8736111111111
2021-08-12 15:00:00,158.99930555555554,158.99930555555554,158.99930555555554,158.99930555555554,158.99930555555554,159.82064660821416,0.968391948419209,165.0,running,2021-08-01,158.99930555555554
2021-08-12 16:00:00,163.3638888888889,163.3638888888889,163.3638888888889,163.3638888888889,163.3638888888889,166.29905235201284,0.947307186771263,170.0,running,2021-08-01,163.3638888888889
2021-08-12 17:00:00,140.66180555555553,140.66180555555553,140.66180555555553,140.66180555555553,140.66180555555553,140.45361841981625,0.9471242955738591,135.0,running,2021-08-01,140.66180555555553
2021-08-12 18:00:00,157.9131944444444,157.9131944444444,157.9131944444444,157.9131944444444,157.9131944444444,158.88900539693805,0.9748260658458973,172.0,running,2021-08-01,157.9131944444444
2021-08-12 19:00:00,146.4770833333333,146.4770833333333,146.4770833333333,146.4770833333333,146.4770833333333,144.81287414553316,0.9617585937917292,161.0,running,2021-08-01,146.4770833333333
2021-08-12 20:00:00,127.0701388888889,127.0701388888889,127.0701388888889,127.0701388888889,127.0701388888889,124.44337685140883,0.8344613953538155,125.0,running,2021-08-01,127.0701388888889
2021-08-12 21:00:00,121.32916666666662,121.32916666666662,121.32916666666662,121.32916666666662,121.32916666666662,119.61556903800394,0.954898497243857,112.0,shutdown,2021-08-01,121.32916666666662
2021-08-12 22:00:00,103.8361111111111,103.8361111111111,103.8361111111111,103.8361111111111,103.8361111111111,103.49142094514093,0.9076553093223665,116.0,idle,2021-08-01,103.8361111111111
2021-08-12 23:00:00,104.33194444444445,104.33194444444445,104.33194444444445,104.33194444444445,104.33194444444445,104.65897401218312,0.5735834774310659,103.0,startup,2021-08-01,104.33194444444445
2021-08-13 00:00:00,44.607638888888886,44.607638888888886,44.607638888888886,44.607638888888886,44.607638888888886,48.17162820156558,0.31162278572574303,72.0,running,2021-08-01,44.607638888888886
2021-08-13 01:00:00,99.26527777777781,99.26527777777781,99.26527777777781,99.26527777777781,99.26527777777781,100.01399953199032,0.8584011217760656,100.0,running,2021-08-01,99.26527777777781
2021-08-13 02:00:00,99.30416666666666,99.30416666666666,99.30416666666666,99.30416666666666,99.30416666666666,99.85221552522613,0.9133663250487583,112.0,running,2021-08-01,99.30416666666666
2021-08-13 03:00:00,105.56944444444441,105.56944444444441,105.56944444444441,105.56944444444441,105.56944444444441,104.63243938561261,0.9438054299934109,116.0,running,2021-08-01,105.56944444444441
2021-08-13 04:00:00,105.97708333333334,105.97708333333334,105.97708333333334,105.97708333333334,105.97708333333334,105.66888237947565,0.9226303566394319,110.0,running,2021-08-01,105.97708333333334
2021-08-13 05:00:00,97.08958333333332,97.08958333333332,97.08958333333332,97.08958333333332,97.08958333333332,95.2218767126949,0.9032489405014273,88.0,shutdown,2021-08-01,97.08958333333332
2021-08-13 06:00:00,105.91666666666667,105.91666666666667,105.91666666666667,105.91666666666667,105.91666666666667,103.97836649906296,0.7883645018286963,110.0,startup,2021-08-01,105.91666666666667
2021-08-13 07:00:00,114.3256944444444,114.3256944444444,114.3256944444444,114.3256944444444,114.3256944444444,115.88418130231965,0.9658626000192974,136.0,running,2021-08-01,114.3256944444444
2021-08-13 08:00:00,169.19999999999996,169.19999999999996,169.19999999999996,169.19999999999996,169.19999999999996,172.69563849912754,0.9562248050928513,196.0,running,2021-08-01,169.19999999999996
2021-08-13 09:00:00,165.17638888888888,165.17638888888888,165.17638888888888,165.17638888888888,165.17638888888888,169.44509712323162,0.9341744417659177,188.0,running,2021-08-01,165.17638888888888
2021-08-13 10:00:00,165.04583333333338,165.04583333333338,165.04583333333338,165.04583333333338,165.04583333333338,166.96126329705586,0.9364927949798513,184.0,running,2021-08-01,165.04583333333338
2021-08-13 11:00:00,168.25833333333333,168.25833333333333,168.25833333333333,168.25833333333333,168.25833333333333,173.48050265517452,0.9405398818837931,196.0,running,2021-08-01,168.25833333333333
2021-08-13 12:00:00,111.42847222222221,111.42847222222221,111.42847222222221,111.42847222222221,111.42847222222221,115.37904586618319,0.8591849880315127,111.0,running,2021-08-01,111.42847222222221
2021-08-13 13:00:00,153.05069444444445,153.05069444444445,153.05069444444445,153.05069444444445,153.05069444444445,149.72871396921636,0.8910839551085402,183.0,running,2021-08-01,153.05069444444445
2021-08-13 14:00:00,164.61805555555557,164.61805555555557,164.61805555555557,164.61805555555557,164.61805555555557,170.18225331147087,0.9503796927997972,189.0,running,2021-08-01,164.61805555555557
2021-08-13 15:00:00,160.04305555555553,160.04305555555553,160.04305555555553,160.04305555555553,160.04305555555553,162.71796785807018,0.9073101335679719,167.0,running,2021-08-01,160.04305555555553
2021-08-13 16:00:00,165.77777777777777,165.77777777777777,165.77777777777777,165.77777777777777,165.77777777777777,167.2366807463263,0.9589174191779261,183.0,running,2021-08-01,165.77777777777777
2021-08-13 17:00:00,141.06388888888887,141.06388888888887,141.06388888888887,141.06388888888887,141.06388888888887,142.1572297511099,0.9310858948471313,149.0,running,2021-08-01,141.06388888888887
2021-08-13 18:00:00,161.0284722222222,161.0284722222222,161.0284722222222,161.0284722222222,161.0284722222222,160.30878535103497,0.9639469248544258,174.0,running,2021-08-01,161.0284722222222
2021-08-13 19:00:00,147.60138888888886,147.60138888888886,147.60138888888886,147.60138888888886,147.60138888888886,148.00015833485935,0.9484638359894392,146.0,running,2021-08-01,147.60138888888886
2021-08-13 20:00:00,114.15555555555555,114.15555555555555,114.15555555555555,114.15555555555555,114.15555555555555,115.38042540220503,0.7804494406189427,117.0,shutdown,2021-08-01,114.15555555555555
2021-08-13 21:00:00,116.71180555555551,116.71180555555551,116.71180555555551,116.71180555555551,116.71180555555551,115.68171382049879,0.824382579120771,113.0,startup,2021-08-01,116.71180555555551
2021-08-13 22:00:00,105.04027777777779,105.04027777777779,105.04027777777779,105.04027777777779,105.04027777777779,103.08080335556451,0.740717860249697,109.0,running,2021-08-01,105.04027777777779
2021-08-13 23:00:00,103.09930555555555,103.09930555555555,103.09930555555555,103.09930555555555,103.09930555555555,102.62528304706048,0.8090533517778314,97.0,running,2021-08-01,103.09930555555555
2021-08-14 00:00:00,51.25069444444444,51.25069444444444,51.25069444444444,51.25069444444444,51.25069444444444,54.21179513477412,0.39020013064025466,62.0,shutdown,2021-08-01,51.25069444444444
2021-08-14 01:00:00,94.00069444444443,94.00069444444443,94.00069444444443,94.00069444444443,94.00069444444443,93.59388575029564,0.6044866852919454,97.0,startup,2021-08-01,94.00069444444443
2021-08-14 02:00:00,92.19652777777779,92.19652777777779,92.19652777777779,92.19652777777779,92.19652777777779,91.23885389389964,0.880575351775392,107.0,running,2021-08-01,92.19652777777779
2021-08-14 03:00:00,90.54305555555558,90.54305555555558,90.54305555555558,90.54305555555558,90.54305555555558,90.46303774187487,0.8793400315581859,91.0,running,2021-08-01,90.54305555555558
2021-08-14 04:00:00,85.12986111111113,85.12986111111113,85.12986111111113,85.12986111111113,85.12986111111113,88.63895219514743,0.8290503437787441,98.0,running,2021-08-01,85.12986111111113
2021-08-14 05:00:00,78.41180555555555,78.41180555555555,78.41180555555555,78.41180555555555,78.41180555555555,81.12868107797516,0.6300752284187193,83.0,running,2021-08-01,78.41180555555555
2021-08-14 06:00:00,90.85763888888894,90.85763888888894,90.85763888888894,90.85763888888894,90.85763888888894,87.92850136451602,0.9143490889217855,86.0,running,2021-08-01,90.85763888888894
2021-08-14 07:00:00,85.28611111111113,85.28611111111113,85.28611111111113,85.28611111111113,85.28611111111113,81.01670015147651,0.788752361238529,53.0,running,2021-08-01,85.28611111111113
2021-08-14 08:00:00,46.164583333333326,46.164583333333326,46.164583333333326,46.164583333333326,46.164583333333326,41.223722466612664,0.23162712268010432,23.0,shutdown,2021-08-01,46.164583333333326
2021-08-14 09:00:00,22.178472222222222,22.178472222222222,22.178472222222222,22.178472222222222,22.178472222222222,23.743881776121274,0.02879617858608967,22.0,idle,2021-08-01,22.178472222222222
2021-08-14 10:00:00,24.35138888888889,24.35138888888889,24.35138888888889,24.35138888888889,24.35138888888889,24.261044199705808,0.009994499063197076,21.0,idle,2021-08-01,24.35138888888889
2021-08-14 11:00:00,22.863194444444446,22.863194444444446,22.863194444444446,22.863194444444446,22.863194444444446,23.842525516747596,0.00655058398686174,23.0,idle,2021-08-01,22.863194444444446
2021-08-14 12:00:00,22.95625,22.95625,22.95625,22.95625,22.95625,23.140935200558694,0.0033937755111891716,22.0,idle,2021-08-01,22.95625
2021-08-14 13:00:00,21.69097222222222,21.69097222222222,21.69097222222222,21.69097222222222,21.69097222222222,21.878866147069303,0.004534397357968961,21.0,idle,2021-08-01,21.69097222222222
2021-08-14 14:00:00,21.0,21.235416666666666,21.0,21.0,21.000825382654515,21.395206500840807,0.003506050213862993,22.0,idle,2021-08-01,21.0
2021-08-14 15:00:00,22.0,23.04513888888889,22.0,22.0,22.00399526817271,23.080930408894215,0.003822715062262128,23.0,idle,2021-08-01,22.0
2021-08-14 16:00:00,23.0,21.75104166666667,23.0,23.0,22.995798710715107,21.906095501469576,0.003363834623433652,22.0,idle,2021-08-01,23.0
2021-08-14 17:00:00,22.0,22.284027777777784,22.0,22.0,22.00091881991991,22.380800307613118,0.003234964999194425,21.0,idle,2021-08-01,22.0
2021-08-14 18:00:00,21.0,22.520833333333332,21.0,21.0,21.0053732727729,22.96184499465377,0.003533110864375302,22.0,idle,2021-08-01,21.0
2021-08-14 19:00:00,22.0,21.709722222222226,22.0,22.0,21.998984772901366,22.080967635029527,0.0034974330670691873,23.0,idle,2021-08-01,22.0
2021-08-14 20:00:00,23.0,21.16527777777778,23.0,23.0,22.994146679770907,21.323138590749277,0.0031903032285744,22.0,idle,2021-08-01,23.0
2021-08-14 21:00:00,22.0,22.267361111111118,22.0,22.0,22.00097563570465,22.392250482692834,0.003649130947261903,22.0,idle,2021-08-01,22.0
2021-08-14 22:00:00,22.0,23.613194444444446,22.0,22.0,22.00699560178054,23.726352191386066,0.004336490126552516,23.0,idle,2021-08-01,22.0
2021-08-14 23:00:00,23.0,21.54861111111111,23.0,23.0,22.99546840709725,22.003554225696988,0.0031222458277336295,22.0,idle,2021-08-01,23.0
2021-08-15 00:00:00,22.0,22.78402777777778,22.0,22.0,22.005644413989454,22.548156030156104,0.007199252564053155,22.0,idle,2021-08-01,22.0
2021-08-15 01:00:00,22.0,23.37430555555556,22.0,22.0,22.00529088529425,23.24832584493809,0.0038498609518544833,23.0,idle,2021-08-01,22.0
2021-08-15 02:00:00,23.0,22.53819444444445,23.0,23.0,22.998079221504298,22.681609196330594,0.004159279750095675,22.0,idle,2021-08-01,23.0
2021-08-15 03:00:00,22.0,21.499305555555566,22.0,22.0,21.9981333246666,21.576423733177794,0.003728172649238341,21.0,idle,2021-08-01,22.0
2021-08-15 04:00:00,21.0,21.892708333333335,21.0,21.0,21.003364409143014,22.06251292288544,0.0037687663679001485,22.0,idle,2021-08-01,21.0
2021-08-15 05:00:00,22.0,23.31458333333334,22.0,22.0,22.004686829926822,23.753605561098635,0.003565258898375846,23.0,idle,2021-08-01,22.0
2021-08-15 06:00:00,23.0,21.03125,23.0,23.0,22.992739447949468,21.331626205192713,0.0036878994542392392,22.0,idle,2021-08-01,23.0
2021-08-15 07:00:00,22.0,22.29583333333333,22.0,22.0,22.00111361591883,22.32502578502252,0.0037643355002643436,21.0,idle,2021-08-01,22.0
2021-08-15 08:00:00,21.0,21.529513888888893,21.0,21.0,21.001927974870167,21.64923815208207,0.0036410279515293586,23.0,idle,2021-08-01,21.0
2021-08-15 09:00:00,23.0,22.380555555555553,23.0,23.0,22.99496568796676,22.560813822658513,0.008127140502085278,23.0,idle,2021-08-01,23.0
2021-08-15 10:00:00,23.0,21.47708333333334,23.0,23.0,22.99481789662083,21.50516035915448,0.0034027491409064532,21.0,idle,2021-08-01,23.0
2021-08-15 11:00:00,21.0,21.430208333333336,21.0,21.0,21.00157730019336,21.500686849908153,0.0036663636455852083,22.0,idle,2021-08-01,21.0
2021-08-15 12:00:00,22.0,23.205555555555556,22.0,22.0,22.006615955767625,23.314182016657977,0.005487889576833737,23.0,idle,2021-08-01,22.0
2021-08-15 13:00:00,23.0,21.64097222222222,23.0,23.0,22.99513765990326,21.751572581143417,0.003577807735975658,22.0,idle,2021-08-01,23.0
2021-08-15 14:00:00,22.0,22.135069444444447,22.0,22.0,22.000495213700738,22.294535826857608,0.0036663636455852083,22.0,idle,2021-08-01,22.0
2021-08-15 15:00:00,22.0,23.01875,22.0,22.0,22.003216062714607,23.094319133359132,0.0031568713763017934,21.0,idle,2021-08-01,22.0
2021-08-15 16:00:00,21.0,21.292361111111116,21.0,21.0,21.002190024101136,21.579260823683306,0.007490818778230253,23.0,idle,2021-08-01,21.0
2021-08-15 17:00:00,23.0,21.5125,23.0,23.0,22.995062507602974,21.761992032806674,0.003319322619851947,22.0,idle,2021-08-01,23.0
2021-08-15 18:00:00,22.0,22.21111111111112,22.0,22.0,22.000774010102955,22.303799437026708,0.0036663636455852083,21.0,idle,2021-08-01,22.0
2021-08-15 19:00:00,21.0,21.60277777777778,21.0,21.0,21.001902891912938,21.701446714658193,0.0031568713763017934,23.0,idle,2021-08-01,21.0
2021-08-15 20:00:00,23.0,21.973611111111115,23.0,23.0,22.996593084144347,22.254375949243915,0.003319322619851947,22.0,idle,2021-08-01,23.0
2021-08-15 21:00:00,22.0,21.938888888888894,22.0,22.0,21.999807080082558,22.03726161622143,0.0031568713763017934,22.0,idle,2021-08-01,22.0
2021-08-15 22:00:00,22.0,23.693055555555556,22.0,22.0,22.00534475862182,23.731019121026836,0.0031568713763017934,23.0,idle,2021-08-01,22.0
2021-08-15 23:00:00,23.0,23.53715277777778,23.0,23.0,23.001695722228867,23.686195919275576,0.0031568713763017934,23.0,idle,2021-08-01,23.0
2021-08-16 00:00:00,23.0,25.965277777777786,23.0,23.0,23.04521797385554,26.923371541229155,0.015249152775638949,22.0,idle,2021-08-01,23.0
2021-08-16 01:00:00,22.0,23.503472222222225,22.0,22.0,22.006732572910643,23.545612653050654,0.004478016162275052,21.0,idle,2021-08-01,22.0
2021-08-16 02:00:00,21.0,22.487986111111116,21.0,21.0,21.015864183435255,22.595798998333233,0.01066151311278694,23.0,idle,2021-08-01,21.0
2021-08-16 03:00:00,23.0,23.669444444444444,23.0,23.0,23.002829939293697,23.21336832579741,0.004227295210502129,21.0,idle,2021-08-01,23.0
2021-08-16 04:00:00,21.0,21.815972222222225,21.0,21.0,21.004113524924612,21.93929721921147,0.0050412560778204515,22.0,idle,2021-08-01,21.0
2021-08-16 05:00:00,22.0,24.42152777777778,22.0,22.0,22.01322329577752,24.747415199351693,0.005460724381884426,22.0,idle,2021-08-01,22.0
2021-08-16 06:00:00,22.0,23.04097222222222,22.0,22.0,22.024685509874963,23.081772196601708,0.023713898745796224,23.0,idle,2021-08-01,22.0
2021-08-16 07:00:00,23.0,60.32708333333335,23.0,23.0,25.778379601770446,61.1433317654033,0.07443334312941972,60.0,startup,2021-08-01,23.0
2021-08-16 08:00:00,186.72222222222217,186.72222222222217,186.72222222222217,186.72222222222217,186.72222222222217,188.39044598695318,0.9799073882474755,174.0,running,2021-08-01,186.72222222222217
2021-08-16 09:00:00,176.9416666666666,176.9416666666666,176.9416666666666,176.9416666666666,176.9416666666666,176.33134505573054,0.9895479732053218,183.0,running,2021-08-01,176.9416666666666
2021-08-16 10:00:00,178.94305555555553,178.94305555555553,178.94305555555553,178.94305555555553,178.94305555555553,178.177556291725,0.9796497571742523,144.0,running,2021-08-01,178.94305555555553
2021-08-16 11:00:00,180.06736111111113,180.06736111111113,180.06736111111113,180.06736111111113,180.06736111111113,179.80979709450807,0.9863327481261417,155.0,running,2021-08-01,180.06736111111113
2021-08-16 12:00:00,116.2263888888889,116.2263888888889,116.2263888888889,116.2263888888889,116.2263888888889,119.05800454010448,0.9726567770819571,97.0,shutdown,2021-08-01,116.2263888888889
2021-08-16 13:00:00,167.80625000000006,167.80625000000006,167.80625000000006,167.80625000000006,167.80625000000006,170.1380838598099,0.9435849884716181,153.0,startup,2021-08-01,167.80625000000006
2021-08-16 14:00:00,167.68194444444447,167.68194444444447,167.68194444444447,167.68194444444447,167.68194444444447,169.16440276419308,0.9892179489650443,146.0,running,2021-08-01,167.68194444444447
2021-08-16 15:00:00,155.16527777777776,155.16527777777776,155.16527777777776,155.16527777777776,155.16527777777776,155.98900055267126,0.9867686830702715,133.0,running,2021-08-01,155.16527777777776
2021-08-16 16:00:00,153.7388888888889,153.7388888888889,153.7388888888889,153.7388888888889,153.7388888888889,154.8769654593264,0.9901906271930707,116.0,running,2021-08-01,153.7388888888889
2021-08-16 17:00:00,122.94097222222219,122.94097222222219,122.94097222222219,122.94097222222219,122.94097222222219,120.59148360489394,0.990238329421078,100.0,shutdown,2021-08-01,122.94097222222219
2021-08-16 18:00:00,102.45833333333334,102.45833333333334,102.45833333333334,102.45833333333334,102.45833333333334,103.76840761103117,0.8836701724339607,92.0,startup,2021-08-01,102.45833333333334
2021-08-16 19:00:00,95.52708333333327,95.52708333333327,95.52708333333327,95.52708333333327,95.52708333333327,96.84794980132678,0.8598030182274766,89.0,running,2021-08-01,95.52708333333327
2021-08-16 20:00:00,99.775,99.775,99.775,99.775,99.775,99.43687438826275,0.8673376683124806,98.0,running,2021-08-01,99.775
2021-08-16 21:00:00,101.05208333333339,101.05208333333339,101.05208333333339,101.05208333333339,101.05208333333339,101.63562654503163,0.9380597071331197,112.0,running,2021-08-01,101.05208333333339
2021-08-16 22:00:00,102.60138888888885,102.60138888888885,102.60138888888885,102.60138888888885,102.60138888888885,102.16807103644692,0.9624766962601553,95.0,running,2021-08-01,102.60138888888885
2021-08-16 23:00:00,93.74930555555555,93.74930555555555,93.74930555555555,93.74930555555555,93.74930555555555,94.58777499366951,0.9318257509198387,96.0,running,2021-08-01,93.74930555555555
2021-08-17 00:00:00,65.1993055555556,65.1993055555556,65.1993055555556,65.1993055555556,65.1993055555556,67.202894448542,0.845636330110914,70.0,running,2021-08-01,65.1993055555556
2021-08-17 01:00:00,101.76805555555553,101.76805555555553,101.76805555555553,101.76805555555553,101.76805555555553,99.76562301384912,0.9421302053255439,96.0,running,2021-08-01,101.76805555555553
2021-08-17 02:00:00,98.82708333333335,98.82708333333335,98.82708333333335,98.82708333333335,98.82708333333335,98.53823341474425,0.9759519343395179,98.0,running,2021-08-01,98.82708333333335
2021-08-17 03:00:00,98.27083333333336,98.27083333333336,98.27083333333336,98.27083333333336,98.27083333333336,97.81427895939551,0.9606311128002862,92.0,running,2021-08-01,98.27083333333336
2021-08-17 04:00:00,95.38263888888888,95.38263888888888,95.38263888888888,95.38263888888888,95.38263888888888,95.31101647337215,0.9618615763698033,93.0,running,2021-08-01,95.38263888888888
2021-08-17 05:00:00,86.1736111111111,86.1736111111111,86.1736111111111,86.1736111111111,86.1736111111111,86.24165800471005,0.894926747350598,86.0,running,2021-08-01,86.1736111111111
2021-08-17 06:00:00,99.61597222222221,99.61597222222221,99.61597222222221,99.61597222222221,99.61597222222221,99.58313803522893,0.9508005912815284,94.0,running,2021-08-01,99.61597222222221
2021-08-17 07:00:00,116.87222222222219,116.87222222222219,116.87222222222219,116.87222222222219,116.87222222222219,117.37501425866043,0.9829158070599445,125.0,running,2021-08-01,116.87222222222219
2021-08-17 08:00:00,183.1930555555555,183.1930555555555,183.1930555555555,183.1930555555555,183.1930555555555,181.96830127703774,0.9941153766936002,164.0,running,2021-08-01,183.1930555555555
2021-08-17 09:00:00,178.8618055555556,178.8618055555556,178.8618055555556,178.8618055555556,178.8618055555556,175.73802146762844,0.9917955741845037,163.0,running,2021-08-01,178.8618055555556
2021-08-17 10:00:00,167.37152777777774,167.37152777777774,167.37152777777774,167.37152777777774,167.37152777777774,165.2638195757556,0.9941126452133986,153.0,running,2021-08-01,167.37152777777774
2021-08-17 11:00:00,174.82777777777773,174.82777777777773,174.82777777777773,174.82777777777773,174.82777777777773,171.56818449739137,0.9934599835890718,169.0,running,2021-08-01,174.82777777777773
2021-08-17 12:00:00,101.25625,101.25625,101.25625,101.25625,101.25625,101.86748945173619,0.9323296710421438,110.0,shutdown,2021-08-01,101.25625
2021-08-17 13:00:00,172.20555555555555,172.20555555555555,172.20555555555555,172.20555555555555,172.20555555555555,170.2479272462721,0.9556997957102662,162.0,startup,2021-08-01,172.20555555555555
2021-08-17 14:00:00,163.17013888888886,163.17013888888886,163.17013888888886,163.17013888888886,163.17013888888886,162.35950457121893,0.9932311956977985,161.0,running,2021-08-01,163.17013888888886
2021-08-17 15:00:00,148.11458333333334,148.11458333333334,148.11458333333334,148.11458333333334,148.11458333333334,147.37195504241237,0.9888194686262343,150.0,running,2021-08-01,148.11458333333334
2021-08-17 16:00:00,156.34236111111116,156.34236111111116,156.34236111111116,156.34236111111116,156.34236111111116,156.9689918217721,0.9911477682799675,152.0,running,2021-08-01,156.34236111111116
2021-08-17 17:00:00,124.20486111111111,124.20486111111111,124.20486111111111,124.20486111111111,124.20486111111111,125.11072639604188,0.9810204330741308,113.0,running,2021-08-01,124.20486111111111
2021-08-17 18:00:00,142.9798611111111,142.9798611111111,142.9798611111111,142.9798611111111,142.9798611111111,141.49946630197283,0.9889006010643983,149.0,running,2021-08-01,142.9798611111111
2021-08-17 19:00:00,144.95208333333338,144.95208333333338,144.95208333333338,144.95208333333338,144.95208333333338,144.742459000335,0.9922380244077442,138.0,running,2021-08-01,144.95208333333338
2021-08-17 20:00:00,122.35972222222222,122.35972222222222,122.35972222222222,122.35972222222222,122.35972222222222,122.23813633060209,0.9828143992579274,120.0,running,2021-08-01,122.35972222222222
2021-08-17 21:00:00,114.56944444444443,114.56944444444443,114.56944444444443,114.56944444444443,114.56944444444443,114.70414811403705,0.9686382007686211,118.0,running,2021-08-01,114.56944444444443
2021-08-17 22:00:00,106.39652777777776,106.39652777777776,106.39652777777776,106.39652777777776,106.39652777777776,105.90147374172058,0.9636712821587166,110.0,running,2021-08-01,106.39652777777776
2021-08-17 23:00:00,103.54513888888889,103.54513888888889,103.54513888888889,103.54513888888889,103.54513888888889,103.55211353186033,0.9680188217119418,104.0,running,2021-08-01,103.54513888888889
2021-08-18 00:00:00,71.01666666666665,71.01666666666665,71.01666666666665,71.01666666666665,71.01666666666665,71.28399773948627,0.7793749727341714,65.0,running,2021-08-01,71.01666666666665
2021-08-18 01:00:00,101.76250000000002,101.76250000000002,101.76250000000002,101.76250000000002,101.76250000000002,101.67387016374559,0.9634168337895385,95.0,running,2021-08-01,101.76250000000002
2021-08-18 02:00:00,103.4215277777778,103.4215277777778,103.4215277777778,103.4215277777778,103.4215277777778,102.96416557763953,0.9680552301286139,103.0,running,2021-08-01,103.4215277777778
2021-08-18 03:00:00,101.35416666666666,101.35416666666666,101.35416666666666,101.35416666666666,101.35416666666666,100.85913932263314,0.9415069443337917,91.0,running,2021-08-01,101.35416666666666
2021-08-18 04:00:00,100.02013888888887,100.02013888888887,100.02013888888887,100.02013888888887,100.02013888888887,100.36175591829861,0.9673311607666198,95.0,running,2021-08-01,100.02013888888887
2021-08-18 05:00:00,85.86527777777775,85.86527777777775,85.86527777777775,85.86527777777775,85.86527777777775,86.48691374676227,0.8671236673480756,83.0,running,2021-08-01,85.86527777777775
2021-08-18 06:00:00,100.32222222222225,100.32222222222225,100.32222222222225,100.32222222222225,100.32222222222225,100.95432069819682,0.9699376897376606,101.0,running,2021-08-01,100.32222222222225
2021-08-18 07:00:00,114.37847222222221,114.37847222222221,114.37847222222221,114.37847222222221,114.37847222222221,113.93148232998611,0.9916741204965316,125.0,running,2021-08-01,114.37847222222221
2021-08-18 08:00:00,177.04027777777773,177.04027777777773,177.04027777777773,177.04027777777773,177.04027777777773,173.81898892957787,0.9923531786108152,163.0,running,2021-08-01,177.04027777777773
2021-08-18 09:00:00,177.01944444444447,177.01944444444447,177.01944444444447,177.01944444444447,177.01944444444447,173.36736419854657,0.9909278088485866,169.0,running,2021-08-01,177.01944444444447
2021-08-18 10:00:00,170.95416666666668,170.95416666666668,170.95416666666668,170.95416666666668,170.95416666666668,166.43055627183003,0.9887460211526644,159.0,running,2021-08-01,170.95416666666668
2021-08-18 11:00:00,176.7944444444444,176.7944444444444,176.7944444444444,176.7944444444444,176.7944444444444,174.9611294867113,0.9909959257901471,173.0,running,2021-08-01,176.7944444444444
2021-08-18 12:00:00,105.3555555555556,105.3555555555556,105.3555555555556,105.3555555555556,105.3555555555556,105.97975122624561,0.80437035315189,102.0,running,2021-08-01,105.3555555555556
2021-08-18 13:00:00,172.91249999999997,172.91249999999997,172.91249999999997,172.91249999999997,172.91249999999997,171.58540966895265,0.9906443351406047,171.0,running,2021-08-01,172.91249999999997
2021-08-18 14:00:00,171.35069444444443,171.35069444444443,171.35069444444443,171.35069444444443,171.35069444444443,169.88312129280723,0.99161836706749,179.0,running,2021-08-01,171.35069444444443
2021-08-18 15:00:00,162.37986111111107,162.37986111111107,162.37986111111107,162.37986111111107,162.37986111111107,161.59892274380834,0.9852584838450936,170.0,running,2021-08-01,162.37986111111107
2021-08-18 16:00:00,165.2368055555556,165.2368055555556,165.2368055555556,165.2368055555556,165.2368055555556,166.00577554191625,0.9891736591110057,166.0,running,2021-08-01,165.2368055555556
2021-08-18 17:00:00,138.63541666666666,138.63541666666666,138.63541666666666,138.63541666666666,138.63541666666666,138.3665614986079,0.9769673244304725,141.0,running,2021-08-01,138.63541666666666
2021-08-18 18:00:00,162.22986111111103,162.22986111111103,162.22986111111103,162.22986111111103,162.22986111111103,162.3087728346863,0.9902222637831711,164.0,running,2021-08-01,162.22986111111103
2021-08-18 19:00:00,144.35833333333332,144.35833333333332,144.35833333333332,144.35833333333332,144.35833333333332,143.80958925019038,0.988906634402684,143.0,running,2021-08-01,144.35833333333332
2021-08-18 20:00:00,116.64097222222222,116.64097222222222,116.64097222222222,116.64097222222222,116.64097222222222,117.04332896701291,0.8900807935405866,120.0,running,2021-08-01,116.64097222222222
2021-08-18 21:00:00,115.15277777777781,115.15277777777781,115.15277777777781,115.15277777777781,115.15277777777781,116.27315640096356,0.9641580972986022,115.0,running,2021-08-01,115.15277777777781
2021-08-18 22:00:00,109.27361111111112,109.27361111111112,109.27361111111112,109.27361111111112,109.27361111111112,109.67123850274395,0.9540873161463569,112.0,running,2021-08-01,109.27361111111112
2021-08-18 23:00:00,100.54236111111109,100.54236111111109,100.54236111111109,100.54236111111109,100.54236111111109,100.88878800111178,0.9420121560101468,105.0,running,2021-08-01,100.54236111111109
2021-08-19 00:00:00,76.74861111111112,76.74861111111112,76.74861111111112,76.74861111111112,76.74861111111112,76.95854767031949,0.8597427748237031,71.0,running,2021-08-01,76.74861111111112
2021-08-19 01:00:00,103.42916666666663,103.42916666666663,103.42916666666663,103.42916666666663,103.42916666666663,102.8329634366013,0.9713086807221729,102.0,running,2021-08-01,103.42916666666663
2021-08-19 02:00:00,105.79999999999998,105.79999999999998,105.79999999999998,105.79999999999998,105.79999999999998,106.3927948853068,0.9763095761976573,109.0,running,2021-08-01,105.79999999999998
2021-08-19 03:00:00,104.54166666666666,104.54166666666666,104.54166666666666,104.54166666666666,104.54166666666666,104.0713775432746,0.9536880431071804,109.0,running,2021-08-01,104.54166666666666
2021-08-19 04:00:00,107.0777777777778,107.0777777777778,107.0777777777778,107.0777777777778,107.0777777777778,106.57281409343035,0.9516767112252356,104.0,running,2021-08-01,107.0777777777778
2021-08-19 05:00:00,91.40694444444445,91.40694444444445,91.40694444444445,91.40694444444445,91.40694444444445,90.5869895137942,0.7349416682899415,88.0,running,2021-08-01,91.40694444444445
2021-08-19 06:00:00,105.30069444444445,105.30069444444445,105.30069444444445,105.30069444444445,105.30069444444445,106.85350150086828,0.9656476406530439,109.0,running,2021-08-01,105.30069444444445
2021-08-19 07:00:00,120.08333333333333,120.08333333333333,120.08333333333333,120.08333333333333,120.08333333333333,121.95791738345916,0.9934294012394619,123.0,running,2021-08-01,120.08333333333333
2021-08-19 08:00:00,181.7680555555555,181.7680555555555,181.7680555555555,181.7680555555555,181.7680555555555,180.40333140898866,0.9918764361459639,174.0,running,2021-08-01,181.7680555555555
2021-08-19 09:00:00,177.80277777777775,177.80277777777775,177.80277777777775,177.80277777777775,177.80277777777775,174.8306056941383,0.9890045074467578,174.0,running,2021-08-01,177.80277777777775
2021-08-19 10:00:00,178.2256944444444,178.2256944444444,178.2256944444444,178.2256944444444,178.2256944444444,175.17073807238887,0.9894891439724844,163.0,running,2021-08-01,178.2256944444444
2021-08-19 11:00:00,181.95138888888883,181.95138888888883,181.95138888888883,181.95138888888883,181.95138888888883,181.2289185079344,0.9923245934527297,177.0,running,2021-08-01,181.95138888888883
2021-08-19 12:00:00,105.94305555555553,105.94305555555553,105.94305555555553,105.94305555555553,105.94305555555553,107.3950586334907,0.8483501541103171,105.0,running,2021-08-01,105.94305555555553
2021-08-19 13:00:00,175.45694444444442,175.45694444444442,175.45694444444442,175.45694444444442,175.45694444444442,174.68058493998765,0.9851992484812503,168.0,running,2021-08-01,175.45694444444442
2021-08-19 14:00:00,174.7659722222222,174.7659722222222,174.7659722222222,174.7659722222222,174.7659722222222,173.59283611903902,0.9926406656593668,175.0,running,2021-08-01,174.7659722222222
2021-08-19 15:00:00,161.53750000000002,161.53750000000002,161.53750000000002,161.53750000000002,161.53750000000002,163.05593909823506,0.9889889658424067,170.0,running,2021-08-01,161.53750000000002
2021-08-19 16:00:00,165.87708333333342,165.87708333333342,165.87708333333342,165.87708333333342,165.87708333333342,166.44477619381743,0.98973238268786,166.0,running,2021-08-01,165.87708333333342
2021-08-19 17:00:00,137.19583333333333,137.19583333333333,137.19583333333333,137.19583333333333,137.19583333333333,137.8703258694651,0.9876483577069758,130.0,running,2021-08-01,137.19583333333333
2021-08-19 18:00:00,156.78888888888895,156.78888888888895,156.78888888888895,156.78888888888895,156.78888888888895,155.9259271966008,0.991109409957802,152.0,running,2021-08-01,156.78888888888895
2021-08-19 19:00:00,150.9541666666666,150.9541666666666,150.9541666666666,150.9541666666666,150.9541666666666,151.6411914844705,0.993193457123644,147.0,running,2021-08-01,150.9541666666666
2021-08-19 20:00:00,123.06388888888885,123.06388888888885,123.06388888888885,123.06388888888885,123.06388888888885,122.63990721921535,0.868049763367389,128.0,running,2021-08-01,123.06388888888885
2021-08-19 21:00:00,121.94861111111108,121.94861111111108,121.94861111111108,121.94861111111108,121.94861111111108,122.01467868034025,0.9652506010498023,121.0,running,2021-08-01,121.94861111111108
2021-08-19 22:00:00,112.33819444444445,112.33819444444445,112.33819444444445,112.33819444444445,112.33819444444445,113.12993969501031,0.9449812414758225,116.0,running,2021-08-01,112.33819444444445
2021-08-19 23:00:00,106.47708333333335,106.47708333333335,106.47708333333335,106.47708333333335,106.47708333333335,106.51059177250688,0.9242349981603518,110.0,running,2021-08-01,106.47708333333335
2021-08-20 00:00:00,74.03402777777778,74.03402777777778,74.03402777777778,74.03402777777778,74.03402777777778,74.94936461340103,0.7932008291138647,73.0,running,2021-08-01,74.03402777777778
2021-08-20 01:00:00,105.09027777777774,105.09027777777774,105.09027777777774,105.09027777777774,105.09027777777774,105.2969206058019,0.9692382843617786,101.0,running,2021-08-01,105.09027777777774
2021-08-20 02:00:00,107.975,107.975,107.975,107.975,107.975,107.34825126307912,0.9647623421918994,107.0,running,2021-08-01,107.975
2021-08-20 03:00:00,107.11041666666667,107.11041666666667,107.11041666666667,107.11041666666667,107.11041666666667,107.16972351179632,0.926237367857873,102.0,running,2021-08-01,107.11041666666667
2021-08-20 04:00:00,105.25763888888886,105.25763888888886,105.25763888888886,105.25763888888886,105.25763888888886,104.35955469945443,0.8592289626648769,99.0,running,2021-08-01,105.25763888888886
2021-08-20 05:00:00,89.46458333333334,89.46458333333334,89.46458333333334,89.46458333333334,89.46458333333334,90.29838308303837,0.8681543153734627,88.0,running,2021-08-01,89.46458333333334
2021-08-20 06:00:00,104.84097222222226,104.84097222222226,104.84097222222226,104.84097222222226,104.84097222222226,105.52100576387551,0.9521407851085136,111.0,running,2021-08-01,104.84097222222226
2021-08-20 07:00:00,122.38402777777779,122.38402777777779,122.38402777777779,122.38402777777779,122.38402777777779,122.49150660160538,0.9914551423461556,127.0,running,2021-08-01,122.38402777777779
2021-08-20 08:00:00,179.02361111111105,179.02361111111105,179.02361111111105,179.02361111111105,179.02361111111105,176.55982298877424,0.9875808259733115,171.0,running,2021-08-01,179.02361111111105
2021-08-20 09:00:00,180.59375,180.59375,180.59375,180.59375,180.59375,178.37248428272744,0.9886992811104939,165.0,running,2021-08-01,180.59375
2021-08-20 10:00:00,176.71388888888887,176.71388888888887,176.71388888888887,176.71388888888887,176.71388888888887,174.12426697378203,0.9893425587280426,157.0,running,2021-08-01,176.71388888888887
2021-08-20 11:00:00,179.68472222222218,179.68472222222218,179.68472222222218,179.68472222222218,179.68472222222218,178.51132312734387,0.9920663777486742,187.0,running,2021-08-01,179.68472222222218
2021-08-20 12:00:00,113.33958333333332,113.33958333333332,113.33958333333332,113.33958333333332,113.33958333333332,112.89020582102644,0.5978760041161784,111.0,running,2021-08-01,113.33958333333332
2021-08-20 13:00:00,180.34930555555556,180.34930555555556,180.34930555555556,180.34930555555556,180.34930555555556,180.22468145498664,0.9910156473453171,177.0,running,2021-08-01,180.34930555555556
2021-08-20 14:00:00,180.28263888888884,180.28263888888884,180.28263888888884,180.28263888888884,180.28263888888884,179.86795947769428,0.9903613544556238,175.0,running,2021-08-01,180.28263888888884
2021-08-20 15:00:00,164.60624999999996,164.60624999999996,164.60624999999996,164.60624999999996,164.60624999999996,164.9919532679414,0.9802500672791974,159.0,running,2021-08-01,164.60624999999996
2021-08-20 16:00:00,168.7826388888889,168.7826388888889,168.7826388888889,168.7826388888889,168.7826388888889,168.63153521301166,0.9914158402423836,171.0,running,2021-08-01,168.7826388888889
2021-08-20 17:00:00,140.76180555555553,140.76180555555553,140.76180555555553,140.76180555555553,140.76180555555553,139.91657083970136,0.9849939901583048,134.0,running,2021-08-01,140.76180555555553
2021-08-20 18:00:00,162.60347222222214,162.60347222222214,162.60347222222214,162.60347222222214,162.60347222222214,161.6533043808755,0.9905053514184642,155.0,running,2021-08-01,162.60347222222214
2021-08-20 19:00:00,144.1395833333333,144.1395833333333,144.1395833333333,144.1395833333333,144.1395833333333,144.1176334225829,0.9924783190758262,125.0,running,2021-08-01,144.1395833333333
2021-08-20 20:00:00,108.62569444444443,108.62569444444443,108.62569444444443,108.62569444444443,108.62569444444443,109.83705912437956,0.8785891980144117,114.0,running,2021-08-01,108.62569444444443
2021-08-20 21:00:00,113.62569444444443,113.62569444444443,113.62569444444443,113.62569444444443,113.62569444444443,114.90805952814645,0.9403670322621257,118.0,running,2021-08-01,113.62569444444443
2021-08-20 22:00:00,109.58055555555552,109.58055555555552,109.58055555555552,109.58055555555552,109.58055555555552,110.00409738240702,0.9426211586082645,106.0,running,2021-08-01,109.58055555555552
2021-08-20 23:00:00,103.07083333333334,103.07083333333334,103.07083333333334,103.07083333333334,103.07083333333334,103.61750131792732,0.924582319554508,98.0,running,2021-08-01,103.07083333333334
2021-08-21 00:00:00,63.66666666666666,63.66666666666666,63.66666666666666,63.66666666666666,63.66666666666666,64.49276921228953,0.606626557664803,63.0,running,2021-08-01,63.66666666666666
2021-08-21 01:00:00,101.84097222222218,101.84097222222218,101.84097222222218,101.84097222222218,101.84097222222218,101.52361893087287,0.9506936706972259,95.0,running,2021-08-01,101.84097222222218
2021-08-21 02:00:00,101.66180555555557,101.66180555555557,101.66180555555557,101.66180555555557,101.66180555555557,102.48147669829535,0.9635867909984964,104.0,running,2021-08-01,101.66180555555557
2021-08-21 03:00:00,99.50972222222225,99.50972222222225,99.50972222222225,99.50972222222225,99.50972222222225,99.83932917225465,0.8924070440241918,94.0,running,2021-08-01,99.50972222222225
2021-08-21 04:00:00,99.50763888888888,99.50763888888888,99.50763888888888,99.50763888888888,99.50763888888888,100.47328366342732,0.886104780809907,104.0,running,2021-08-01,99.50763888888888
2021-08-21 05:00:00,89.1548611111111,89.1548611111111,89.1548611111111,89.1548611111111,89.1548611111111,89.84348342325069,0.8812032381666672,95.0,running,2021-08-01,89.1548611111111
2021-08-21 06:00:00,101.18958333333332,101.18958333333332,101.18958333333332,101.18958333333332,101.18958333333332,99.86471320261485,0.8777709719755292,99.0,running,2021-08-01,101.18958333333332
2021-08-21 07:00:00,66.63194444444443,66.63194444444443,66.63194444444443,66.63194444444443,66.63194444444443,67.99218449983442,0.9327143956271103,69.0,running,2021-08-01,66.63194444444443
2021-08-21 08:00:00,28.806250000000002,28.806250000000002,28.806250000000002,28.806250000000002,28.806250000000002,30.14704320037368,0.2971520094950859,23.0,shutdown,2021-08-01,28.806250000000002
2021-08-21 09:00:00,22.934722222222216,22.934722222222216,22.934722222222216,22.934722222222216,22.934722222222216,24.51425807068884,0.07582011779418296,21.0,idle,2021-08-01,22.934722222222216
2021-08-21 10:00:00,21.515972222222224,21.515972222222224,21.515972222222224,21.515972222222224,21.515972222222224,22.11296821786534,0.024988198032572823,21.0,idle,2021-08-01,21.515972222222224
2021-08-21 11:00:00,23.21875,23.21875,23.21875,23.21875,23.21875,24.078306762673336,0.016966226892862327,23.0,idle,2021-08-01,23.21875
2021-08-21 12:00:00,22.03541666666667,22.03541666666667,22.03541666666667,22.03541666666667,22.03541666666667,22.302409338689543,0.007282184868190516,22.0,idle,2021-08-01,22.03541666666667
2021-08-21 13:00:00,22.288888888888895,22.288888888888895,22.288888888888895,22.288888888888895,22.288888888888895,22.578504750231815,0.0038097363364729326,21.0,idle,2021-08-01,22.288888888888895
2021-08-21 14:00:00,21.0,21.20972222222223,21.0,21.0,21.000868402873134,21.400973594229793,0.004140728931513957,23.0,idle,2021-08-01,21.0
2021-08-21 15:00:00,23.0,22.724305555555553,23.0,23.0,22.99889118322578,23.04286500226938,0.004021904672234973,22.0,idle,2021-08-01,23.0
2021-08-21 16:00:00,22.0,21.78229166666667,22.0,22.0,21.99923670365136,21.87388025849998,0.003506050213862993,22.0,idle,2021-08-01,22.0
2021-08-21 17:00:00,22.0,23.02256944444445,22.0,22.0,22.00338371432601,23.17381301412679,0.0033090313273014585,22.0,idle,2021-08-01,22.0
2021-08-21 18:00:00,22.0,23.10902777777778,22.0,22.0,22.00491991947721,23.377784275721858,0.004436245489783145,25.0,idle,2021-08-01,22.0
2021-08-21 19:00:00,25.0,22.265624999999996,25.0,25.0,24.98996887967923,22.501331188074325,0.0036685240030257965,21.0,idle,2021-08-01,25.0
2021-08-21 20:00:00,21.0,21.24305555555556,21.0,21.0,21.000781695479013,21.440952600393132,0.0032161185422219045,22.0,idle,2021-08-01,21.0
2021-08-21 21:00:00,22.0,23.30416666666667,22.0,22.0,22.00418252949119,23.42410689635595,0.003207051367046768,23.0,idle,2021-08-01,22.0
2021-08-21 22:00:00,23.0,23.03263888888889,23.0,23.0,23.00012879920166,22.8387362970995,0.003946188306188445,25.0,idle,2021-08-01,23.0
2021-08-21 23:00:00,25.0,22.511111111111113,25.0,25.0,24.990170209665646,22.556856137013753,0.003949469330767144,22.0,idle,2021-08-01,25.0
2021-08-22 00:00:00,22.0,22.848611111111115,22.0,22.0,22.006163489108413,22.9086013979284,0.007263031355250367,22.0,idle,2021-08-01,22.0
2021-08-22 01:00:00,22.0,23.839583333333337,22.0,22.0,22.007257648518994,23.81094555972704,0.003945267598093423,23.0,idle,2021-08-01,22.0
2021-08-22 02:00:00,23.0,22.68333333333334,23.0,23.0,22.998719418748767,22.849087825323988,0.004043940793368687,24.0,idle,2021-08-01,23.0
2021-08-22 03:00:00,24.0,22.500694444444445,24.0,24.0,23.99357346996169,22.552035087302816,0.0042863377745102765,23.0,idle,2021-08-01,24.0
2021-08-22 04:00:00,23.0,21.870833333333334,23.0,23.0,22.995789196133792,22.25249745980944,0.0037291251951689203,22.0,idle,2021-08-01,23.0
2021-08-22 05:00:00,22.0,22.590277777777782,22.0,22.0,22.00221600652783,23.079040140220787,0.003754175764790685,24.0,idle,2021-08-01,22.0
2021-08-22 06:00:00,24.0,22.29041666666666,24.0,24.0,23.993899823143774,22.626205836298464,0.0035682243370575854,22.0,idle,2021-08-01,24.0
2021-08-22 07:00:00,22.0,22.8125,22.0,22.0,22.003316438298533,23.249271549874937,0.004081770213578113,22.0,idle,2021-08-01,22.0
2021-08-22 08:00:00,22.0,23.66111111111111,22.0,22.0,22.014163290966813,23.972239480578494,0.008526395899754464,22.0,idle,2021-08-01,22.0
2021-08-22 09:00:00,22.0,23.06597222222223,22.0,22.0,22.005849937847525,23.323162759523633,0.005487889576833737,24.0,idle,2021-08-01,22.0
2021-08-22 10:00:00,24.0,22.00868055555555,24.0,24.0,23.991539180933174,22.120440604667372,0.004248850725800278,22.0,idle,2021-08-01,24.0
2021-08-22 11:00:00,22.0,22.395833333333332,22.0,22.0,22.00158658191531,22.49028279280041,0.004008206943938756,22.0,idle,2021-08-01,22.0
2021-08-22 12:00:00,22.0,22.527430555555554,22.0,22.0,22.003666488083283,22.792887608944994,0.006951603475871875,23.0,idle,2021-08-01,22.0
2021-08-22 13:00:00,23.0,23.635416666666668,23.0,23.0,23.00227339866557,23.57871332482657,0.003577807735975658,24.0,idle,2021-08-01,23.0
2021-08-22 14:00:00,24.0,22.07847222222222,24.0,24.0,23.99295498041157,22.20550212957276,0.0036663636455852083,23.0,idle,2021-08-01,24.0
2021-08-22 15:00:00,23.0,22.869444444444454,23.0,23.0,22.99956440745489,22.800578875358685,0.0033364535370004754,23.0,idle,2021-08-01,23.0
2021-08-22 16:00:00,23.0,23.575694444444437,23.0,23.0,23.00205972403689,23.796376315366643,0.003577807735975658,25.0,idle,2021-08-01,23.0
2021-08-22 17:00:00,25.0,22.730555555555554,25.0,25.0,24.992102996641176,22.724964699358527,0.0034797077223697507,22.0,idle,2021-08-01,25.0
2021-08-22 18:00:00,22.0,22.498611111111114,22.0,22.0,22.003889729961237,22.552825872442323,0.007801129727276426,22.0,idle,2021-08-01,22.0
2021-08-22 19:00:00,22.0,23.604861111111116,22.0,22.0,22.005327051787834,23.705104288201678,0.003319322619851947,22.0,idle,2021-08-01,22.0
2021-08-22 20:00:00,22.0,23.887500000000006,22.0,22.0,22.006966062176012,23.68814775369975,0.0036906289674227895,24.0,idle,2021-08-01,22.0
2021-08-22 21:00:00,24.0,22.90694444444445,24.0,24.0,23.996285297344564,22.781015533881813,0.0033984573213633688,22.0,idle,2021-08-01,24.0
2021-08-22 22:00:00,22.0,23.08263888888889,22.0,22.0,22.00355678459413,23.0617408885893,0.0032852917354364926,23.0,idle,2021-08-01,22.0
2021-08-22 23:00:00,23.0,23.97222222222222,23.0,23.0,23.003116507139563,24.151741428205295,0.0032055502006928882,23.0,idle,2021-08-01,23.0
2021-08-23 00:00:00,23.0,27.748750000000005,23.0,23.0,23.041442012176127,28.42139219358187,0.00872693070305335,23.0,idle,2021-08-01,23.0
2021-08-23 01:00:00,23.0,24.07534722222223,23.0,23.0,23.00508384897217,24.434279883419546,0.004727634820747333,23.0,idle,2021-08-01,23.0
2021-08-23 02:00:00,23.0,24.81527777777778,23.0,23.0,23.007346767234132,25.09813523495877,0.004047186234564535,23.0,idle,2021-08-01,23.0
2021-08-23 03:00:00,23.0,24.69166666666667,23.0,23.0,23.00726132497324,24.8593310941696,0.0042924088511758504,24.0,idle,2021-08-01,23.0
2021-08-23 04:00:00,24.0,23.363888888888887,24.0,24.0,23.997269551036336,23.970227311374977,0.0042924088511758504,22.0,idle,2021-08-01,24.0
2021-08-23 05:00:00,22.0,23.68472222222223,22.0,22.0,22.00734682683232,24.216657972443755,0.004360853519596104,22.0,idle,2021-08-01,22.0
2021-08-23 06:00:00,22.0,24.884722222222226,22.0,22.0,22.01361505802968,24.783042555487995,0.004719711979474075,21.0,idle,2021-08-01,22.0
2021-08-23 07:00:00,21.0,57.48125000000002,21.0,21.0,22.8505393954322,56.99615319035341,0.05072576722102997,58.0,idle,2021-08-01,21.0
2021-08-23 08:00:00,177.09236111111105,177.09236111111105,177.09236111111105,177.09236111111105,177.09236111111105,175.74165799072557,0.9281377381212796,167.0,startup,2021-08-01,177.09236111111105
2021-08-23 09:00:00,175.87013888888885,175.87013888888885,175.87013888888885,175.87013888888885,175.87013888888885,174.31454997266357,0.9903635416778223,180.0,running,2021-08-01,175.87013888888885
2021-08-23 10:00:00,167.44652777777776,167.44652777777776,167.44652777777776,167.44652777777776,167.44652777777776,167.40240033110058,0.985369325662515,170.0,running,2021-08-01,167.44652777777776
2021-08-23 11:00:00,177.79999999999993,177.79999999999993,177.79999999999993,177.79999999999993,177.79999999999993,175.1411479297473,0.9873952372329549,184.0,running,2021-08-01,177.79999999999993
2021-08-23 12:00:00,114.17569444444445,114.17569444444445,114.17569444444445,114.17569444444445,114.17569444444445,114.1340045780718,0.8425344379706476,116.0,running,2021-08-01,114.17569444444445
2021-08-23 13:00:00,175.02361111111114,175.02361111111114,175.02361111111114,175.02361111111114,175.02361111111114,176.15836312053054,0.9886721914111579,184.0,running,2021-08-01,175.02361111111114
2021-08-23 14:00:00,169.73888888888888,169.73888888888888,169.73888888888888,169.73888888888888,169.73888888888888,169.8053636757721,0.9854448614989542,184.0,running,2021-08-01,169.73888888888888
2021-08-23 15:00:00,161.5743055555555,161.5743055555555,161.5743055555555,161.5743055555555,161.5743055555555,156.7173287499768,0.9877195875283702,180.0,running,2021-08-01,161.5743055555555
2021-08-23 16:00:00,149.4333333333333,149.4333333333333,149.4333333333333,149.4333333333333,149.4333333333333,148.36817290548788,0.9514631422500797,172.0,running,2021-08-01,149.4333333333333
2021-08-23 17:00:00,134.15972222222223,134.15972222222223,134.15972222222223,134.15972222222223,134.15972222222223,136.7120492519979,0.9575890277515512,142.0,running,2021-08-01,134.15972222222223
2021-08-23 18:00:00,148.32638888888886,148.32638888888886,148.32638888888886,148.32638888888886,148.32638888888886,143.97202263474142,0.9302154634583057,156.0,running,2021-08-01,148.32638888888886
2021-08-23 19:00:00,123.37986111111111,123.37986111111111,123.37986111111111,123.37986111111111,123.37986111111111,123.13882387084921,0.8559977194785148,129.0,running,2021-08-01,123.37986111111111
2021-08-23 20:00:00,110.58680555555559,110.58680555555559,110.58680555555559,110.58680555555559,110.58680555555559,110.15272173641785,0.9186462852758989,112.0,running,2021-08-01,110.58680555555559
2021-08-23 21:00:00,111.07222222222227,111.07222222222227,111.07222222222227,111.07222222222227,111.07222222222227,109.9253816336315,0.9588220530317024,111.0,running,2021-08-01,111.07222222222227
2021-08-23 22:00:00,102.0673611111111,102.0673611111111,102.0673611111111,102.0673611111111,102.0673611111111,102.56566082331311,0.8794267470073689,109.0,running,2021-08-01,102.0673611111111
2021-08-23 23:00:00,100.30555555555556,100.30555555555556,100.30555555555556,100.30555555555556,100.30555555555556,100.88603839172102,0.8362135643437404,96.0,running,2021-08-01,100.30555555555556
2021-08-24 00:00:00,63.21388888888891,63.21388888888891,63.21388888888891,63.21388888888891,63.21388888888891,63.50356092587439,0.7060930796176638,65.0,shutdown,2021-08-01,63.21388888888891
2021-08-24 01:00:00,102.72430555555553,102.72430555555553,102.72430555555553,102.72430555555553,102.72430555555553,102.91160050411193,0.8821279160333174,105.0,startup,2021-08-01,102.72430555555553
2021-08-24 02:00:00,105.6319444444444,105.6319444444444,105.6319444444444,105.6319444444444,105.6319444444444,106.74895142060632,0.9708823619567861,110.0,running,2021-08-01,105.6319444444444
2021-08-24 03:00:00,101.59305555555557,101.59305555555557,101.59305555555557,101.59305555555557,101.59305555555557,102.21428947845854,0.9187116982886029,105.0,running,2021-08-01,101.59305555555557
2021-08-24 04:00:00,101.82083333333335,101.82083333333335,101.82083333333335,101.82083333333335,101.82083333333335,100.92477958278211,0.9525232969833162,108.0,running,2021-08-01,101.82083333333335
2021-08-24 05:00:00,91.47222222222223,91.47222222222223,91.47222222222223,91.47222222222223,91.47222222222223,91.45589955028788,0.8974891248115981,88.0,running,2021-08-01,91.47222222222223
2021-08-24 06:00:00,105.28124999999999,105.28124999999999,105.28124999999999,105.28124999999999,105.28124999999999,104.6167340395464,0.840504147531174,109.0,running,2021-08-01,105.28124999999999
2021-08-24 07:00:00,128.88125000000002,128.88125000000002,128.88125000000002,128.88125000000002,128.88125000000002,129.7615983170603,0.9679438274751387,131.0,running,2021-08-01,128.88125000000002
2021-08-24 08:00:00,179.95486111111106,179.95486111111106,179.95486111111106,179.95486111111106,179.95486111111106,179.32993221836378,0.9934391221100839,187.0,running,2021-08-01,179.95486111111106
2021-08-24 09:00:00,182.3097222222222,182.3097222222222,182.3097222222222,182.3097222222222,182.3097222222222,182.2385564708496,0.9922859986976469,181.0,running,2021-08-01,182.3097222222222
2021-08-24 10:00:00,175.015625,175.015625,175.015625,175.015625,175.015625,173.67123683819295,0.9936256790693222,171.0,running,2021-08-01,175.015625
2021-08-24 11:00:00,184.10555555555544,184.10555555555544,184.10555555555544,184.10555555555544,184.10555555555544,182.27226628968924,0.9941593314950593,183.0,running,2021-08-01,184.10555555555544
2021-08-24 12:00:00,112.51458333333332,112.51458333333332,112.51458333333332,112.51458333333332,112.51458333333332,112.15321072252897,0.9200096952917688,115.0,running,2021-08-01,112.51458333333332
2021-08-24 13:00:00,179.81944444444437,179.81944444444437,179.81944444444437,179.81944444444437,179.81944444444437,179.53535877078957,0.9938984019408224,174.0,running,2021-08-01,179.81944444444437
2021-08-24 14:00:00,177.69513888888883,177.69513888888883,177.69513888888883,177.69513888888883,177.69513888888883,178.02122659503823,0.9945297908895007,186.0,running,2021-08-01,177.69513888888883
2021-08-24 15:00:00,167.44236111111113,167.44236111111113,167.44236111111113,167.44236111111113,167.44236111111113,167.62930260721066,0.9895883923390024,175.0,running,2021-08-01,167.44236111111113
2021-08-24 16:00:00,176.17638888888894,176.17638888888894,176.17638888888894,176.17638888888894,176.17638888888894,176.26105241878474,0.992572415744749,184.0,running,2021-08-01,176.17638888888894
2021-08-24 17:00:00,137.71666666666673,137.71666666666673,137.71666666666673,137.71666666666673,137.71666666666673,137.89690387875234,0.9503755390492863,139.0,running,2021-08-01,137.71666666666673
2021-08-24 18:00:00,157.41736111111112,157.41736111111112,157.41736111111112,157.41736111111112,157.41736111111112,157.27099937381954,0.993656582286561,152.0,running,2021-08-01,157.41736111111112
2021-08-24 19:00:00,142.44305555555553,142.44305555555553,142.44305555555553,142.44305555555553,142.44305555555553,141.46871715357435,0.9928297147719634,150.0,running,2021-08-01,142.44305555555553
2021-08-24 20:00:00,130.01736111111111,130.01736111111111,130.01736111111111,130.01736111111111,130.01736111111111,128.1647316610683,0.9653094246691921,121.0,shutdown,2021-08-01,130.01736111111111
2021-08-24 21:00:00,118.27013888888891,118.27013888888891,118.27013888888891,118.27013888888891,118.27013888888891,118.93642884217014,0.9625108634299466,121.0,startup,2021-08-01,118.27013888888891
2021-08-24 22:00:00,109.63680555555555,109.63680555555555,109.63680555555555,109.63680555555555,109.63680555555555,110.06658578284497,0.9632555506336209,113.0,running,2021-08-01,109.63680555555555
2021-08-24 23:00:00,103.07569444444445,103.07569444444445,103.07569444444445,103.07569444444445,103.07569444444445,102.85982176061201,0.9573002443818747,99.0,running,2021-08-01,103.07569444444445
2021-08-25 00:00:00,65.24791666666667,65.24791666666667,65.24791666666667,65.24791666666667,65.24791666666667,65.83195225262963,0.5858209044091282,77.0,shutdown,2021-08-01,65.24791666666667
2021-08-25 01:00:00,102.17673611111105,102.17673611111105,102.17673611111105,102.17673611111105,102.17673611111105,101.86062317734626,0.8938594396401485,104.0,startup,2021-08-01,102.17673611111105
2021-08-25 02:00:00,106.82777777777778,106.82777777777778,106.82777777777778,106.82777777777778,106.82777777777778,107.7188337037135,0.977293799536263,109.0,running,2021-08-01,106.82777777777778
2021-08-25 03:00:00,102.63819444444445,102.63819444444445,102.63819444444445,102.63819444444445,102.63819444444445,102.799902285017,0.9202742299747269,99.0,running,2021-08-01,102.63819444444445
2021-08-25 04:00:00,100.76249999999999,100.76249999999999,100.76249999999999,100.76249999999999,100.76249999999999,102.52984811522508,0.9585427585229936,109.0,running,2021-08-01,100.76249999999999
2021-08-25 05:00:00,91.91666666666669,91.91666666666669,91.91666666666669,91.91666666666669,91.91666666666669,92.00537686124622,0.8878747069026082,91.0,running,2021-08-01,91.91666666666669
2021-08-25 06:00:00,106.65347222222222,106.65347222222222,106.65347222222222,106.65347222222222,106.65347222222222,106.65643702832196,0.9513778325797642,104.0,running,2021-08-01,106.65347222222222
2021-08-25 07:00:00,120.78472222222226,120.78472222222226,120.78472222222226,120.78472222222226,120.78472222222226,123.88799770405039,0.9742873750569161,139.0,running,2021-08-01,120.78472222222226
2021-08-25 08:00:00,185.10138888888886,185.10138888888886,185.10138888888886,185.10138888888886,185.10138888888886,183.34443633445198,0.990588955751545,174.0,running,2021-08-01,185.10138888888886
2021-08-25 09:00:00,180.32430555555553,180.32430555555553,180.32430555555553,180.32430555555553,180.32430555555553,178.66400775951885,0.9722332334883457,171.0,running,2021-08-01,180.32430555555553
2021-08-25 10:00:00,176.0298611111111,176.0298611111111,176.0298611111111,176.0298611111111,176.0298611111111,174.9022508768664,0.9852343338263795,177.0,running,2021-08-01,176.0298611111111
2021-08-25 11:00:00,184.44722222222214,184.44722222222214,184.44722222222214,184.44722222222214,184.44722222222214,182.9433163520845,0.9871525700758037,173.0,running,2021-08-01,184.44722222222214
2021-08-25 12:00:00,110.19583333333335,110.19583333333335,110.19583333333335,110.19583333333335,110.19583333333335,110.30584547491182,0.7901154678600476,110.0,running,2021-08-01,110.19583333333335
2021-08-25 13:00:00,176.84444444444446,176.84444444444446,176.84444444444446,176.84444444444446,176.84444444444446,176.15944781555746,0.9908864633599308,174.0,running,2021-08-01,176.84444444444446
2021-08-25 14:00:00,179.3791666666666,179.3791666666666,179.3791666666666,179.3791666666666,179.3791666666666,177.57241916809056,0.9836938456922374,177.0,running,2021-08-01,179.3791666666666
2021-08-25 15:00:00,167.17291666666668,167.17291666666668,167.17291666666668,167.17291666666668,167.17291666666668,167.14548361824106,0.9911711360785614,169.0,running,2021-08-01,167.17291666666668
2021-08-25 16:00:00,171.6486111111111,171.6486111111111,171.6486111111111,171.6486111111111,171.6486111111111,171.63885373577585,0.9917377855637709,162.0,running,2021-08-01,171.6486111111111
2021-08-25 17:00:00,141.66597222222222,141.66597222222222,141.66597222222222,141.66597222222222,141.66597222222222,142.07703513417857,0.9882317568347267,146.0,running,2021-08-01,141.66597222222222
2021-08-25 18:00:00,162.38888888888886,162.38888888888886,162.38888888888886,162.38888888888886,162.38888888888886,162.1808013622243,0.9910192455916542,167.0,running,2021-08-01,162.38888888888886
2021-08-25 19:00:00,145.47569444444443,145.47569444444443,145.47569444444443,145.47569444444443,145.47569444444443,147.22965019892854,0.9906523449617214,139.0,running,2021-08-01,145.47569444444443
2021-08-25 20:00:00,113.29652777777775,113.29652777777775,113.29652777777775,113.29652777777775,113.29652777777775,113.68728743290004,0.8484536518255962,111.0,running,2021-08-01,113.29652777777775
2021-08-25 21:00:00,115.07847222222223,115.07847222222223,115.07847222222223,115.07847222222223,115.07847222222223,116.32275288958488,0.9491190867833882,121.0,running,2021-08-01,115.07847222222223
2021-08-25 22:00:00,110.3263888888889,110.3263888888889,110.3263888888889,110.3263888888889,110.3263888888889,111.03038737875026,0.9530535686354502,110.0,running,2021-08-01,110.3263888888889
2021-08-25 23:00:00,103.0875,103.0875,103.0875,103.0875,103.0875,103.50262891719152,0.9431597721290551,105.0,running,2021-08-01,103.0875
2021-08-26 00:00:00,67.53888888888888,67.53888888888888,67.53888888888888,67.53888888888888,67.53888888888888,65.70902995220015,0.497880286896699,72.0,running,2021-08-01,67.53888888888888
2021-08-26 01:00:00,104.02916666666668,104.02916666666668,104.02916666666668,104.02916666666668,104.02916666666668,104.4136647263158,0.96892311831155,103.0,running,2021-08-01,104.02916666666668
2021-08-26 02:00:00,106.85972222222223,106.85972222222223,106.85972222222223,106.85972222222223,106.85972222222223,107.17801014916377,0.9475139314574239,115.0,running,2021-08-01,106.85972222222223
2021-08-26 03:00:00,108.6902777777778,108.6902777777778,108.6902777777778,108.6902777777778,108.6902777777778,108.50635945767529,0.9621956462557765,99.0,running,2021-08-01,108.6902777777778
2021-08-26 04:00:00,104.87430555555557,104.87430555555557,104.87430555555557,104.87430555555557,104.87430555555557,104.819717178438,0.948094812259954,110.0,running,2021-08-01,104.87430555555557
2021-08-26 05:00:00,92.33472222222223,92.33472222222223,92.33472222222223,92.33472222222223,92.33472222222223,91.86123663699041,0.9185268730826867,92.0,running,2021-08-01,92.33472222222223
2021-08-26 06:00:00,107.71249999999995,107.71249999999995,107.71249999999995,107.71249999999995,107.71249999999995,107.66128661370217,0.9593528606411648,105.0,running,2021-08-01,107.71249999999995
2021-08-26 07:00:00,124.09097222222226,124.09097222222226,124.09097222222226,124.09097222222226,124.09097222222226,125.45756943990038,0.9720210318594819,134.0,running,2021-08-01,124.09097222222226
2021-08-26 08:00:00,180.10694444444445,180.10694444444445,180.10694444444445,180.10694444444445,180.10694444444445,178.03439645224807,0.9901932088632353,183.0,running,2021-08-01,180.10694444444445
2021-08-26 09:00:00,184.05416666666667,184.05416666666667,184.05416666666667,184.05416666666667,184.05416666666667,182.11977058659488,0.9912676987955789,195.0,running,2021-08-01,184.05416666666667
2021-08-26 10:00:00,182.00763888888886,182.00763888888886,182.00763888888886,182.00763888888886,182.00763888888886,180.64116520501307,0.9880586132244766,180.0,running,2021-08-01,182.00763888888886
2021-08-26 11:00:00,187.06874999999994,187.06874999999994,187.06874999999994,187.06874999999994,187.06874999999994,185.26280396903348,0.9912914883927029,188.0,running,2021-08-01,187.06874999999994
2021-08-26 12:00:00,116.93541666666668,116.93541666666668,116.93541666666668,116.93541666666668,116.93541666666668,114.63995914031783,0.5191838071570865,111.0,running,2021-08-01,116.93541666666668
2021-08-26 13:00:00,183.0020833333333,183.0020833333333,183.0020833333333,183.0020833333333,183.0020833333333,182.39495282197748,0.9879649583510514,183.0,running,2021-08-01,183.0020833333333
2021-08-26 14:00:00,187.18888888888893,187.18888888888893,187.18888888888893,187.18888888888893,187.18888888888893,186.87829564449405,0.9910683685018269,185.0,running,2021-08-01,187.18888888888893
2021-08-26 15:00:00,170.3881944444444,170.3881944444444,170.3881944444444,170.3881944444444,170.3881944444444,169.52313218863128,0.9881456160091006,188.0,running,2021-08-01,170.3881944444444
2021-08-26 16:00:00,175.35972222222225,175.35972222222225,175.35972222222225,175.35972222222225,175.35972222222225,174.25098098798412,0.9885482578891336,173.0,running,2021-08-01,175.35972222222225
2021-08-26 17:00:00,141.47222222222223,141.47222222222223,141.47222222222223,141.47222222222223,141.47222222222223,140.55110133363164,0.9871591512207516,132.0,running,2021-08-01,141.47222222222223
2021-08-26 18:00:00,162.13611111111112,162.13611111111112,162.13611111111112,162.13611111111112,162.13611111111112,161.69063025783512,0.9889456681425594,162.0,running,2021-08-01,162.13611111111112
2021-08-26 19:00:00,153.07083333333333,153.07083333333333,153.07083333333333,153.07083333333333,153.07083333333333,152.28818521091492,0.9888823527642285,156.0,running,2021-08-01,153.07083333333333
2021-08-26 20:00:00,120.47222222222223,120.47222222222223,120.47222222222223,120.47222222222223,120.47222222222223,120.41906631382798,0.9462760371886801,116.0,running,2021-08-01,120.47222222222223
2021-08-26 21:00:00,115.91319444444443,115.91319444444443,115.91319444444443,115.91319444444443,115.91319444444443,116.83236878297403,0.9675436617468608,125.0,running,2021-08-01,115.91319444444443
2021-08-26 22:00:00,113.38125,113.38125,113.38125,113.38125,113.38125,114.67524487508098,0.942941048046621,111.0,running,2021-08-01,113.38125
2021-08-26 23:00:00,104.12222222222223,104.12222222222223,104.12222222222223,104.12222222222223,104.12222222222223,104.28474402192695,0.8993430626911992,105.0,running,2021-08-01,104.12222222222223
2021-08-27 00:00:00,70.94513888888888,70.94513888888888,70.94513888888888,70.94513888888888,70.94513888888888,69.49172819363503,0.5495217078656788,72.0,shutdown,2021-08-01,70.94513888888888
2021-08-27 01:00:00,104.41041666666668,104.41041666666668,104.41041666666668,104.41041666666668,104.41041666666668,105.190908765672,0.9133585484002801,102.0,startup,2021-08-01,104.41041666666668
2021-08-27 02:00:00,107.89374999999997,107.89374999999997,107.89374999999997,107.89374999999997,107.89374999999997,109.00828047683274,0.9662253559315168,111.0,running,2021-08-01,107.89374999999997
2021-08-27 03:00:00,105.14930555555559,105.14930555555559,105.14930555555559,105.14930555555559,105.14930555555559,105.59456884962536,0.9508746314158764,102.0,running,2021-08-01,105.14930555555559
2021-08-27 04:00:00,107.74305555555557,107.74305555555557,107.74305555555557,107.74305555555557,107.74305555555557,107.53469827804281,0.9516283306829182,108.0,running,2021-08-01,107.74305555555557
2021-08-27 05:00:00,92.58750000000003,92.58750000000003,92.58750000000003,92.58750000000003,92.58750000000003,91.83627597491059,0.8373418212421069,86.0,running,2021-08-01,92.58750000000003
2021-08-27 06:00:00,105.21250000000002,105.21250000000002,105.21250000000002,105.21250000000002,105.21250000000002,105.53079758767959,0.9723130949670614,101.0,running,2021-08-01,105.21250000000002
2021-08-27 07:00:00,116.44722222222224,116.44722222222224,116.44722222222224,116.44722222222224,116.44722222222224,120.39140299610732,0.9895625394632594,125.0,running,2021-08-01,116.44722222222224
2021-08-27 08:00:00,180.66527777777773,180.66527777777773,180.66527777777773,180.66527777777773,180.66527777777773,180.05638342605275,0.9869621422297599,181.0,running,2021-08-01,180.66527777777773
2021-08-27 09:00:00,183.14166666666662,183.14166666666662,183.14166666666662,183.14166666666662,183.14166666666662,182.66801112284983,0.9892980871382109,176.0,running,2021-08-01,183.14166666666662
2021-08-27 10:00:00,174.8020833333333,174.8020833333333,174.8020833333333,174.8020833333333,174.8020833333333,174.30443587596437,0.9826276377503608,169.0,running,2021-08-01,174.8020833333333
2021-08-27 11:00:00,186.39236111111106,186.39236111111106,186.39236111111106,186.39236111111106,186.39236111111106,185.597165166468,0.9924459076781278,175.0,running,2021-08-01,186.39236111111106
2021-08-27 12:00:00,107.31666666666668,107.31666666666668,107.31666666666668,107.31666666666668,107.31666666666668,108.45753938185096,0.5572961916757565,106.0,running,2021-08-01,107.31666666666668
2021-08-27 13:00:00,178.95763888888888,178.95763888888888,178.95763888888888,178.95763888888888,178.95763888888888,177.85667945584402,0.9912239991243884,173.0,running,2021-08-01,178.95763888888888
2021-08-27 14:00:00,178.13958333333326,178.13958333333326,178.13958333333326,178.13958333333326,178.13958333333326,176.79410133294175,0.9869292726456038,165.0,running,2021-08-01,178.13958333333326
2021-08-27 15:00:00,162.3618055555556,162.3618055555556,162.3618055555556,162.3618055555556,162.3618055555556,164.11668366971847,0.9903053192748121,162.0,running,2021-08-01,162.3618055555556
2021-08-27 16:00:00,165.3548611111112,165.3548611111112,165.3548611111112,165.3548611111112,165.3548611111112,165.72603213057238,0.9870449775713502,156.0,running,2021-08-01,165.3548611111112
2021-08-27 17:00:00,138.93194444444447,138.93194444444447,138.93194444444447,138.93194444444447,138.93194444444447,138.3677636807806,0.9858715436746599,142.0,running,2021-08-01,138.93194444444447
2021-08-27 18:00:00,156.9222222222222,156.9222222222222,156.9222222222222,156.9222222222222,156.9222222222222,156.01177707410687,0.99151995907361,143.0,running,2021-08-01,156.9222222222222
2021-08-27 19:00:00,129.60208333333333,129.60208333333333,129.60208333333333,129.60208333333333,129.60208333333333,131.47151754318025,0.9549117027727458,127.0,running,2021-08-01,129.60208333333333
2021-08-27 20:00:00,112.52708333333332,112.52708333333332,112.52708333333332,112.52708333333332,112.52708333333332,112.77124199272797,0.8469435665930277,108.0,running,2021-08-01,112.52708333333332
2021-08-27 21:00:00,108.91111111111111,108.91111111111111,108.91111111111111,108.91111111111111,108.91111111111111,109.21344839536289,0.9549336260233648,107.0,running,2021-08-01,108.91111111111111
2021-08-27 22:00:00,103.37916666666666,103.37916666666666,103.37916666666666,103.37916666666666,103.37916666666666,103.56248012026678,0.9487961707721777,96.0,running,2021-08-01,103.37916666666666
2021-08-27 23:00:00,98.39166666666671,98.39166666666671,98.39166666666671,98.39166666666671,98.39166666666671,98.70152243677354,0.94130062434811,102.0,running,2021-08-01,98.39166666666671
2021-08-28 00:00:00,63.81666666666668,63.81666666666668,63.81666666666668,63.81666666666668,63.81666666666668,64.77475743544312,0.5739281227480055,72.0,running,2021-08-01,63.81666666666668
2021-08-28 01:00:00,102.31388888888888,102.31388888888888,102.31388888888888,102.31388888888888,102.31388888888888,101.5116748061146,0.9500540749113812,104.0,running,2021-08-01,102.31388888888888
2021-08-28 02:00:00,105.58958333333334,105.58958333333334,105.58958333333334,105.58958333333334,105.58958333333334,105.81154895648585,0.962112097718845,111.0,running,2021-08-01,105.58958333333334
2021-08-28 03:00:00,102.38680555555558,102.38680555555558,102.38680555555558,102.38680555555558,102.38680555555558,100.25644114904303,0.90513940676318,102.0,running,2021-08-01,102.38680555555558
2021-08-28 04:00:00,104.20486111111113,104.20486111111113,104.20486111111113,104.20486111111113,104.20486111111113,103.98110693937767,0.8956085087954375,103.0,running,2021-08-01,104.20486111111113
2021-08-28 05:00:00,88.96111111111114,88.96111111111114,88.96111111111114,88.96111111111114,88.96111111111114,89.40898068275152,0.808990507990523,87.0,running,2021-08-01,88.96111111111114
2021-08-28 06:00:00,102.61180555555555,102.61180555555555,102.61180555555555,102.61180555555555,102.61180555555555,103.24998049832608,0.9483017372421357,98.0,running,2021-08-01,102.61180555555555
2021-08-28 07:00:00,69.02777777777781,69.02777777777781,69.02777777777781,69.02777777777781,69.02777777777781,68.34541049112443,0.9663807517149315,66.0,running,2021-08-01,69.02777777777781
2021-08-28 08:00:00,37.08472222222223,37.08472222222223,37.08472222222223,37.08472222222223,37.08472222222223,34.17156641483607,0.20406203377864446,35.0,shutdown,2021-08-01,37.08472222222223
2021-08-28 09:00:00,44.145138888888866,44.145138888888866,44.145138888888866,44.145138888888866,44.145138888888866,39.40197707708222,0.1891356971361065,36.0,idle,2021-08-01,44.145138888888866
2021-08-28 10:00:00,46.24513888888887,46.24513888888887,46.24513888888887,46.24513888888887,46.24513888888887,38.447538078327376,0.05939597959357058,38.0,idle,2021-08-01,46.24513888888887
2021-08-28 11:00:00,52.02847222222219,52.02847222222219,52.02847222222219,52.02847222222219,52.02847222222219,49.389506090356704,0.04486121191154497,37.0,idle,2021-08-01,52.02847222222219
2021-08-28 12:00:00,46.163194444444436,46.163194444444436,46.163194444444436,46.163194444444436,46.163194444444436,43.0944882518857,0.016482841673107367,38.0,idle,2021-08-01,46.163194444444436
2021-08-28 13:00:00,50.65694444444443,50.65694444444443,50.65694444444443,50.65694444444443,50.65694444444443,45.95509088125678,0.023721149163777808,38.0,idle,2021-08-01,50.65694444444443
2021-08-28 14:00:00,53.70833333333332,53.70833333333332,53.70833333333332,53.70833333333332,53.70833333333332,49.954359263227964,0.015016717744806844,38.0,idle,2021-08-01,53.70833333333332
2021-08-28 15:00:00,50.88333333333333,50.88333333333333,50.88333333333333,50.88333333333333,50.88333333333333,46.83652619872794,0.007880328010817075,38.0,idle,2021-08-01,50.88333333333333
2021-08-28 16:00:00,48.2204861111111,48.2204861111111,48.2204861111111,48.2204861111111,48.2204861111111,48.008623384167734,0.007880328010817075,46.0,idle,2021-08-01,48.2204861111111
2021-08-28 17:00:00,70.99791666666668,70.99791666666668,70.99791666666668,70.99791666666668,70.99791666666668,63.734565224872895,0.008630493278835537,22.0,idle,2021-08-01,70.99791666666668
2021-08-28 18:00:00,22.0,32.75763888888889,22.0,22.0,22.03529164166911,30.5670458649722,0.0032806122266814085,0.0,idle,2021-08-01,22.0
2021-08-28 19:00:00,0.0,24.44930555555556,0.0,0.0,0.08507083280264516,25.61775222070056,0.003479478491090096,0.0,idle,2021-08-01,0.0
2021-08-28 20:00:00,0.0,23.206597222222225,0.0,0.0,0.0750203974163186,25.94122362269451,0.003232718554036022,0.0,idle,2021-08-01,0.0
2021-08-28 21:00:00,0.0,23.36076388888889,0.0,0.0,0.07971971775553081,25.826329051084382,0.0034125475577212613,0.0,idle,2021-08-01,0.0
2021-08-28 22:00:00,0.0,23.056944444444444,0.0,0.0,0.08358596826416731,25.64909335385288,0.003625197105608124,0.0,idle,2021-08-01,0.0
2021-08-28 23:00:00,0.0,22.35729166666666,0.0,0.0,0.10060889740265484,22.633610311840073,0.004500048525674354,0.0,idle,2021-08-01,0.0
2021-08-29 00:00:00,0.0,24.532291666666662,0.0,0.0,0.1864547450258977,23.32048488520556,0.007600380248178924,0.0,idle,2021-08-01,0.0
2021-08-29 01:00:00,0.0,22.185069444444434,0.0,0.0,0.09990729333588337,22.21508491206051,0.0045033572505179635,0.0,idle,2021-08-01,0.0
2021-08-29 02:00:00,0.0,21.813194444444438,0.0,0.0,0.08364356930825821,21.69867147221018,0.0038345401230107878,0.0,idle,2021-08-01,0.0
2021-08-29 03:00:00,0.0,21.54340277777777,0.0,0.0,0.08518568861589904,21.50742113422078,0.003954142690205323,0.0,idle,2021-08-01,0.0
2021-08-29 04:00:00,0.0,21.257986111111105,0.0,0.0,0.09190591908880634,21.48707861907042,0.0043233596356885865,0.0,idle,2021-08-01,0.0
2021-08-29 05:00:00,0.0,21.690277777777773,0.0,0.0,0.08041947973508798,21.59952406148379,0.003707627931693882,0.0,idle,2021-08-01,0.0
2021-08-29 06:00:00,0.0,21.20659722222222,0.0,0.0,0.08106355267885021,21.363246447026622,0.0038225629425311276,0.0,idle,2021-08-01,0.0
2021-08-29 07:00:00,0.0,21.09409722222222,0.0,0.0,0.08040368663892773,21.32592990641116,0.003811667586049808,0.0,idle,2021-08-01,0.0
2021-08-29 08:00:00,0.0,21.236458333333335,0.0,0.0,0.08977544358520798,21.290479616236055,0.0042274207015156546,0.0,idle,2021-08-01,0.0
2021-08-29 09:00:00,0.0,21.286805555555553,0.0,0.0,0.07950736778450831,21.444509882977073,0.003735053978719603,0.0,idle,2021-08-01,0.0
2021-08-29 10:00:00,0.0,21.298263888888886,0.0,0.0,0.07955016527801448,21.49720016258195,0.003735053978719603,0.0,idle,2021-08-01,0.0
2021-08-29 11:00:00,0.0,21.251041666666666,0.0,0.0,0.07978326154024462,21.472214171666714,0.003754322390012001,17.0,idle,2021-08-01,0.0
2021-08-29 12:00:00,17.0,35.681597222222216,17.0,17.0,17.19841659983195,31.10459803500041,0.010620965513373087,22.0,idle,2021-08-01,17.0
2021-08-29 13:00:00,22.0,20.552777777777774,22.0,22.0,21.993436173113054,24.015401105698878,0.0045354657952007965,19.0,idle,2021-08-01,22.0
2021-08-29 14:00:00,19.0,21.432638888888892,19.0,19.0,19.009605619141652,24.32015561557017,0.003948641611185259,22.0,idle,2021-08-01,19.0
2021-08-29 15:00:00,22.0,24.40972222222223,22.0,22.0,22.01086999936601,25.71696814511092,0.004510893108661739,21.0,idle,2021-08-01,22.0
2021-08-29 16:00:00,21.0,21.51458333333334,21.0,21.0,21.00202147878373,24.61293654989482,0.003928379822625291,22.0,idle,2021-08-01,21.0
2021-08-29 17:00:00,22.0,23.606250000000006,22.0,22.0,22.012157159724765,25.061294429350173,0.007568659750828231,26.0,idle,2021-08-01,22.0
2021-08-29 18:00:00,23.24236111111112,23.24236111111112,23.24236111111112,23.24236111111112,23.24236111111112,24.326198666911292,0.007968171214991271,24.0,idle,2021-08-01,23.24236111111112
2021-08-29 19:00:00,24.0,21.81458333333334,24.0,24.0,23.978140468379145,23.77321152038543,0.010002454888475053,21.0,idle,2021-08-01,24.0
2021-08-29 20:00:00,21.0,21.60277777777778,21.0,21.0,21.005064234638475,23.530308995664143,0.008401495252764242,20.0,idle,2021-08-01,21.0
2021-08-29 21:00:00,20.0,22.238541666666663,20.0,20.0,20.0204105537868,23.886585711988662,0.009117790430584973,20.0,idle,2021-08-01,20.0
2021-08-29 22:00:00,20.0,22.890277777777776,20.0,20.0,20.026581895601115,24.33326043727603,0.009197003763961473,22.0,idle,2021-08-01,20.0
2021-08-29 23:00:00,22.0,20.50138888888889,22.0,22.0,21.986217267970396,22.50274009346392,0.009197003763961473,20.0,idle,2021-08-01,22.0
2021-08-30 00:00:00,20.0,25.818055555555556,20.0,20.0,20.189743360327387,26.31264267342094,0.0326128478003628,20.0,idle,2021-08-01,20.0
2021-08-30 01:00:00,20.0,24.25763888888889,20.0,20.0,20.07278457391925,24.536233695101025,0.017095055691358486,21.0,idle,2021-08-01,20.0
2021-08-30 02:00:00,21.0,26.303472222222222,21.0,21.0,21.081110107569515,26.52986138519908,0.015293774374768013,21.0,idle,2021-08-01,21.0
2021-08-30 03:00:00,21.0,21.53402777777778,21.0,21.0,21.01494814989324,21.863990740776657,0.02799133400034862,20.0,idle,2021-08-01,21.0
2021-08-30 04:00:00,20.0,22.336111111111116,20.0,20.0,20.06341776070293,22.415722192999592,0.02714672277414292,20.0,idle,2021-08-01,20.0
2021-08-30 05:00:00,20.0,23.852430555555557,20.0,20.0,20.09773290989772,23.647655337654445,0.02536915552099355,20.0,idle,2021-08-01,20.0
2021-08-30 06:00:00,20.0,22.512152777777782,20.0,20.0,20.07108960273831,22.276868493412188,0.02829828001193352,21.0,idle,2021-08-01,20.0
2021-08-30 07:00:00,21.0,56.250694444444434,21.0,21.0,25.092347934898832,56.95098207304179,0.1160926897865354,52.0,idle,2021-08-01,21.0
2021-08-30 08:00:00,165.40208333333337,165.40208333333337,165.40208333333337,165.40208333333337,165.40208333333337,165.44843959266802,0.8724555611808317,167.0,startup,2021-08-01,165.40208333333337
2021-08-30 09:00:00,176.4659722222222,176.4659722222222,176.4659722222222,176.4659722222222,176.4659722222222,175.86815835262394,0.9891685018578067,170.0,running,2021-08-01,176.4659722222222
2021-08-30 10:00:00,172.6305555555555,172.6305555555555,172.6305555555555,172.6305555555555,172.6305555555555,172.4430806880691,0.9894374343935208,171.0,running,2021-08-01,172.6305555555555
2021-08-30 11:00:00,176.63749999999996,176.63749999999996,176.63749999999996,176.63749999999996,176.63749999999996,176.314969923789,0.9879754116130555,171.0,running,2021-08-01,176.63749999999996
2021-08-30 12:00:00,108.02638888888887,108.02638888888887,108.02638888888887,108.02638888888887,108.02638888888887,108.12123113008582,0.8831367564007597,114.0,running,2021-08-01,108.02638888888887
2021-08-30 13:00:00,177.15277777777777,177.15277777777777,177.15277777777777,177.15277777777777,177.15277777777777,177.24003530997342,0.987861153856654,172.0,running,2021-08-01,177.15277777777777
2021-08-30 14:00:00,172.42777777777775,172.42777777777775,172.42777777777775,172.42777777777775,172.42777777777775,171.63915048296943,0.9883136923947834,171.0,running,2021-08-01,172.42777777777775
2021-08-30 15:00:00,163.1708333333333,163.1708333333333,163.1708333333333,163.1708333333333,163.1708333333333,163.52574361036235,0.9886852377942307,160.0,running,2021-08-01,163.1708333333333
2021-08-30 16:00:00,164.47430555555556,164.47430555555556,164.47430555555556,164.47430555555556,164.47430555555556,162.9230625131946,0.990275022220217,170.0,running,2021-08-01,164.47430555555556
2021-08-30 17:00:00,138.53263888888884,138.53263888888884,138.53263888888884,138.53263888888884,138.53263888888884,139.85708697565084,0.990568750451575,140.0,running,2021-08-01,138.53263888888884
2021-08-30 18:00:00,160.21527777777783,160.21527777777783,160.21527777777783,160.21527777777783,160.21527777777783,159.45205938981002,0.9919879249067566,168.0,running,2021-08-01,160.21527777777783
2021-08-30 19:00:00,146.46006944444446,146.46006944444446,146.46006944444446,146.46006944444446,146.46006944444446,146.01814255128704,0.9900617636895525,144.0,running,2021-08-01,146.46006944444446
2021-08-30 20:00:00,120.82152777777779,120.82152777777779,120.82152777777779,120.82152777777779,120.82152777777779,121.2840458673012,0.950647936511342,128.0,running,2021-08-01,120.82152777777779
2021-08-30 21:00:00,121.32083333333334,121.32083333333334,121.32083333333334,121.32083333333334,121.32083333333334,121.28383888121591,0.9650973783246726,129.0,running,2021-08-01,121.32083333333334
2021-08-30 22:00:00,114.18333333333334,114.18333333333334,114.18333333333334,114.18333333333334,114.18333333333334,113.70846290573085,0.9075009913970065,116.0,running,2021-08-01,114.18333333333334
2021-08-30 23:00:00,106.55902777777777,106.55902777777777,106.55902777777777,106.55902777777777,106.55902777777777,107.12003989175587,0.8499688530189888,105.0,running,2021-08-01,106.55902777777777
2021-08-31 00:00:00,70.87361111111112,70.87361111111112,70.87361111111112,70.87361111111112,70.87361111111112,70.30024191724611,0.8446082608238789,73.0,running,2021-08-01,70.87361111111112
2021-08-31 01:00:00,104.85972222222222,104.85972222222222,104.85972222222222,104.85972222222222,104.85972222222222,103.59004039511863,0.9550367095321178,106.0,running,2021-08-01,104.85972222222222
2021-08-31 02:00:00,105.20972222222218,105.20972222222218,105.20972222222218,105.20972222222218,105.20972222222218,104.53560000945026,0.9730997631836775,108.0,running,2021-08-01,105.20972222222218
2021-08-31 03:00:00,102.6902777777778,102.6902777777778,102.6902777777778,102.6902777777778,102.6902777777778,102.41631999655908,0.9623799325048779,101.0,running,2021-08-01,102.6902777777778
2021-08-31 04:00:00,103.60555555555554,103.60555555555554,103.60555555555554,103.60555555555554,103.60555555555554,102.16421073459993,0.9627408775726526,110.0,running,2021-08-01,103.60555555555554
2021-08-31 05:00:00,91.55624999999999,91.55624999999999,91.55624999999999,91.55624999999999,91.55624999999999,91.49206753050998,0.9380925845483499,93.0,running,2021-08-01,91.55624999999999
2021-08-31 06:00:00,107.34027777777777,107.34027777777777,107.34027777777777,107.34027777777777,107.34027777777777,105.83558626962964,0.9634671653423684,113.0,running,2021-08-01,107.34027777777777
2021-08-31 07:00:00,132.35694444444442,132.35694444444442,132.35694444444442,132.35694444444442,132.35694444444442,130.51802314748903,0.9910894220902982,123.0,running,2021-08-01,132.35694444444442
2021-08-31 08:00:00,183.0131944444444,183.0131944444444,183.0131944444444,183.0131944444444,183.0131944444444,180.28893445901835,0.994831487573509,167.0,running,2021-08-01,183.0131944444444
2021-08-31 09:00:00,174.8076388888889,174.8076388888889,174.8076388888889,174.8076388888889,174.8076388888889,171.7140083674899,0.9914547834582502,169.0,running,2021-08-01,174.8076388888889
2021-08-31 10:00:00,178.02708333333328,178.02708333333328,178.02708333333328,178.02708333333328,178.02708333333328,176.1590652675452,0.9923616656356564,176.0,running,2021-08-01,178.02708333333328
2021-08-31 11:00:00,181.5618055555555,181.5618055555555,181.5618055555555,181.5618055555555,181.5618055555555,180.1311553678522,0.9900163642168197,165.0,running,2021-08-01,181.5618055555555
2021-08-31 12:00:00,104.08402777777776,104.08402777777776,104.08402777777776,104.08402777777776,104.08402777777776,106.6446101727441,0.940817059239807,112.0,running,2021-08-01,104.08402777777776
2021-08-31 13:00:00,178.01458333333332,178.01458333333332,178.01458333333332,178.01458333333332,178.01458333333332,176.54980729795847,0.9921165829343488,174.0,running,2021-08-01,178.01458333333332
2021-08-31 14:00:00,176.40069444444435,176.40069444444435,176.40069444444435,176.40069444444435,176.40069444444435,175.17199211636495,0.9919440971477503,182.0,running,2021-08-01,176.40069444444435
2021-08-31 15:00:00,166.02499999999998,166.02499999999998,166.02499999999998,166.02499999999998,166.02499999999998,165.45625492180056,0.9892332545726937,157.0,running,2021-08-01,166.02499999999998
2021-08-31 16:00:00,168.8145833333333,168.8145833333333,168.8145833333333,168.8145833333333,168.8145833333333,169.1763637195022,0.9933197223070654,167.0,running,2021-08-01,168.8145833333333
2021-08-31 17:00:00,135.9520833333333,135.9520833333333,135.9520833333333,135.9520833333333,135.9520833333333,134.51736365736977,0.9845975185925797,125.0,running,2021-08-01,135.9520833333333
2021-08-31 18:00:00,150.40694444444443,150.40694444444443,150.40694444444443,150.40694444444443,150.40694444444443,149.24088280892974,0.993953834864169,156.0,running,2021-08-01,150.40694444444443
2021-08-31 19:00:00,143.47638888888883,143.47638888888883,143.47638888888883,143.47638888888883,143.47638888888883,145.3010319134107,0.9933229098852638,148.0,running,2021-08-01,143.47638888888883
2021-08-31 20:00:00,131.15902777777777,131.15902777777777,131.15902777777777,131.15902777777777,131.15902777777777,130.84633366693862,0.9764888978532749,147.0,running,2021-08-01,131.15902777777777
2021-08-31 21:00:00,128.2659722222222,128.2659722222222,128.2659722222222,128.2659722222222,128.2659722222222,127.97832365398517,0.9818038511052627,131.0,running,2021-08-01,128.2659722222222
2021-08-31 22:00:00,118.06111111111112,118.06111111111112,118.06111111111112,118.06111111111112,118.06111111111112,116.70297745128664,0.984359196109353,119.0,running,2021-08-01,118.06111111111112
2021-08-31 23:00:00,107.37777777777778,107.37777777777778,107.37777777777778,107.37777777777778,107.37777777777778,106.33359499529409,0.9492633019303205,112.0,running,2021-08-01,107.37777777777778
2021-09-01 00:00:00,78.11180555555556,78.11180555555556,78.11180555555556,78.11180555555556,78.11180555555556,79.111629599327,0.908905671142967,74.0,running,2021-09-01,78.11180555555556
2021-09-01 01:00:00,106.04999999999997,106.04999999999997,106.04999999999997,106.04999999999997,106.04999999999997,105.05992261908432,0.9787773490153917,109.0,running,2021-09-01,106.04999999999997
2021-09-01 02:00:00,110.47222222222221,110.47222222222221,110.47222222222221,110.47222222222221,110.47222222222221,109.29776816655787,0.979335962644988,114.0,running,2021-09-01,110.47222222222221
2021-09-01 03:00:00,105.64791666666669,105.64791666666669,105.64791666666669,105.64791666666669,105.64791666666669,105.86921086839118,0.9810528065660199,99.0,running,2021-09-01,105.64791666666669
2021-09-01 04:00:00,107.14513888888887,107.14513888888887,107.14513888888887,107.14513888888887,107.14513888888887,106.44332849038197,0.9638263231951482,115.0,running,2021-09-01,107.14513888888887
2021-09-01 05:00:00,97.52916666666667,97.52916666666667,97.52916666666667,97.52916666666667,97.52916666666667,97.44875808731884,0.9701947998716737,92.0,running,2021-09-01,97.52916666666667
2021-09-01 06:00:00,111.23402777777777,111.23402777777777,111.23402777777777,111.23402777777777,111.23402777777777,110.57290180034194,0.981120195611771,116.0,running,2021-09-01,111.23402777777777
2021-09-01 07:00:00,133.49583333333334,133.49583333333334,133.49583333333334,133.49583333333334,133.49583333333334,131.72795564050338,0.9945702359479015,124.0,running,2021-09-01,133.49583333333334
2021-09-01 08:00:00,173.78958333333335,173.78958333333335,173.78958333333335,173.78958333333335,173.78958333333335,173.86927702720897,0.9886525833800965,180.0,running,2021-09-01,173.78958333333335
2021-09-01 09:00:00,181.80000000000004,181.80000000000004,181.80000000000004,181.80000000000004,181.80000000000004,182.20955297892155,0.9935533334587171,182.0,running,2021-09-01,181.80000000000004
2021-09-01 10:00:00,174.19236111111113,174.19236111111113,174.19236111111113,174.19236111111113,174.19236111111113,174.51918354792488,0.9937125202865441,185.0,running,2021-09-01,174.19236111111113
2021-09-01 11:00:00,183.02499999999998,183.02499999999998,183.02499999999998,183.02499999999998,183.02499999999998,182.94976110714993,0.9932149751274322,174.0,running,2021-09-01,183.02499999999998
2021-09-01 12:00:00,107.14722222222223,107.14722222222223,107.14722222222223,107.14722222222223,107.14722222222223,106.97591054099527,0.8340405279653949,117.0,running,2021-09-01,107.14722222222223
2021-09-01 13:00:00,176.3138888888889,176.3138888888889,176.3138888888889,176.3138888888889,176.3138888888889,175.8001172017076,0.9876291695174778,182.0,running,2021-09-01,176.3138888888889
2021-09-01 14:00:00,178.21249999999998,178.21249999999998,178.21249999999998,178.21249999999998,178.21249999999998,178.42734805932585,0.9923831337786952,184.0,running,2021-09-01,178.21249999999998
2021-09-01 15:00:00,168.52222222222227,168.52222222222227,168.52222222222227,168.52222222222227,168.52222222222227,169.41882262399935,0.9927039312000359,173.0,running,2021-09-01,168.52222222222227
2021-09-01 16:00:00,169.72222222222226,169.72222222222226,169.72222222222226,169.72222222222226,169.72222222222226,169.6039639060547,0.9935378266830135,176.0,running,2021-09-01,169.72222222222226
2021-09-01 17:00:00,140.66458333333335,140.66458333333335,140.66458333333335,140.66458333333335,140.66458333333335,142.27280275604994,0.9875852036890083,139.0,running,2021-09-01,140.66458333333335
2021-09-01 18:00:00,164.588888888889,164.588888888889,164.588888888889,164.588888888889,164.588888888889,166.43060417531757,0.9939848839562162,163.0,running,2021-09-01,164.588888888889
2021-09-01 19:00:00,149.37986111111113,149.37986111111113,149.37986111111113,149.37986111111113,149.37986111111113,148.27068191895435,0.9920011608025779,152.0,running,2021-09-01,149.37986111111113
2021-09-01 20:00:00,122.42708333333334,122.42708333333334,122.42708333333334,122.42708333333334,122.42708333333334,122.219885034654,0.9338583741698055,129.0,running,2021-09-01,122.42708333333334
2021-09-01 21:00:00,125.8777777777778,125.8777777777778,125.8777777777778,125.8777777777778,125.8777777777778,127.25646001406773,0.9721690630848688,131.0,running,2021-09-01,125.8777777777778
2021-09-01 22:00:00,117.31041666666667,117.31041666666667,117.31041666666667,117.31041666666667,117.31041666666667,117.13590715546061,0.969132146985475,119.0,running,2021-09-01,117.31041666666667
2021-09-01 23:00:00,110.57013888888888,110.57013888888888,110.57013888888888,110.57013888888888,110.57013888888888,110.70784248526,0.9723769848544082,114.0,running,2021-09-01,110.57013888888888
2021-09-02 00:00:00,77.8736111111111,77.8736111111111,77.8736111111111,77.8736111111111,77.8736111111111,79.75007319288045,0.9231777642410733,79.0,running,2021-09-01,77.8736111111111
2021-09-02 01:00:00,108.59999999999998,108.59999999999998,108.59999999999998,108.59999999999998,108.59999999999998,108.64309966589123,0.9749555725531973,112.0,running,2021-09-01,108.59999999999998
2021-09-02 02:00:00,112.57083333333335,112.57083333333335,112.57083333333335,112.57083333333335,112.57083333333335,112.02824861935625,0.9620418880766813,114.0,running,2021-09-01,112.57083333333335
2021-09-02 03:00:00,105.42916666666665,105.42916666666665,105.42916666666665,105.42916666666665,105.42916666666665,105.59417235249786,0.951080495870392,106.0,running,2021-09-01,105.42916666666665
2021-09-02 04:00:00,111.19652777777777,111.19652777777777,111.19652777777777,111.19652777777777,111.19652777777777,111.31695850909404,0.9260615460562497,114.0,running,2021-09-01,111.19652777777777
2021-09-02 05:00:00,96.3916666666667,96.3916666666667,96.3916666666667,96.3916666666667,96.3916666666667,97.1196059784414,0.9362160323379229,93.0,running,2021-09-01,96.3916666666667
2021-09-02 06:00:00,111.69444444444444,111.69444444444444,111.69444444444444,111.69444444444444,111.69444444444444,111.30610914842637,0.9465216890221099,115.0,running,2021-09-01,111.69444444444444
2021-09-02 07:00:00,134.15208333333334,134.15208333333334,134.15208333333334,134.15208333333334,134.15208333333334,132.28362051068413,0.9942771846755042,141.0,running,2021-09-01,134.15208333333334
2021-09-02 08:00:00,175.6263888888889,175.6263888888889,175.6263888888889,175.6263888888889,175.6263888888889,175.72632097910585,0.9936579378381635,166.0,running,2021-09-01,175.6263888888889
2021-09-02 09:00:00,171.1833333333333,171.1833333333333,171.1833333333333,171.1833333333333,171.1833333333333,172.0779862958041,0.9939225863087923,184.0,running,2021-09-01,171.1833333333333
2021-09-02 10:00:00,182.75416666666663,182.75416666666663,182.75416666666663,182.75416666666663,182.75416666666663,183.0734253078029,0.9911134933198729,179.0,running,2021-09-01,182.75416666666663
2021-09-02 11:00:00,178.45277777777775,178.45277777777775,178.45277777777775,178.45277777777775,178.45277777777775,177.3020968821004,0.9928132428692006,182.0,running,2021-09-01,178.45277777777775
2021-09-02 12:00:00,114.91875,114.91875,114.91875,114.91875,114.91875,114.89825866088367,0.6366345584470601,112.0,running,2021-09-01,114.91875
2021-09-02 13:00:00,176.7131944444444,176.7131944444444,176.7131944444444,176.7131944444444,176.7131944444444,176.72198511945754,0.9904234752189306,174.0,running,2021-09-01,176.7131944444444
2021-09-02 14:00:00,176.2388888888889,176.2388888888889,176.2388888888889,176.2388888888889,176.2388888888889,176.78201099448998,0.9888035239119441,192.0,running,2021-09-01,176.2388888888889
2021-09-02 15:00:00,174.53055555555557,174.53055555555557,174.53055555555557,174.53055555555557,174.53055555555557,173.70400994928312,0.9906848159662759,170.0,running,2021-09-01,174.53055555555557
2021-09-02 16:00:00,169.91180555555553,169.91180555555553,169.91180555555553,169.91180555555553,169.91180555555553,169.0641918995616,0.9906876048488302,174.0,running,2021-09-01,169.91180555555553
2021-09-02 17:00:00,139.35625,139.35625,139.35625,139.35625,139.35625,138.9514528701816,0.9798046462543663,132.0,running,2021-09-01,139.35625
2021-09-02 18:00:00,158.06874999999997,158.06874999999997,158.06874999999997,158.06874999999997,158.06874999999997,158.1379190592157,0.9915529860251763,159.0,running,2021-09-01,158.06874999999997
2021-09-02 19:00:00,153.07847222222216,153.07847222222216,153.07847222222216,153.07847222222216,153.07847222222216,154.06755345238116,0.9924810798378896,161.0,running,2021-09-01,153.07847222222216
2021-09-02 20:00:00,133.11111111111111,133.11111111111111,133.11111111111111,133.11111111111111,133.11111111111111,132.89445405787887,0.9246267281218902,132.0,running,2021-09-01,133.11111111111111
2021-09-02 21:00:00,122.98194444444448,122.98194444444448,122.98194444444448,122.98194444444448,122.98194444444448,122.80231992529569,0.9628349439059045,131.0,running,2021-09-01,122.98194444444448
2021-09-02 22:00:00,118.52152777777776,118.52152777777776,118.52152777777776,118.52152777777776,118.52152777777776,118.39650116259256,0.9436215517221842,114.0,running,2021-09-01,118.52152777777776
2021-09-02 23:00:00,112.00208333333332,112.00208333333332,112.00208333333332,112.00208333333332,112.00208333333332,112.04488163758336,0.9478133096723238,119.0,running,2021-09-01,112.00208333333332
2021-09-03 00:00:00,79.7152777777778,79.7152777777778,79.7152777777778,79.7152777777778,79.7152777777778,80.97849235105447,0.8565345346038005,69.0,running,2021-09-01,79.7152777777778
2021-09-03 01:00:00,108.63263888888882,108.63263888888882,108.63263888888882,108.63263888888882,108.63263888888882,108.83644440033292,0.9569661424969151,109.0,running,2021-09-01,108.63263888888882
2021-09-03 02:00:00,113.54027777777782,113.54027777777782,113.54027777777782,113.54027777777782,113.54027777777782,114.25288473040432,0.9718752548957171,112.0,running,2021-09-01,113.54027777777782
2021-09-03 03:00:00,106.05416666666665,106.05416666666665,106.05416666666665,106.05416666666665,106.05416666666665,106.88114450783891,0.964955738872448,110.0,running,2021-09-01,106.05416666666665
2021-09-03 04:00:00,111.5875,111.5875,111.5875,111.5875,111.5875,111.06582805687513,0.9466590302445033,107.0,running,2021-09-01,111.5875
2021-09-03 05:00:00,91.94791666666664,91.94791666666664,91.94791666666664,91.94791666666664,91.94791666666664,92.05731862793101,0.9052177027201069,93.0,running,2021-09-01,91.94791666666664
2021-09-03 06:00:00,110.49652777777777,110.49652777777777,110.49652777777777,110.49652777777777,110.49652777777777,110.397564486624,0.9779551095473203,107.0,running,2021-09-01,110.49652777777777
2021-09-03 07:00:00,126.07916666666667,126.07916666666667,126.07916666666667,126.07916666666667,126.07916666666667,126.25155637551379,0.9785230269803573,134.0,running,2021-09-01,126.07916666666667
2021-09-03 08:00:00,175.4486111111111,175.4486111111111,175.4486111111111,175.4486111111111,175.4486111111111,173.90335413446894,0.9910526984990748,170.0,running,2021-09-01,175.4486111111111
2021-09-03 09:00:00,173.76527777777775,173.76527777777775,173.76527777777775,173.76527777777775,173.76527777777775,174.48477664272284,0.991985209305167,171.0,running,2021-09-01,173.76527777777775
2021-09-03 10:00:00,172.09722222222223,172.09722222222223,172.09722222222223,172.09722222222223,172.09722222222223,172.528308129793,0.9914186586643438,163.0,running,2021-09-01,172.09722222222223
2021-09-03 11:00:00,174.71944444444446,174.71944444444446,174.71944444444446,174.71944444444446,174.71944444444446,174.04802750420384,0.9910507973018667,187.0,running,2021-09-01,174.71944444444446
2021-09-03 12:00:00,113.93958333333336,113.93958333333336,113.93958333333336,113.93958333333336,113.93958333333336,113.22427478087208,0.8407902959614126,108.0,running,2021-09-01,113.93958333333336
2021-09-03 13:00:00,177.97847222222222,177.97847222222222,177.97847222222222,177.97847222222222,177.97847222222222,177.5156994213168,0.9895235823582168,169.0,running,2021-09-01,177.97847222222222
2021-09-03 14:00:00,177.29375,177.29375,177.29375,177.29375,177.29375,175.8496219032899,0.9912753244226294,178.0,running,2021-09-01,177.29375
2021-09-03 15:00:00,164.23680555555558,164.23680555555558,164.23680555555558,164.23680555555558,164.23680555555558,163.5605569134448,0.9927674648933138,154.0,running,2021-09-01,164.23680555555558
2021-09-03 16:00:00,163.86458333333331,163.86458333333331,163.86458333333331,163.86458333333331,163.86458333333331,162.32766820860698,0.9927786205511198,161.0,running,2021-09-01,163.86458333333331
2021-09-03 17:00:00,141.7805555555556,141.7805555555556,141.7805555555556,141.7805555555556,141.7805555555556,141.81496587352925,0.9909710548945073,147.0,running,2021-09-01,141.7805555555556
2021-09-03 18:00:00,157.4340277777778,157.4340277777778,157.4340277777778,157.4340277777778,157.4340277777778,155.9992196717424,0.9848303828001329,154.0,running,2021-09-01,157.4340277777778
2021-09-03 19:00:00,137.09375,137.09375,137.09375,137.09375,137.09375,137.5986614127725,0.9756090054967888,143.0,running,2021-09-01,137.09375
2021-09-03 20:00:00,115.83124999999998,115.83124999999998,115.83124999999998,115.83124999999998,115.83124999999998,116.85608647420632,0.8721202886904876,115.0,running,2021-09-01,115.83124999999998
2021-09-03 21:00:00,113.21527777777777,113.21527777777777,113.21527777777777,113.21527777777777,113.21527777777777,113.60779035512928,0.9738821337442594,110.0,running,2021-09-01,113.21527777777777
2021-09-03 22:00:00,104.87013888888889,104.87013888888889,104.87013888888889,104.87013888888889,104.87013888888889,104.71373783834142,0.886412307890509,105.0,running,2021-09-01,104.87013888888889
2021-09-03 23:00:00,106.09722222222221,106.09722222222221,106.09722222222221,106.09722222222221,106.09722222222221,105.45718780608182,0.9514069705493828,101.0,running,2021-09-01,106.09722222222221
2021-09-04 00:00:00,66.49444444444444,66.49444444444444,66.49444444444444,66.49444444444444,66.49444444444444,68.56023897752134,0.6780968988636868,64.0,running,2021-09-01,66.49444444444444
2021-09-04 01:00:00,102.66249999999995,102.66249999999995,102.66249999999995,102.66249999999995,102.66249999999995,103.95007253926705,0.9490092609977803,106.0,running,2021-09-01,102.66249999999995
2021-09-04 02:00:00,108.31597222222221,108.31597222222221,108.31597222222221,108.31597222222221,108.31597222222221,108.57384358836663,0.9597414163240572,104.0,running,2021-09-01,108.31597222222221
2021-09-04 03:00:00,104.32291666666667,104.32291666666667,104.32291666666667,104.32291666666667,104.32291666666667,103.52209688950208,0.91558124362029,98.0,running,2021-09-01,104.32291666666667
2021-09-04 04:00:00,103.96666666666668,103.96666666666668,103.96666666666668,103.96666666666668,103.96666666666668,102.62654683477004,0.7836047528985705,109.0,running,2021-09-01,103.96666666666668
2021-09-04 05:00:00,91.92847222222223,91.92847222222223,91.92847222222223,91.92847222222223,91.92847222222223,92.08965884307803,0.9228318739641559,88.0,running,2021-09-01,91.92847222222223
2021-09-04 06:00:00,102.85694444444442,102.85694444444442,102.85694444444442,102.85694444444442,102.85694444444442,102.79515124322471,0.9651955945153309,111.0,running,2021-09-01,102.85694444444442
2021-09-04 07:00:00,75.52222222222223,75.52222222222223,75.52222222222223,75.52222222222223,75.52222222222223,76.0829359506025,0.9861141873618087,70.0,running,2021-09-01,75.52222222222223
2021-09-04 08:00:00,37.57291666666668,37.57291666666668,37.57291666666668,37.57291666666668,37.57291666666668,38.698448792736365,0.09687416423502146,33.0,shutdown,2021-09-01,37.57291666666668
2021-09-04 09:00:00,36.95486111111111,36.95486111111111,36.95486111111111,36.95486111111111,36.95486111111111,36.72596257662505,0.04505980025674983,32.0,idle,2021-09-01,36.95486111111111
2021-09-04 10:00:00,35.090972222222234,35.090972222222234,35.090972222222234,35.090972222222234,35.090972222222234,34.68105241545723,0.013225769306986863,34.0,idle,2021-09-01,35.090972222222234
2021-09-04 11:00:00,36.46736111111112,36.46736111111112,36.46736111111112,36.46736111111112,36.46736111111112,36.327194505281966,0.008504900629065218,32.0,idle,2021-09-01,36.46736111111112
2021-09-04 12:00:00,35.97430555555557,35.97430555555557,35.97430555555557,35.97430555555557,35.97430555555557,34.37692400295781,0.005370282597229982,33.0,idle,2021-09-01,35.97430555555557
2021-09-04 13:00:00,37.00486111111112,37.00486111111112,37.00486111111112,37.00486111111112,37.00486111111112,34.457412529263344,0.0038048528553558105,34.0,idle,2021-09-01,37.00486111111112
2021-09-04 14:00:00,38.768055555555556,38.768055555555556,38.768055555555556,38.768055555555556,38.768055555555556,37.23061434351397,0.004163714546020708,34.0,idle,2021-09-01,38.768055555555556
2021-09-04 15:00:00,38.423611111111114,38.423611111111114,38.423611111111114,38.423611111111114,38.423611111111114,36.09498718688037,0.004061090820331089,33.0,idle,2021-09-01,38.423611111111114
2021-09-04 16:00:00,38.687152777777776,38.687152777777776,38.687152777777776,38.687152777777776,38.687152777777776,35.92636164879618,0.003152748955034321,36.0,idle,2021-09-01,38.687152777777776
2021-09-04 17:00:00,40.58958333333332,40.58958333333332,40.58958333333332,40.58958333333332,40.58958333333332,39.18001654120586,0.004500761387732024,35.0,idle,2021-09-01,40.58958333333332
2021-09-04 18:00:00,36.426388888888894,36.426388888888894,36.426388888888894,36.426388888888894,36.426388888888894,35.05471686754432,0.0038719920410527375,26.0,idle,2021-09-01,36.426388888888894
2021-09-04 19:00:00,27.574999999999992,27.574999999999992,27.574999999999992,27.574999999999992,27.574999999999992,26.86848269241868,0.003442508011153046,23.0,idle,2021-09-01,27.574999999999992
2021-09-04 20:00:00,23.0,25.542361111111113,23.0,23.0,23.007873041891145,25.320579178851116,0.0030967441472960957,25.0,idle,2021-09-01,23.0
2021-09-04 21:00:00,25.0,25.622916666666676,25.0,25.0,25.002411928375572,25.006100399249664,0.0038719920410527375,23.0,idle,2021-09-01,25.0
2021-09-04 22:00:00,23.0,24.45347222222222,23.0,23.0,23.005937737726132,24.582704002500492,0.00408520894678879,23.0,idle,2021-09-01,23.0
2021-09-04 23:00:00,23.0,25.411111111111108,23.0,23.0,23.00826022943751,25.11821815714965,0.003425901610028188,23.0,idle,2021-09-01,23.0
2021-09-05 00:00:00,23.0,23.911111111111097,23.0,23.0,23.007608283329752,23.345690796953843,0.008350554874118251,24.0,idle,2021-09-01,23.0
2021-09-05 01:00:00,24.0,23.88680555555555,24.0,24.0,23.999283471752687,23.10204638465285,0.00633006549775231,22.0,idle,2021-09-01,24.0
2021-09-05 02:00:00,22.0,23.007638888888888,22.0,22.0,22.00422036027611,22.61685523616751,0.004188365815025415,22.0,idle,2021-09-01,22.0
2021-09-05 03:00:00,22.0,24.560416666666672,22.0,22.0,22.010985078862472,24.23890859883737,0.004290348131803428,22.0,idle,2021-09-01,22.0
2021-09-05 04:00:00,22.0,23.730555555555558,22.0,22.0,22.007486168935486,23.734179831998034,0.004325876110393365,24.0,idle,2021-09-01,22.0
2021-09-05 05:00:00,24.0,23.18125,24.0,24.0,23.996304542871826,22.484890664900515,0.004513535423722651,22.0,idle,2021-09-01,24.0
2021-09-05 06:00:00,22.0,22.545833333333334,22.0,22.0,22.00245564207335,22.57388226583844,0.004498886241254593,22.0,idle,2021-09-01,22.0
2021-09-05 07:00:00,22.0,25.260416666666675,22.0,22.0,22.013579298067086,25.46722801855871,0.00416489653175766,22.0,idle,2021-09-01,22.0
2021-09-05 08:00:00,22.0,23.65763888888889,22.0,22.0,22.006199515189273,24.694877564694195,0.003739967269608351,25.0,idle,2021-09-01,22.0
2021-09-05 09:00:00,25.0,22.948611111111113,25.0,25.0,24.993463380537452,23.50950034804385,0.003186436027782606,22.0,idle,2021-09-01,25.0
2021-09-05 10:00:00,22.0,23.140972222222217,22.0,22.0,22.00355735356334,23.72631934479786,0.0031178266166830824,22.0,idle,2021-09-01,22.0
2021-09-05 11:00:00,22.0,23.671527777777783,22.0,22.0,22.005115390914927,23.6863151720869,0.0030603086487329175,22.0,idle,2021-09-01,22.0
2021-09-05 12:00:00,22.0,23.78819444444445,22.0,22.0,22.00565230507841,24.07913785763282,0.0031609007040432377,24.0,idle,2021-09-01,22.0
2021-09-05 13:00:00,24.0,22.686111111111114,24.0,24.0,23.995969203873695,22.873116030926333,0.0030678363752012516,22.0,idle,2021-09-01,24.0
2021-09-05 14:00:00,22.0,22.738888888888887,22.0,22.0,22.002246847533236,23.077847944236183,0.0030408462855836247,23.0,idle,2021-09-01,22.0
2021-09-05 15:00:00,23.0,24.905555555555566,23.0,23.0,23.00588334741826,24.52868675859953,0.003087470948356959,24.0,idle,2021-09-01,23.0
2021-09-05 16:00:00,24.0,24.433194444444457,24.0,24.0,24.001420891032016,23.766556730202442,0.00328003059651114,23.0,idle,2021-09-01,24.0
2021-09-05 17:00:00,23.0,23.742708333333336,23.0,23.0,23.002212083566974,23.327271062704273,0.002978401436595821,23.0,idle,2021-09-01,23.0
2021-09-05 18:00:00,23.0,24.970486111111118,23.0,23.0,23.005868898664126,24.85206723098017,0.002978401436595821,22.0,idle,2021-09-01,23.0
2021-09-05 19:00:00,22.0,22.933333333333337,22.0,22.0,22.002871089745312,23.660477021645573,0.0030761675842632267,24.0,idle,2021-09-01,22.0
2021-09-05 20:00:00,24.0,23.452083333333334,24.0,24.0,23.99837257947206,23.41484227870946,0.0029701971612556776,23.0,idle,2021-09-01,24.0
2021-09-05 21:00:00,23.0,24.425,23.0,23.0,23.004567803890478,24.044700115740156,0.003205476414370852,23.0,idle,2021-09-01,23.0
2021-09-05 22:00:00,23.0,24.28263888888888,23.0,23.0,23.00398063157472,24.120136872063927,0.0031034702044357046,24.0,idle,2021-09-01,23.0
2021-09-05 23:00:00,24.0,24.709236111111117,24.0,24.0,24.00224326606043,23.66868174070955,0.003162932661330507,23.0,idle,2021-09-01,24.0
2021-09-06 00:00:00,23.0,28.699305555555554,23.0,23.0,23.060233032872777,27.851653327735093,0.010568486333227541,22.0,idle,2021-09-01,23.0
2021-09-06 01:00:00,22.0,28.66006944444444,22.0,22.0,22.049832207346828,27.423411219670964,0.00748223539746946,22.0,idle,2021-09-01,22.0
2021-09-06 02:00:00,22.0,28.730069444444435,22.0,22.0,22.038521536077827,27.88228563408366,0.005723794738793609,24.0,idle,2021-09-01,22.0
2021-09-06 03:00:00,24.0,27.65173611111111,24.0,24.0,24.024214791782377,27.22338323303184,0.006631035498074195,22.0,idle,2021-09-01,24.0
2021-09-06 04:00:00,22.0,28.166319444444444,22.0,22.0,22.036264288676655,27.607466003460203,0.005881026599964374,22.0,idle,2021-09-01,22.0
2021-09-06 05:00:00,22.0,28.81201388888888,22.0,22.0,22.03718030122625,27.663487017274605,0.005458048358782204,23.0,idle,2021-09-01,22.0
2021-09-06 06:00:00,23.0,29.342361111111114,23.0,23.0,23.03455632127052,28.682112330798237,0.005448494758518292,24.0,idle,2021-09-01,23.0
2021-09-06 07:00:00,24.0,60.577430555555594,24.0,24.0,25.982214845950885,59.40825868781325,0.05419229333072488,52.0,idle,2021-09-01,24.0
2021-09-06 08:00:00,165.86388888888888,165.86388888888888,165.86388888888888,165.86388888888888,165.86388888888888,162.96622454802366,0.8947389766954442,171.0,startup,2021-09-01,165.86388888888888
2021-09-06 09:00:00,170.86805555555557,170.86805555555557,170.86805555555557,170.86805555555557,170.86805555555557,171.86767417538857,0.971180692706216,157.0,running,2021-09-01,170.86805555555557
2021-09-06 10:00:00,161.35277777777773,161.35277777777773,161.35277777777773,161.35277777777773,161.35277777777773,162.0450815439524,0.9868575470463541,171.0,running,2021-09-01,161.35277777777773
2021-09-06 11:00:00,172.7173611111111,172.7173611111111,172.7173611111111,172.7173611111111,172.7173611111111,172.45447446672003,0.9896743807042119,176.0,running,2021-09-01,172.7173611111111
2021-09-06 12:00:00,110.72361111111107,110.72361111111107,110.72361111111107,110.72361111111107,110.72361111111107,111.24351433825595,0.858251526767331,109.0,running,2021-09-01,110.72361111111107
2021-09-06 13:00:00,171.09166666666667,171.09166666666667,171.09166666666667,171.09166666666667,171.09166666666667,170.74309043292146,0.9878409423121741,160.0,running,2021-09-01,171.09166666666667
2021-09-06 14:00:00,162.02430555555557,162.02430555555557,162.02430555555557,162.02430555555557,162.02430555555557,162.3150001157461,0.9902047218058544,160.0,running,2021-09-01,162.02430555555557
2021-09-06 15:00:00,152.29166666666669,152.29166666666669,152.29166666666669,152.29166666666669,152.29166666666669,153.55498034971373,0.9873183044805179,158.0,running,2021-09-01,152.29166666666669
2021-09-06 16:00:00,157.88888888888894,157.88888888888894,157.88888888888894,157.88888888888894,157.88888888888894,159.78428877491262,0.9910121083757545,146.0,running,2021-09-01,157.88888888888894
2021-09-06 17:00:00,126.30555555555556,126.30555555555556,126.30555555555556,126.30555555555556,126.30555555555556,125.76195165259509,0.9865949301631806,128.0,running,2021-09-01,126.30555555555556
2021-09-06 18:00:00,145.6673611111111,145.6673611111111,145.6673611111111,145.6673611111111,145.6673611111111,145.73729649509548,0.9891432177401374,152.0,running,2021-09-01,145.6673611111111
2021-09-06 19:00:00,139.4173611111111,139.4173611111111,139.4173611111111,139.4173611111111,139.4173611111111,138.69948647717055,0.9859236418006144,135.0,running,2021-09-01,139.4173611111111
2021-09-06 20:00:00,119.10347222222225,119.10347222222225,119.10347222222225,119.10347222222225,119.10347222222225,118.91182753615297,0.96248706489799,121.0,running,2021-09-01,119.10347222222225
2021-09-06 21:00:00,115.31736111111108,115.31736111111108,115.31736111111108,115.31736111111108,115.31736111111108,115.62522196471656,0.9808090223165529,123.0,running,2021-09-01,115.31736111111108
2021-09-06 22:00:00,112.19444444444441,112.19444444444441,112.19444444444441,112.19444444444441,112.19444444444441,112.02511074020344,0.9457894681150624,110.0,running,2021-09-01,112.19444444444441
2021-09-06 23:00:00,101.61388888888887,101.61388888888887,101.61388888888887,101.61388888888887,101.61388888888887,101.88203668637496,0.828406795196488,104.0,running,2021-09-01,101.61388888888887
2021-09-07 00:00:00,68.22500000000001,68.22500000000001,68.22500000000001,68.22500000000001,68.22500000000001,67.62527316639225,0.74035955210334,72.0,shutdown,2021-09-01,68.22500000000001
2021-09-07 01:00:00,104.64722222222221,104.64722222222221,104.64722222222221,104.64722222222221,104.64722222222221,104.50260387912797,0.9375002760371499,109.0,startup,2021-09-01,104.64722222222221
2021-09-07 02:00:00,111.5423611111111,111.5423611111111,111.5423611111111,111.5423611111111,111.5423611111111,111.75707235050378,0.9736199627447859,111.0,running,2021-09-01,111.5423611111111
2021-09-07 03:00:00,104.44062500000003,104.44062500000003,104.44062500000003,104.44062500000003,104.44062500000003,105.04647871996339,0.9192842271471673,109.0,running,2021-09-01,104.44062500000003
2021-09-07 04:00:00,104.5208333333333,104.5208333333333,104.5208333333333,104.5208333333333,104.5208333333333,105.35521652455715,0.9487740213265057,109.0,shutdown,2021-09-01,104.5208333333333
2021-09-07 05:00:00,99.62847222222221,99.62847222222221,99.62847222222221,99.62847222222221,99.62847222222221,101.73323561136093,0.9153618701612957,96.0,startup,2021-09-01,99.62847222222221
2021-09-07 06:00:00,110.99166666666666,110.99166666666666,110.99166666666666,110.99166666666666,110.99166666666666,110.26522156369724,0.9602698275865499,115.0,running,2021-09-01,110.99166666666666
2021-09-07 07:00:00,133.5760416666667,133.5760416666667,133.5760416666667,133.5760416666667,133.5760416666667,132.83640032143444,0.9802331284342535,140.0,running,2021-09-01,133.5760416666667
2021-09-07 08:00:00,172.55972222222223,172.55972222222223,172.55972222222223,172.55972222222223,172.55972222222223,172.5596812198051,0.9934160681125844,173.0,running,2021-09-01,172.55972222222223
2021-09-07 09:00:00,173.77222222222227,173.77222222222227,173.77222222222227,173.77222222222227,173.77222222222227,172.50488602099054,0.9945376043614935,170.0,running,2021-09-01,173.77222222222227
2021-09-07 10:00:00,165.98472222222216,165.98472222222216,165.98472222222216,165.98472222222216,165.98472222222216,165.54147882949886,0.9919707868617457,164.0,running,2021-09-01,165.98472222222216
2021-09-07 11:00:00,173.64097222222227,173.64097222222227,173.64097222222227,173.64097222222227,173.64097222222227,173.95099801404268,0.9946608324165027,174.0,running,2021-09-01,173.64097222222227
2021-09-07 12:00:00,110.2020833333333,110.2020833333333,110.2020833333333,110.2020833333333,110.2020833333333,110.30191361494988,0.9393017300795877,116.0,running,2021-09-01,110.2020833333333
2021-09-07 13:00:00,170.47916666666666,170.47916666666666,170.47916666666666,170.47916666666666,170.47916666666666,170.9420872074833,0.9943071921884394,181.0,running,2021-09-01,170.47916666666666
2021-09-07 14:00:00,169.55972222222223,169.55972222222223,169.55972222222223,169.55972222222223,169.55972222222223,169.3606699429422,0.9922419876535803,182.0,running,2021-09-01,169.55972222222223
2021-09-07 15:00:00,169.4638888888889,169.4638888888889,169.4638888888889,169.4638888888889,169.4638888888889,168.75837886270682,0.9939031037031758,166.0,running,2021-09-01,169.4638888888889
2021-09-07 16:00:00,164.78680555555553,164.78680555555553,164.78680555555553,164.78680555555553,164.78680555555553,164.76686880833023,0.9948287387970225,160.0,running,2021-09-01,164.78680555555553
2021-09-07 17:00:00,131.82847222222222,131.82847222222222,131.82847222222222,131.82847222222222,131.82847222222222,131.88219825758148,0.9765271599557108,135.0,running,2021-09-01,131.82847222222222
2021-09-07 18:00:00,156.01180555555558,156.01180555555558,156.01180555555558,156.01180555555558,156.01180555555558,156.33706348029233,0.994348343660031,156.0,running,2021-09-01,156.01180555555558
2021-09-07 19:00:00,146.1402777777778,146.1402777777778,146.1402777777778,146.1402777777778,146.1402777777778,147.0808213351501,0.9925895575891883,152.0,running,2021-09-01,146.1402777777778
2021-09-07 20:00:00,134.65833333333336,134.65833333333336,134.65833333333336,134.65833333333336,134.65833333333336,135.5702335011205,0.9822593336917372,134.0,running,2021-09-01,134.65833333333336
2021-09-07 21:00:00,129.49027777777778,129.49027777777778,129.49027777777778,129.49027777777778,129.49027777777778,130.34705132625965,0.9884482403382603,131.0,running,2021-09-01,129.49027777777778
2021-09-07 22:00:00,119.40625000000001,119.40625000000001,119.40625000000001,119.40625000000001,119.40625000000001,118.51486964719537,0.9753916495794465,115.0,running,2021-09-01,119.40625000000001
2021-09-07 23:00:00,107.90902777777778,107.90902777777778,107.90902777777778,107.90902777777778,107.90902777777778,108.83248792172685,0.9659163770550704,111.0,running,2021-09-01,107.90902777777778
2021-09-08 00:00:00,73.53958333333335,73.53958333333335,73.53958333333335,73.53958333333335,73.53958333333335,73.23979866998057,0.8470481397302555,72.0,shutdown,2021-09-01,73.53958333333335
2021-09-08 01:00:00,107.03611111111108,107.03611111111108,107.03611111111108,107.03611111111108,107.03611111111108,108.68749546998575,0.9521520831538574,110.0,startup,2021-09-01,107.03611111111108
2021-09-08 02:00:00,111.07013888888886,111.07013888888886,111.07013888888886,111.07013888888886,111.07013888888886,110.34942586279558,0.9729287246685296,118.0,running,2021-09-01,111.07013888888886
2021-09-08 03:00:00,111.12291666666667,111.12291666666667,111.12291666666667,111.12291666666667,111.12291666666667,110.56982027290253,0.9745107210893709,112.0,running,2021-09-01,111.12291666666667
2021-09-08 04:00:00,111.80624999999999,111.80624999999999,111.80624999999999,111.80624999999999,111.80624999999999,111.87177218487123,0.9705928415992741,113.0,running,2021-09-01,111.80624999999999
2021-09-08 05:00:00,96.3638888888889,96.3638888888889,96.3638888888889,96.3638888888889,96.3638888888889,96.11316588541058,0.958266848910053,97.0,running,2021-09-01,96.3638888888889
2021-09-08 06:00:00,111.92916666666669,111.92916666666669,111.92916666666669,111.92916666666669,111.92916666666669,111.64481099957875,0.9796141210039538,118.0,running,2021-09-01,111.92916666666669
2021-09-08 07:00:00,137.24375,137.24375,137.24375,137.24375,137.24375,136.32629861249225,0.9857075958867887,135.0,running,2021-09-01,137.24375
2021-09-08 08:00:00,172.03541666666663,172.03541666666663,172.03541666666663,172.03541666666663,172.03541666666663,171.44913033149254,0.9939790149798408,171.0,running,2021-09-01,172.03541666666663
2021-09-08 09:00:00,171.41388888888883,171.41388888888883,171.41388888888883,171.41388888888883,171.41388888888883,171.20664892004547,0.9942213026657699,160.0,running,2021-09-01,171.41388888888883
2021-09-08 10:00:00,161.9701388888889,161.9701388888889,161.9701388888889,161.9701388888889,161.9701388888889,161.87688823570235,0.9909658313272534,152.0,running,2021-09-01,161.9701388888889
2021-09-08 11:00:00,172.12708333333333,172.12708333333333,172.12708333333333,172.12708333333333,172.12708333333333,170.66689644000755,0.992304414693816,156.0,running,2021-09-01,172.12708333333333
2021-09-08 12:00:00,109.52777777777776,109.52777777777776,109.52777777777776,109.52777777777776,109.52777777777776,109.21750852519153,0.9242861984877567,25.0,running,2021-09-01,109.52777777777776
2021-09-08 13:00:00,111.34166666666671,111.34166666666671,111.34166666666671,111.34166666666671,111.34166666666671,93.18267591874988,0.8994541155093551,152.0,running,2021-09-01,111.34166666666671
2021-09-08 14:00:00,162.40624999999997,162.40624999999997,162.40624999999997,162.40624999999997,162.40624999999997,167.76560426718558,0.9910837837296741,165.0,running,2021-09-01,162.40624999999997
2021-09-08 15:00:00,148.00000000000003,148.00000000000003,148.00000000000003,148.00000000000003,148.00000000000003,156.42674125913783,0.9923059040776708,165.0,running,2021-09-01,148.00000000000003
2021-09-08 16:00:00,157.78333333333336,157.78333333333336,157.78333333333336,157.78333333333336,157.78333333333336,161.35245440518744,0.9936906146217924,166.0,running,2021-09-01,157.78333333333336
2021-09-08 17:00:00,134.54305555555553,134.54305555555553,134.54305555555553,134.54305555555553,134.54305555555553,135.64170743476112,0.9897363224616597,144.0,running,2021-09-01,134.54305555555553
2021-09-08 18:00:00,160.59375,160.59375,160.59375,160.59375,160.59375,160.9451707386774,0.9909142346755353,164.0,running,2021-09-01,160.59375
2021-09-08 19:00:00,147.36111111111114,147.36111111111114,147.36111111111114,147.36111111111114,147.36111111111114,147.04878328599963,0.9925594294746256,150.0,running,2021-09-01,147.36111111111114
2021-09-08 20:00:00,115.51180555555555,115.51180555555555,115.51180555555555,115.51180555555555,115.51180555555555,115.0192019169979,0.9691856254280172,103.0,running,2021-09-01,115.51180555555555
2021-09-08 21:00:00,111.14513888888891,111.14513888888891,111.14513888888891,111.14513888888891,111.14513888888891,110.83357516376518,0.9826436403123597,122.0,running,2021-09-01,111.14513888888891
2021-09-08 22:00:00,113.14305555555555,113.14305555555555,113.14305555555555,113.14305555555555,113.14305555555555,113.22471273366612,0.9708182828513678,106.0,running,2021-09-01,113.14305555555555
2021-09-08 23:00:00,102.56111111111113,102.56111111111113,102.56111111111113,102.56111111111113,102.56111111111113,103.17600379117756,0.9251022064421355,101.0,running,2021-09-01,102.56111111111113
2021-09-09 00:00:00,70.67569444444442,70.67569444444442,70.67569444444442,70.67569444444442,70.67569444444442,70.53787921465388,0.7157730347109426,72.0,shutdown,2021-09-01,70.67569444444442
2021-09-09 01:00:00,106.92499999999997,106.92499999999997,106.92499999999997,106.92499999999997,106.92499999999997,107.11969226916315,0.9673215114915508,97.0,startup,2021-09-01,106.92499999999997
2021-09-09 02:00:00,105.04930555555553,105.04930555555553,105.04930555555553,105.04930555555553,105.04930555555553,106.51562098360026,0.9563177419733676,110.0,running,2021-09-01,105.04930555555553
2021-09-09 03:00:00,106.2701388888889,106.2701388888889,106.2701388888889,106.2701388888889,106.2701388888889,106.61299838961506,0.9757097976595174,109.0,running,2021-09-01,106.2701388888889
2021-09-09 04:00:00,108.59305555555555,108.59305555555555,108.59305555555555,108.59305555555555,108.59305555555555,108.45891360658035,0.9582822022247852,107.0,running,2021-09-01,108.59305555555555
2021-09-09 05:00:00,91.3902777777778,91.3902777777778,91.3902777777778,91.3902777777778,91.3902777777778,91.30109763407243,0.9371882728723557,92.0,running,2021-09-01,91.3902777777778
2021-09-09 06:00:00,109.26666666666665,109.26666666666665,109.26666666666665,109.26666666666665,109.26666666666665,109.76745913078204,0.9550320077135058,119.0,running,2021-09-01,109.26666666666665
2021-09-09 07:00:00,133.77361111111117,133.77361111111117,133.77361111111117,133.77361111111117,133.77361111111117,134.75903341911803,0.9947165080370752,139.0,running,2021-09-01,133.77361111111117
2021-09-09 08:00:00,170.50694444444449,170.50694444444449,170.50694444444449,170.50694444444449,170.50694444444449,169.76091557054008,0.9872519801717667,172.0,running,2021-09-01,170.50694444444449
2021-09-09 09:00:00,171.09861111111115,171.09861111111115,171.09861111111115,171.09861111111115,171.09861111111115,172.62171783562954,0.9942115458019556,170.0,running,2021-09-01,171.09861111111115
2021-09-09 10:00:00,161.66805555555555,161.66805555555555,161.66805555555555,161.66805555555555,161.66805555555555,163.37347693894742,0.9918431163383493,155.0,running,2021-09-01,161.66805555555555
2021-09-09 11:00:00,169.44513888888892,169.44513888888892,169.44513888888892,169.44513888888892,169.44513888888892,170.5422636637188,0.9943644822582716,174.0,running,2021-09-01,169.44513888888892
2021-09-09 12:00:00,109.67083333333329,109.67083333333329,109.67083333333329,109.67083333333329,109.67083333333329,110.01037415251928,0.8125667456531361,111.0,running,2021-09-01,109.67083333333329
2021-09-09 13:00:00,168.8604166666666,168.8604166666666,168.8604166666666,168.8604166666666,168.8604166666666,169.1113010035508,0.9945272691444903,171.0,running,2021-09-01,168.8604166666666
2021-09-09 14:00:00,170.73749999999993,170.73749999999993,170.73749999999993,170.73749999999993,170.73749999999993,172.21387734007996,0.9928930208822223,165.0,running,2021-09-01,170.73749999999993
2021-09-09 15:00:00,158.96527777777777,158.96527777777777,158.96527777777777,158.96527777777777,158.96527777777777,158.30183233055163,0.9927093969182601,173.0,running,2021-09-01,158.96527777777777
2021-09-09 16:00:00,165.7444444444444,165.7444444444444,165.7444444444444,165.7444444444444,165.7444444444444,165.0873501948404,0.9911554893591058,160.0,running,2021-09-01,165.7444444444444
2021-09-09 17:00:00,139.4027777777778,139.4027777777778,139.4027777777778,139.4027777777778,139.4027777777778,138.80244249189306,0.9911612831956669,140.0,running,2021-09-01,139.4027777777778
2021-09-09 18:00:00,158.375,158.375,158.375,158.375,158.375,157.14873879067733,0.9910134275501215,162.0,running,2021-09-01,158.375
2021-09-09 19:00:00,153.20625000000004,153.20625000000004,153.20625000000004,153.20625000000004,153.20625000000004,151.71778139157274,0.9910729003716047,142.0,running,2021-09-01,153.20625000000004
2021-09-09 20:00:00,119.30416666666672,119.30416666666672,119.30416666666672,119.30416666666672,119.30416666666672,119.98832600166848,0.9594046024276558,128.0,running,2021-09-01,119.30416666666672
2021-09-09 21:00:00,124.21319444444444,124.21319444444444,124.21319444444444,124.21319444444444,124.21319444444444,125.2985804132493,0.9802139288311655,128.0,running,2021-09-01,124.21319444444444
2021-09-09 22:00:00,117.47847222222222,117.47847222222222,117.47847222222222,117.47847222222222,117.47847222222222,117.27400852793477,0.9574977522529362,109.0,running,2021-09-01,117.47847222222222
2021-09-09 23:00:00,103.43541666666665,103.43541666666665,103.43541666666665,103.43541666666665,103.43541666666665,103.43327486232681,0.9188982713725319,109.0,running,2021-09-01,103.43541666666665
2021-09-10 00:00:00,72.6513888888889,72.6513888888889,72.6513888888889,72.6513888888889,72.6513888888889,72.17214202825318,0.8450034667826498,77.0,shutdown,2021-09-01,72.6513888888889
2021-09-10 01:00:00,105.06874999999998,105.06874999999998,105.06874999999998,105.06874999999998,105.06874999999998,104.51904650525266,0.9545183326941198,102.0,startup,2021-09-01,105.06874999999998
2021-09-10 02:00:00,109.02847222222223,109.02847222222223,109.02847222222223,109.02847222222223,109.02847222222223,108.9054264489973,0.9696668477298165,112.0,running,2021-09-01,109.02847222222223
2021-09-10 03:00:00,102.01180555555555,102.01180555555555,102.01180555555555,102.01180555555555,102.01180555555555,102.30624915003848,0.9613866335441248,106.0,running,2021-09-01,102.01180555555555
2021-09-10 04:00:00,107.36180555555556,107.36180555555556,107.36180555555556,107.36180555555556,107.36180555555556,107.17275429834329,0.9620967467808206,108.0,running,2021-09-01,107.36180555555556
2021-09-10 05:00:00,91.07708333333335,91.07708333333335,91.07708333333335,91.07708333333335,91.07708333333335,90.80852771222884,0.9341440554175172,92.0,running,2021-09-01,91.07708333333335
2021-09-10 06:00:00,109.87499999999997,109.87499999999997,109.87499999999997,109.87499999999997,109.87499999999997,110.25794619824114,0.9798957991527689,111.0,running,2021-09-01,109.87499999999997
2021-09-10 07:00:00,130.7986111111111,130.7986111111111,130.7986111111111,130.7986111111111,130.7986111111111,130.30446506527187,0.9942261043916376,132.0,running,2021-09-01,130.7986111111111
2021-09-10 08:00:00,174.8763888888889,174.8763888888889,174.8763888888889,174.8763888888889,174.8763888888889,174.72010699199907,0.9856691941789035,180.0,running,2021-09-01,174.8763888888889
2021-09-10 09:00:00,177.48055555555564,177.48055555555564,177.48055555555564,177.48055555555564,177.48055555555564,177.28106843568784,0.9935656350597212,184.0,running,2021-09-01,177.48055555555564
2021-09-10 10:00:00,175.82638888888886,175.82638888888886,175.82638888888886,175.82638888888886,175.82638888888886,176.47201021258678,0.9923442414382031,168.0,running,2021-09-01,175.82638888888886
2021-09-10 11:00:00,175.8277777777778,175.8277777777778,175.8277777777778,175.8277777777778,175.8277777777778,174.9198598174365,0.9914094111372332,181.0,running,2021-09-01,175.8277777777778
2021-09-10 12:00:00,113.15069444444447,113.15069444444447,113.15069444444447,113.15069444444447,113.15069444444447,113.36724314862406,0.8048878865751585,116.0,running,2021-09-01,113.15069444444447
2021-09-10 13:00:00,175.51805555555555,175.51805555555555,175.51805555555555,175.51805555555555,175.51805555555555,175.96756340100035,0.9939805544049327,180.0,running,2021-09-01,175.51805555555555
2021-09-10 14:00:00,178.40625000000006,178.40625000000006,178.40625000000006,178.40625000000006,178.40625000000006,178.63191367647488,0.9914505410448007,178.0,running,2021-09-01,178.40625000000006
2021-09-10 15:00:00,165.7527777777778,165.7527777777778,165.7527777777778,165.7527777777778,165.7527777777778,165.63317236926682,0.9913057825231513,171.0,running,2021-09-01,165.7527777777778
2021-09-10 16:00:00,169.95416666666662,169.95416666666662,169.95416666666662,169.95416666666662,169.95416666666662,168.83817369770435,0.9927032664869346,164.0,running,2021-09-01,169.95416666666662
2021-09-10 17:00:00,143.20416666666668,143.20416666666668,143.20416666666668,143.20416666666668,143.20416666666668,142.79073727306675,0.9880106764611065,138.0,running,2021-09-01,143.20416666666668
2021-09-10 18:00:00,155.9145833333333,155.9145833333333,155.9145833333333,155.9145833333333,155.9145833333333,156.11546720847065,0.9930532427379131,155.0,running,2021-09-01,155.9145833333333
2021-09-10 19:00:00,144.76666666666668,144.76666666666668,144.76666666666668,144.76666666666668,144.76666666666668,144.8321861019169,0.9937217841965551,142.0,running,2021-09-01,144.76666666666668
2021-09-10 20:00:00,122.30694444444445,122.30694444444445,122.30694444444445,122.30694444444445,122.30694444444445,121.15546237472967,0.9211832010996379,116.0,running,2021-09-01,122.30694444444445
2021-09-10 21:00:00,116.52847222222225,116.52847222222225,116.52847222222225,116.52847222222225,116.52847222222225,116.66926258888569,0.9676389628368549,117.0,running,2021-09-01,116.52847222222225
2021-09-10 22:00:00,108.34999999999998,108.34999999999998,108.34999999999998,108.34999999999998,108.34999999999998,107.40328028291202,0.9006257125454814,102.0,running,2021-09-01,108.34999999999998
2021-09-10 23:00:00,101.08125,101.08125,101.08125,101.08125,101.08125,102.24701732358248,0.9036586074726305,88.0,running,2021-09-01,101.08125
2021-09-11 00:00:00,65.17708333333333,65.17708333333333,65.17708333333333,65.17708333333333,65.17708333333333,63.194307383875824,0.6108993258859831,61.0,shutdown,2021-09-01,65.17708333333333
2021-09-11 01:00:00,97.48888888888892,97.48888888888892,97.48888888888892,97.48888888888892,97.48888888888892,99.32472683633065,0.9472662838525339,97.0,startup,2021-09-01,97.48888888888892
2021-09-11 02:00:00,104.57083333333335,104.57083333333335,104.57083333333335,104.57083333333335,104.57083333333335,105.60351144255652,0.9535113966647425,95.0,running,2021-09-01,104.57083333333335
2021-09-11 03:00:00,98.92222222222223,98.92222222222223,98.92222222222223,98.92222222222223,98.92222222222223,99.82691699384804,0.8528787112873686,94.0,shutdown,2021-09-01,98.92222222222223
2021-09-11 04:00:00,103.74791666666668,103.74791666666668,103.74791666666668,103.74791666666668,103.74791666666668,103.55236218583883,0.9149553076676478,89.0,startup,2021-09-01,103.74791666666668
2021-09-11 05:00:00,82.77708333333331,82.77708333333331,82.77708333333331,82.77708333333331,82.77708333333331,84.91037016484623,0.6964513235439331,82.0,running,2021-09-01,82.77708333333331
2021-09-11 06:00:00,100.29513888888884,100.29513888888884,100.29513888888884,100.29513888888884,100.29513888888884,101.9671870402669,0.9407800076969213,86.0,running,2021-09-01,100.29513888888884
2021-09-11 07:00:00,62.94791666666667,62.94791666666667,62.94791666666667,62.94791666666667,62.94791666666667,61.57152184679185,0.9600243396258407,51.0,running,2021-09-01,62.94791666666667
2021-09-11 08:00:00,31.502777777777787,31.502777777777787,31.502777777777787,31.502777777777787,31.502777777777787,31.701629841766703,0.1020286862113941,23.0,shutdown,2021-09-01,31.502777777777787
2021-09-11 09:00:00,25.577083333333327,25.577083333333327,25.577083333333327,25.577083333333327,25.577083333333327,25.268181701321016,0.06265064099489118,23.0,idle,2021-09-01,25.577083333333327
2021-09-11 10:00:00,25.330555555555556,25.330555555555556,25.330555555555556,25.330555555555556,25.330555555555556,25.48112550214609,0.010356832400726403,22.0,idle,2021-09-01,25.330555555555556
2021-09-11 11:00:00,25.15000000000001,25.15000000000001,25.15000000000001,25.15000000000001,25.15000000000001,23.930154085103464,0.00563061510570827,23.0,idle,2021-09-01,25.15000000000001
2021-09-11 12:00:00,26.51666666666667,26.51666666666667,26.51666666666667,26.51666666666667,26.51666666666667,25.57175633884166,0.0030208005389586825,25.0,idle,2021-09-01,26.51666666666667
2021-09-11 13:00:00,29.081250000000004,29.081250000000004,29.081250000000004,29.081250000000004,29.081250000000004,27.540932726913898,0.003686965987803792,23.0,idle,2021-09-01,29.081250000000004
2021-09-11 14:00:00,23.0,25.831944444444446,23.0,23.0,23.01023201574711,24.947102734784938,0.0036130707885829614,23.0,idle,2021-09-01,23.0
2021-09-11 15:00:00,23.0,27.439583333333328,23.0,23.0,23.015015691412117,25.716626682908284,0.0033822298816590006,24.0,idle,2021-09-01,23.0
2021-09-11 16:00:00,24.0,28.38541666666667,24.0,24.0,24.014379642520208,26.761329481727525,0.003278968365653279,24.0,idle,2021-09-01,24.0
2021-09-11 17:00:00,24.0,27.68472222222223,24.0,24.0,24.01155441425626,26.172003417390513,0.0031357626326829692,23.0,idle,2021-09-01,24.0
2021-09-11 18:00:00,23.0,25.12118055555555,23.0,23.0,23.008011661350885,24.33680019359745,0.0037769822705102573,23.0,idle,2021-09-01,23.0
2021-09-11 19:00:00,23.0,24.924999999999997,23.0,23.0,23.00634684640869,24.582319662393466,0.003297063069449032,25.0,idle,2021-09-01,23.0
2021-09-11 20:00:00,25.0,24.385763888888892,25.0,25.0,24.99807390135513,24.246400252086286,0.0031357626326829692,23.0,idle,2021-09-01,25.0
2021-09-11 21:00:00,23.0,23.915972222222216,23.0,23.0,23.003556166957903,24.159331629520235,0.003882396072313738,23.0,idle,2021-09-01,23.0
2021-09-11 22:00:00,23.0,24.76076388888889,23.0,23.0,23.006754436566208,24.46535455745628,0.003836083082365209,23.0,idle,2021-09-01,23.0
2021-09-11 23:00:00,23.0,25.06597222222222,23.0,23.0,23.008850186827544,24.61030313072844,0.004283787909802739,23.0,idle,2021-09-01,23.0
2021-09-12 00:00:00,23.0,24.54236111111111,23.0,23.0,23.012727958638454,24.029787932727583,0.008252255938483888,23.0,idle,2021-09-01,23.0
2021-09-12 01:00:00,23.0,24.352777777777778,23.0,23.0,23.008501802000062,23.800700470549742,0.006284699630437741,23.0,idle,2021-09-01,23.0
2021-09-12 02:00:00,23.0,24.06527777777778,23.0,23.0,23.00430140571161,24.199561920607294,0.00403782543984613,24.0,idle,2021-09-01,23.0
2021-09-12 03:00:00,24.0,23.426388888888887,24.0,24.0,23.997407903800767,23.433128505153864,0.004518908628206233,23.0,idle,2021-09-01,24.0
2021-09-12 04:00:00,23.0,22.942361111111104,23.0,23.0,22.999741740277415,23.041792803957968,0.004480650608701653,23.0,idle,2021-09-01,23.0
2021-09-12 05:00:00,23.0,23.962152777777778,23.0,23.0,23.004510298033157,24.22849749040797,0.004687715025438292,23.0,idle,2021-09-01,23.0
2021-09-12 06:00:00,23.0,23.82430555555555,23.0,23.0,23.00376408138607,23.846045649598526,0.004566366635168961,23.0,idle,2021-09-01,23.0
2021-09-12 07:00:00,23.0,26.944444444444446,23.0,23.0,23.017739954827913,26.16032411264018,0.0044974533366535984,23.0,idle,2021-09-01,23.0
2021-09-12 08:00:00,23.0,25.88298611111111,23.0,23.0,23.01052236593486,26.0071499512921,0.003649814993665125,25.0,idle,2021-09-01,23.0
2021-09-12 09:00:00,25.0,23.89166666666667,25.0,25.0,24.995894343665288,24.113903751968984,0.0037043515801928,23.0,idle,2021-09-01,25.0
2021-09-12 10:00:00,23.0,23.470833333333335,23.0,23.0,23.001461217221255,23.852475886616148,0.0031034702044357046,23.0,idle,2021-09-01,23.0
2021-09-12 11:00:00,23.0,24.500694444444445,23.0,23.0,23.004616387603885,24.22315748781763,0.0030761675842632267,23.0,idle,2021-09-01,23.0
2021-09-12 12:00:00,23.0,24.269444444444442,23.0,23.0,23.003780915157012,24.246223661061844,0.002978401436595821,23.0,idle,2021-09-01,23.0
2021-09-12 13:00:00,23.0,24.25138888888888,23.0,23.0,23.00388364813083,24.175627942759526,0.0031034702044357046,23.0,idle,2021-09-01,23.0
2021-09-12 14:00:00,23.0,24.814583333333335,23.0,23.0,23.005647058561227,24.558260689268096,0.003112041457391224,25.0,idle,2021-09-01,23.0
2021-09-12 15:00:00,25.0,24.74027777777778,25.0,25.0,24.99903524201968,23.8300593555694,0.00371457618090645,23.0,idle,2021-09-01,25.0
2021-09-12 16:00:00,23.0,24.392708333333328,23.0,23.0,23.004487473984632,23.952340541278254,0.003222120437731024,24.0,idle,2021-09-01,23.0
2021-09-12 17:00:00,24.0,25.810069444444444,24.0,24.0,24.005832261750655,24.99614359273567,0.003222120437731024,23.0,idle,2021-09-01,24.0
2021-09-12 18:00:00,23.0,24.102083333333333,23.0,23.0,23.003420282787808,24.002596684589598,0.0031034702044357046,23.0,idle,2021-09-01,23.0
2021-09-12 19:00:00,23.0,25.029166666666676,23.0,23.0,23.00599049740038,24.76364277486976,0.0029521958441304907,23.0,idle,2021-09-01,23.0
2021-09-12 20:00:00,23.0,25.004513888888894,23.0,23.0,23.00623813032414,24.956152151854578,0.003112041457391224,23.0,idle,2021-09-01,23.0
2021-09-12 21:00:00,23.0,25.586458333333336,23.0,23.0,23.00804916556115,25.063038251052895,0.003112041457391224,25.0,idle,2021-09-01,23.0
2021-09-12 22:00:00,25.0,25.16930555555555,25.0,25.0,25.00065112982653,23.833953836691958,0.00384588576784019,23.0,idle,2021-09-01,25.0
2021-09-12 23:00:00,23.0,24.68819444444444,23.0,23.0,23.00543956582231,24.082030373615076,0.003222120437731024,23.0,idle,2021-09-01,23.0
2021-09-13 00:00:00,23.0,29.95659722222222,23.0,23.0,23.083105915369373,28.502021949135216,0.011946345708200445,23.0,idle,2021-09-01,23.0
2021-09-13 01:00:00,23.0,29.91979166666665,23.0,23.0,23.056478407302677,28.207080138666754,0.00816186527330575,23.0,idle,2021-09-01,23.0
2021-09-13 02:00:00,23.0,30.092361111111096,23.0,23.0,23.040311410978624,28.526338602756034,0.005683778694724184,23.0,idle,2021-09-01,23.0
2021-09-13 03:00:00,23.0,30.100347222222204,23.0,23.0,23.04433958134588,28.70530860597518,0.006244706062699414,24.0,idle,2021-09-01,23.0
2021-09-13 04:00:00,24.0,30.104166666666668,24.0,24.0,24.038118726591062,29.578790576379188,0.006244706062699414,24.0,idle,2021-09-01,24.0
2021-09-13 05:00:00,24.0,30.47993055555555,24.0,24.0,24.039753903063858,29.007582870244438,0.00613492733032053,23.0,idle,2021-09-01,24.0
2021-09-13 06:00:00,23.0,29.302430555555553,23.0,23.0,23.037604708264347,28.457570941461025,0.005966699344461556,23.0,idle,2021-09-01,23.0
2021-09-13 07:00:00,23.0,61.626736111111164,23.0,23.0,24.664352146737397,58.40261069093732,0.04308808649920168,63.0,startup,2021-09-01,23.0
2021-09-13 08:00:00,179.4541666666666,179.4541666666666,179.4541666666666,179.4541666666666,179.4541666666666,178.03643976257112,0.9869911407570117,185.0,running,2021-09-01,179.4541666666666
2021-09-13 09:00:00,181.71805555555554,181.71805555555554,181.71805555555554,181.71805555555554,181.71805555555554,181.8828392887303,0.9891646344158562,183.0,running,2021-09-01,181.71805555555554
2021-09-13 10:00:00,167.6083333333333,167.6083333333333,167.6083333333333,167.6083333333333,167.6083333333333,168.03642095788953,0.9819085987859383,177.0,running,2021-09-01,167.6083333333333
2021-09-13 11:00:00,177.99027777777778,177.99027777777778,177.99027777777778,177.99027777777778,177.99027777777778,179.00585990701254,0.9845773323518239,182.0,running,2021-09-01,177.99027777777778
2021-09-13 12:00:00,115.88888888888889,115.88888888888889,115.88888888888889,115.88888888888889,115.88888888888889,115.18384804204757,0.8388064127187623,117.0,running,2021-09-01,115.88888888888889
2021-09-13 13:00:00,177.5236111111111,177.5236111111111,177.5236111111111,177.5236111111111,177.5236111111111,177.73739033917676,0.9851005557207988,184.0,running,2021-09-01,177.5236111111111
2021-09-13 14:00:00,177.96944444444443,177.96944444444443,177.96944444444443,177.96944444444443,177.96944444444443,177.95433790263283,0.9856107019080447,180.0,running,2021-09-01,177.96944444444443
2021-09-13 15:00:00,170.06597222222223,170.06597222222223,170.06597222222223,170.06597222222223,170.06597222222223,170.30504043355893,0.9878986700487363,168.0,running,2021-09-01,170.06597222222223
2021-09-13 16:00:00,160.84236111111107,160.84236111111107,160.84236111111107,160.84236111111107,160.84236111111107,161.19418214874972,0.9799654787667681,175.0,running,2021-09-01,160.84236111111107
2021-09-13 17:00:00,144.34097222222223,144.34097222222223,144.34097222222223,144.34097222222223,144.34097222222223,143.45907388002803,0.9860815486718909,132.0,running,2021-09-01,144.34097222222223
2021-09-13 18:00:00,157.36493055555553,157.36493055555553,157.36493055555553,157.36493055555553,157.36493055555553,156.35577526733778,0.9895062951241012,145.0,running,2021-09-01,157.36493055555553
2021-09-13 19:00:00,129.0788194444445,129.0788194444445,129.0788194444445,129.0788194444445,129.0788194444445,131.19260271917184,0.9740100984546731,148.0,running,2021-09-01,129.0788194444445
2021-09-13 20:00:00,118.38124999999998,118.38124999999998,118.38124999999998,118.38124999999998,118.38124999999998,118.74483931384128,0.9159080174645355,121.0,running,2021-09-01,118.38124999999998
2021-09-13 21:00:00,121.0729166666666,121.0729166666666,121.0729166666666,121.0729166666666,121.0729166666666,121.79194886945871,0.9544783324310946,123.0,running,2021-09-01,121.0729166666666
2021-09-13 22:00:00,109.16076388888888,109.16076388888888,109.16076388888888,109.16076388888888,109.16076388888888,109.43307512088505,0.9404331411581422,110.0,running,2021-09-01,109.16076388888888
2021-09-13 23:00:00,104.07569444444441,104.07569444444441,104.07569444444441,104.07569444444441,104.07569444444441,104.25779786441556,0.9061166754037773,108.0,running,2021-09-01,104.07569444444441
2021-09-14 00:00:00,71.08125000000001,71.08125000000001,71.08125000000001,71.08125000000001,71.08125000000001,70.95784875212212,0.663710785077606,70.0,running,2021-09-01,71.08125000000001
2021-09-14 01:00:00,104.04305555555553,104.04305555555553,104.04305555555553,104.04305555555553,104.04305555555553,104.7000345189996,0.9356941368831504,110.0,running,2021-09-01,104.04305555555553
2021-09-14 02:00:00,109.66597222222224,109.66597222222224,109.66597222222224,109.66597222222224,109.66597222222224,110.05013271726223,0.9666286874253152,112.0,running,2021-09-01,109.66597222222224
2021-09-14 03:00:00,103.85729166666667,103.85729166666667,103.85729166666667,103.85729166666667,103.85729166666667,104.68007905233168,0.9238582440095163,105.0,running,2021-09-01,103.85729166666667
2021-09-14 04:00:00,107.44305555555557,107.44305555555557,107.44305555555557,107.44305555555557,107.44305555555557,106.92414297905182,0.9625660356564294,111.0,running,2021-09-01,107.44305555555557
2021-09-14 05:00:00,93.42986111111112,93.42986111111112,93.42986111111112,93.42986111111112,93.42986111111112,94.14173264277568,0.9367987691118923,93.0,running,2021-09-01,93.42986111111112
2021-09-14 06:00:00,112.50902777777779,112.50902777777779,112.50902777777779,112.50902777777779,112.50902777777779,111.24889479717247,0.9675637548483221,108.0,running,2021-09-01,112.50902777777779
2021-09-14 07:00:00,130.59583333333336,130.59583333333336,130.59583333333336,130.59583333333336,130.59583333333336,132.1425378002725,0.986635171824899,140.0,running,2021-09-01,130.59583333333336
2021-09-14 08:00:00,179.62291666666664,179.62291666666664,179.62291666666664,179.62291666666664,179.62291666666664,179.82466264564547,0.9944676886349954,174.0,running,2021-09-01,179.62291666666664
2021-09-14 09:00:00,172.14999999999998,172.14999999999998,172.14999999999998,172.14999999999998,172.14999999999998,172.49426384142262,0.9937782857244087,166.0,running,2021-09-01,172.14999999999998
2021-09-14 10:00:00,172.76875,172.76875,172.76875,172.76875,172.76875,173.23300458215178,0.9943043166575198,152.0,running,2021-09-01,172.76875
2021-09-14 11:00:00,168.95347222222225,168.95347222222225,168.95347222222225,168.95347222222225,168.95347222222225,167.5698756063528,0.9932736553624989,170.0,running,2021-09-01,168.95347222222225
2021-09-14 12:00:00,108.85763888888887,108.85763888888887,108.85763888888887,108.85763888888887,108.85763888888887,108.98270489817035,0.941706014634446,118.0,running,2021-09-01,108.85763888888887
2021-09-14 13:00:00,172.0965277777777,172.0965277777777,172.0965277777777,172.0965277777777,172.0965277777777,172.50188872597687,0.9933391182847786,163.0,running,2021-09-01,172.0965277777777
2021-09-14 14:00:00,171.59166666666667,171.59166666666667,171.59166666666667,171.59166666666667,171.59166666666667,170.54168137956404,0.995058421021645,158.0,running,2021-09-01,171.59166666666667
2021-09-14 15:00:00,155.4520833333334,155.4520833333334,155.4520833333334,155.4520833333334,155.4520833333334,155.97897782475198,0.9952037601264621,161.0,running,2021-09-01,155.4520833333334
2021-09-14 16:00:00,161.78819444444446,161.78819444444446,161.78819444444446,161.78819444444446,161.78819444444446,163.1749454404021,0.994037038389,160.0,running,2021-09-01,161.78819444444446
2021-09-14 17:00:00,130.01180555555555,130.01180555555555,130.01180555555555,130.01180555555555,130.01180555555555,129.85842975284473,0.9897364310442122,123.0,running,2021-09-01,130.01180555555555
2021-09-14 18:00:00,149.98402777777775,149.98402777777775,149.98402777777775,149.98402777777775,149.98402777777775,148.5617023458168,0.994298705466366,158.0,running,2021-09-01,149.98402777777775
2021-09-14 19:00:00,150.55486111111114,150.55486111111114,150.55486111111114,150.55486111111114,150.55486111111114,151.40679128024163,0.9943432255312918,153.0,running,2021-09-01,150.55486111111114
2021-09-14 20:00:00,130.68402777777777,130.68402777777777,130.68402777777777,130.68402777777777,130.68402777777777,130.15846692687805,0.9818653613771916,128.0,running,2021-09-01,130.68402777777777
2021-09-14 21:00:00,123.4340277777778,123.4340277777778,123.4340277777778,123.4340277777778,123.4340277777778,124.72176341090965,0.986086791895792,128.0,running,2021-09-01,123.4340277777778
2021-09-14 22:00:00,115.75486111111108,115.75486111111108,115.75486111111108,115.75486111111108,115.75486111111108,115.5901454871264,0.9820278614130651,111.0,running,2021-09-01,115.75486111111108
2021-09-14 23:00:00,106.15069444444444,106.15069444444444,106.15069444444444,106.15069444444444,106.15069444444444,106.87996997440591,0.9798932283788595,110.0,running,2021-09-01,106.15069444444444
